id,age,income,gender,city,target
1000,,6000.0,여,부산,0
1001,50.0,3000.0,nan,부산,0
1002,40.0,6000.0,여,서울,1
1003,50.0,,남,부산,0
1004,50.0,5000.0,여,부산,0
1005,30.0,6000.0,여,서울,0
1006,40.0,4000.0,여,대구,0
1007,40.0,3000.0,남,부산,0
1008,40.0,4000.0,nan,대구,0
1009,50.0,4000.0,nan,부산,0
1010,,6000.0,nan,대구,0
1011,40.0,3000.0,nan,부산,0
1012,50.0,5000.0,남,대구,1
1013,30.0,4000.0,여,대구,0
1014,,3000.0,nan,부산,0
1015,30.0,5000.0,nan,대구,0
1016,,4000.0,남,서울,0
1017,50.0,3000.0,여,서울,0
1018,20.0,6000.0,여,서울,1
1019,,4000.0,nan,대구,1
1020,30.0,4000.0,nan,부산,0
1021,50.0,3000.0,여,대구,0
1022,,4000.0,남,부산,0
1023,20.0,5000.0,여,대구,0
1024,20.0,4000.0,여,부산,0
1025,40.0,,nan,대구,0
1026,40.0,5000.0,남,대구,0
1027,30.0,3000.0,남,서울,0
1028,,5000.0,남,대구,0
1029,,,nan,서울,1
1030,40.0,,남,부산,1
1031,,4000.0,남,부산,0
1032,,4000.0,nan,서울,0
1033,20.0,6000.0,여,대구,0
1034,40.0,5000.0,남,부산,1
1035,50.0,6000.0,여,대구,1
1036,40.0,,남,대구,1
1037,50.0,4000.0,여,대구,0
1038,20.0,4000.0,여,부산,0
1039,30.0,4000.0,nan,부산,0
1040,,3000.0,nan,대구,0
1041,20.0,,남,서울,0
1042,,4000.0,남,서울,0
1043,30.0,,nan,서울,1
1044,30.0,4000.0,남,대구,1
1045,20.0,5000.0,남,서울,0
1046,30.0,,nan,부산,1
1047,50.0,6000.0,여,서울,0
1048,30.0,3000.0,남,서울,1
1049,,6000.0,nan,대구,1
1050,,,남,부산,0
1051,,4000.0,남,부산,0
1052,,,nan,서울,0
1053,50.0,3000.0,nan,대구,1
1054,40.0,,남,대구,0
1055,20.0,4000.0,남,서울,1
1056,,6000.0,여,부산,0
1057,30.0,5000.0,여,부산,0
1058,,6000.0,nan,부산,1
1059,30.0,4000.0,남,대구,0
1060,30.0,4000.0,nan,서울,0
1061,,3000.0,nan,대구,0
1062,50.0,,남,부산,0
1063,30.0,,여,대구,0
1064,30.0,6000.0,nan,부산,0
1065,,5000.0,nan,서울,0
1066,30.0,5000.0,남,부산,1
1067,30.0,3000.0,여,서울,0
1068,,4000.0,여,대구,1
1069,,3000.0,남,대구,0
1070,20.0,,nan,대구,0
1071,50.0,4000.0,남,부산,0
1072,50.0,3000.0,남,서울,0
1073,30.0,6000.0,여,대구,0
1074,50.0,,nan,대구,0
1075,30.0,5000.0,nan,서울,1
1076,20.0,3000.0,여,부산,0
1077,,,nan,대구,0
1078,,,nan,부산,0
1079,,5000.0,남,부산,1
1080,50.0,5000.0,남,부산,0
1081,20.0,5000.0,남,대구,1
1082,50.0,3000.0,nan,대구,0
1083,50.0,5000.0,nan,서울,0
1084,20.0,6000.0,nan,서울,0
1085,20.0,,nan,부산,1
1086,20.0,5000.0,여,대구,0
1087,20.0,,여,부산,0
1088,,4000.0,nan,서울,0
1089,40.0,4000.0,남,부산,0
1090,40.0,5000.0,남,부산,0
1091,20.0,,여,대구,0
1092,40.0,4000.0,여,부산,0
1093,40.0,5000.0,nan,부산,1
1094,20.0,,nan,대구,0
1095,40.0,5000.0,nan,대구,0
1096,50.0,,nan,서울,0
1097,30.0,4000.0,nan,대구,1
1098,30.0,5000.0,남,부산,0
1099,20.0,4000.0,남,서울,0
1100,,5000.0,nan,서울,0
1101,20.0,3000.0,남,서울,0
1102,,4000.0,nan,서울,0
1103,30.0,4000.0,nan,부산,0
1104,20.0,6000.0,여,부산,0
1105,50.0,4000.0,남,부산,1
1106,40.0,,남,부산,1
1107,,5000.0,여,서울,0
1108,40.0,3000.0,남,부산,0
1109,40.0,,여,서울,1
1110,20.0,,남,대구,1
1111,40.0,,nan,부산,0
1112,50.0,,여,대구,0
1113,40.0,3000.0,nan,대구,1
1114,20.0,6000.0,nan,부산,0
1115,50.0,4000.0,남,서울,1
1116,30.0,,여,대구,0
1117,40.0,4000.0,nan,부산,0
1118,20.0,4000.0,nan,대구,0
1119,30.0,,여,대구,0
1120,30.0,6000.0,남,부산,0
1121,,4000.0,nan,대구,1
1122,50.0,5000.0,남,서울,0
1123,40.0,4000.0,여,서울,1
1124,20.0,,남,대구,0
1125,,3000.0,여,대구,0
1126,50.0,4000.0,남,부산,0
1127,,6000.0,남,서울,1
1128,50.0,5000.0,nan,대구,0
1129,50.0,5000.0,남,서울,0
1130,40.0,3000.0,nan,대구,1
1131,50.0,3000.0,여,부산,0
1132,,4000.0,여,부산,1
1133,50.0,,nan,서울,1
1134,40.0,6000.0,남,서울,0
1135,40.0,5000.0,여,대구,0
1136,,3000.0,여,대구,1
1137,30.0,6000.0,여,대구,0
1138,30.0,,nan,서울,0
1139,50.0,5000.0,여,부산,0
1140,20.0,5000.0,여,부산,0
1141,50.0,,여,서울,1
1142,,5000.0,여,부산,1
1143,,,nan,서울,1
1144,,5000.0,nan,대구,1
1145,,4000.0,남,서울,0
1146,,,여,부산,1
1147,40.0,6000.0,nan,서울,0
1148,30.0,4000.0,남,서울,0
1149,,6000.0,남,서울,1
1150,20.0,5000.0,여,서울,0
1151,20.0,6000.0,남,부산,1
1152,20.0,4000.0,nan,대구,0
1153,20.0,,남,부산,1
1154,40.0,3000.0,남,부산,0
1155,20.0,6000.0,nan,대구,0
1156,,3000.0,남,부산,0
1157,50.0,6000.0,남,대구,0
1158,20.0,6000.0,남,대구,0
1159,40.0,,남,서울,1
1160,40.0,5000.0,여,부산,0
1161,20.0,4000.0,여,대구,0
1162,50.0,4000.0,nan,부산,0
1163,20.0,4000.0,남,부산,0
1164,40.0,5000.0,nan,대구,0
1165,30.0,3000.0,여,서울,0
1166,,4000.0,남,대구,0
1167,40.0,3000.0,남,서울,1
1168,20.0,5000.0,여,대구,0
1169,,5000.0,남,대구,0
1170,20.0,,남,서울,0
1171,20.0,4000.0,여,서울,0
1172,30.0,,nan,부산,1
1173,,4000.0,nan,대구,0
1174,,5000.0,남,부산,0
1175,30.0,5000.0,여,부산,0
1176,40.0,6000.0,nan,서울,1
1177,20.0,6000.0,nan,서울,0
1178,50.0,5000.0,남,부산,0
1179,20.0,5000.0,nan,서울,0
1180,20.0,3000.0,여,대구,0
1181,40.0,3000.0,nan,서울,0
1182,20.0,,여,서울,1
1183,30.0,6000.0,여,대구,0
1184,30.0,6000.0,남,서울,1
1185,,5000.0,nan,부산,0
1186,50.0,5000.0,남,부산,0
1187,20.0,,nan,부산,1
1188,20.0,6000.0,남,서울,0
1189,40.0,3000.0,남,서울,0
1190,30.0,4000.0,남,서울,1
1191,50.0,,nan,부산,1
1192,,4000.0,남,서울,1
1193,30.0,3000.0,여,대구,1
1194,,3000.0,nan,서울,0
1195,40.0,4000.0,여,부산,0
1196,40.0,,남,대구,1
1197,20.0,4000.0,남,대구,1
1198,50.0,,여,부산,0
1199,,,남,대구,0
1200,30.0,5000.0,nan,대구,0
1201,40.0,6000.0,여,대구,0
1202,20.0,6000.0,nan,대구,0
1203,20.0,3000.0,nan,대구,1
1204,,5000.0,nan,서울,0
1205,40.0,6000.0,남,부산,0
1206,50.0,,남,부산,0
1207,40.0,,여,서울,0
1208,,4000.0,여,서울,0
1209,,4000.0,nan,부산,0
1210,40.0,,남,부산,0
1211,,,남,서울,0
1212,40.0,4000.0,남,서울,0
1213,30.0,6000.0,여,대구,0
1214,40.0,3000.0,남,서울,1
1215,40.0,4000.0,nan,서울,1
1216,,6000.0,nan,대구,1
1217,,6000.0,nan,대구,0
1218,20.0,6000.0,남,부산,0
1219,20.0,5000.0,nan,부산,0
1220,30.0,5000.0,nan,서울,1
1221,20.0,6000.0,여,대구,0
1222,40.0,,여,대구,1
1223,,5000.0,남,부산,0
1224,20.0,4000.0,남,부산,0
1225,20.0,5000.0,남,서울,0
1226,30.0,,남,대구,1
1227,30.0,3000.0,남,부산,0
1228,40.0,5000.0,여,서울,0
1229,,6000.0,여,서울,1
1230,30.0,6000.0,여,서울,0
1231,20.0,6000.0,nan,부산,0
1232,,3000.0,nan,부산,0
1233,,,여,부산,0
1234,20.0,4000.0,여,부산,0
1235,30.0,,남,부산,1
1236,20.0,3000.0,여,대구,0
1237,,6000.0,남,대구,1
1238,50.0,,여,대구,0
1239,50.0,4000.0,남,대구,0
1240,40.0,6000.0,여,서울,1
1241,20.0,4000.0,남,서울,0
1242,20.0,5000.0,nan,대구,1
1243,40.0,4000.0,nan,부산,1
1244,40.0,6000.0,남,대구,0
1245,40.0,5000.0,남,대구,0
1246,,6000.0,nan,서울,0
1247,20.0,6000.0,여,부산,1
1248,,5000.0,남,서울,0
1249,40.0,4000.0,여,부산,0
1250,20.0,3000.0,nan,서울,0
1251,,3000.0,nan,대구,0
1252,,3000.0,남,부산,0
1253,40.0,3000.0,여,서울,0
1254,20.0,,nan,대구,1
1255,40.0,3000.0,여,서울,0
1256,20.0,5000.0,nan,서울,0
1257,50.0,3000.0,남,서울,0
1258,30.0,6000.0,여,대구,1
1259,30.0,3000.0,여,부산,0
1260,30.0,4000.0,남,서울,0
1261,40.0,5000.0,남,대구,0
1262,50.0,5000.0,남,서울,0
1263,20.0,,남,부산,0
1264,,6000.0,nan,서울,0
1265,20.0,5000.0,여,대구,0
1266,,4000.0,nan,서울,0
1267,20.0,3000.0,남,서울,1
1268,50.0,5000.0,nan,부산,0
1269,,4000.0,nan,부산,1
1270,40.0,3000.0,여,부산,0
1271,20.0,,여,서울,1
1272,20.0,5000.0,여,대구,0
1273,,5000.0,남,서울,0
1274,40.0,4000.0,남,서울,1
1275,40.0,6000.0,여,서울,0
1276,50.0,,nan,서울,0
1277,40.0,6000.0,여,부산,1
1278,40.0,5000.0,남,부산,1
1279,40.0,6000.0,nan,부산,0
1280,30.0,3000.0,남,부산,0
1281,50.0,,여,대구,0
1282,20.0,6000.0,여,서울,1
1283,,3000.0,nan,서울,0
1284,20.0,4000.0,여,서울,1
1285,50.0,6000.0,남,대구,0
1286,,,남,대구,0
1287,50.0,3000.0,남,부산,0
1288,40.0,6000.0,nan,서울,0
1289,,4000.0,남,서울,0
1290,40.0,6000.0,여,대구,0
1291,20.0,3000.0,nan,서울,0
1292,20.0,6000.0,남,대구,0
1293,,,남,부산,0
1294,,5000.0,여,대구,0
1295,50.0,3000.0,여,서울,1
1296,50.0,3000.0,nan,대구,0
1297,40.0,3000.0,남,대구,0
1298,,3000.0,남,부산,1
1299,20.0,6000.0,여,서울,0
1300,50.0,,nan,서울,1
1301,50.0,4000.0,여,부산,0
1302,20.0,,여,대구,0
1303,50.0,3000.0,nan,대구,0
1304,40.0,6000.0,남,서울,0
1305,,6000.0,남,대구,0
1306,20.0,3000.0,남,부산,0
1307,,6000.0,nan,서울,1
1308,50.0,3000.0,nan,대구,0
1309,50.0,,nan,부산,0
1310,20.0,5000.0,nan,부산,0
1311,40.0,6000.0,nan,서울,1
1312,30.0,3000.0,여,서울,0
1313,20.0,3000.0,남,대구,0
1314,30.0,6000.0,nan,대구,1
1315,30.0,4000.0,남,대구,1
1316,40.0,3000.0,nan,부산,0
1317,30.0,6000.0,남,부산,1
1318,30.0,3000.0,여,대구,0
1319,40.0,4000.0,남,서울,1
1320,30.0,5000.0,남,부산,0
1321,30.0,4000.0,nan,부산,1
1322,30.0,,남,대구,1
1323,20.0,6000.0,여,서울,0
1324,20.0,4000.0,여,부산,0
1325,20.0,5000.0,여,서울,0
1326,40.0,3000.0,nan,부산,0
1327,50.0,6000.0,nan,서울,0
1328,30.0,4000.0,nan,서울,1
1329,30.0,5000.0,nan,부산,0
1330,40.0,4000.0,nan,서울,0
1331,30.0,,여,부산,0
1332,20.0,6000.0,남,부산,0
1333,50.0,3000.0,여,서울,0
1334,,5000.0,nan,부산,0
1335,30.0,4000.0,여,서울,1
1336,20.0,6000.0,남,부산,1
1337,,4000.0,nan,서울,1
1338,50.0,6000.0,여,부산,1
1339,,,여,부산,0
1340,20.0,4000.0,남,대구,1
1341,,,nan,부산,0
1342,40.0,5000.0,nan,부산,0
1343,,,남,서울,0
1344,30.0,6000.0,남,서울,0
1345,30.0,5000.0,남,서울,0
1346,40.0,4000.0,남,서울,0
1347,20.0,4000.0,nan,대구,0
1348,30.0,6000.0,nan,대구,0
1349,50.0,3000.0,여,서울,1
1350,30.0,3000.0,여,서울,0
1351,30.0,4000.0,여,서울,1
1352,20.0,6000.0,nan,서울,0
1353,,3000.0,nan,부산,0
1354,30.0,,nan,서울,0
1355,40.0,4000.0,여,부산,1
1356,,,남,서울,0
1357,50.0,6000.0,남,대구,0
1358,20.0,,남,대구,0
1359,50.0,3000.0,남,서울,0
1360,,3000.0,남,대구,0
1361,,5000.0,nan,대구,1
1362,,4000.0,여,대구,0
1363,50.0,6000.0,남,대구,0
1364,,4000.0,남,부산,0
1365,50.0,,남,부산,0
1366,,6000.0,nan,부산,1
1367,40.0,6000.0,남,부산,1
1368,,3000.0,여,서울,0
1369,50.0,,nan,대구,0
1370,30.0,3000.0,nan,대구,1
1371,,3000.0,nan,서울,0
1372,30.0,5000.0,남,서울,0
1373,40.0,3000.0,남,부산,1
1374,20.0,4000.0,남,부산,0
1375,40.0,6000.0,남,대구,0
1376,,3000.0,여,서울,0
1377,30.0,4000.0,nan,대구,1
1378,30.0,,남,서울,0
1379,50.0,6000.0,여,부산,0
1380,30.0,,nan,대구,1
1381,50.0,4000.0,nan,대구,1
1382,20.0,,nan,서울,0
1383,,,남,대구,0
1384,50.0,,nan,부산,0
1385,20.0,3000.0,남,대구,0
1386,30.0,3000.0,여,서울,0
1387,30.0,3000.0,nan,대구,1
1388,20.0,6000.0,여,부산,0
1389,30.0,4000.0,남,서울,0
1390,20.0,3000.0,남,서울,0
1391,50.0,,남,부산,0
1392,50.0,,nan,서울,1
1393,20.0,,nan,서울,1
1394,50.0,,여,대구,0
1395,50.0,5000.0,남,서울,0
1396,50.0,6000.0,여,대구,0
1397,40.0,4000.0,남,부산,0
1398,,4000.0,남,부산,0
1399,30.0,3000.0,여,부산,0
1400,40.0,5000.0,남,부산,0
1401,50.0,4000.0,여,서울,0
1402,20.0,6000.0,nan,서울,0
1403,50.0,,여,대구,0
1404,,3000.0,여,대구,0
1405,50.0,6000.0,남,대구,1
1406,20.0,4000.0,여,서울,0
1407,,5000.0,nan,대구,1
1408,50.0,3000.0,nan,서울,0
1409,,4000.0,nan,부산,0
1410,30.0,3000.0,nan,서울,0
1411,30.0,4000.0,여,부산,0
1412,50.0,,nan,대구,1
1413,,5000.0,여,서울,0
1414,20.0,,여,대구,0
1415,50.0,4000.0,남,대구,0
1416,30.0,6000.0,여,부산,0
1417,30.0,,여,대구,0
1418,50.0,6000.0,남,서울,0
1419,,4000.0,nan,대구,0
1420,30.0,5000.0,nan,부산,1
1421,,6000.0,여,부산,0
1422,30.0,4000.0,남,대구,0
1423,30.0,6000.0,여,부산,0
1424,40.0,,여,대구,1
1425,30.0,4000.0,nan,부산,1
1426,20.0,,남,대구,0
1427,50.0,3000.0,여,대구,0
1428,50.0,4000.0,nan,서울,0
1429,,6000.0,여,서울,0
1430,30.0,3000.0,nan,대구,0
1431,20.0,,남,서울,0
1432,,,여,서울,1
1433,40.0,6000.0,남,부산,0
1434,,3000.0,nan,서울,0
1435,,5000.0,남,부산,0
1436,30.0,6000.0,남,서울,1
1437,40.0,,남,서울,0
1438,,4000.0,여,대구,0
1439,20.0,3000.0,nan,서울,0
1440,20.0,5000.0,남,대구,0
1441,50.0,4000.0,여,대구,0
1442,40.0,3000.0,nan,대구,0
1443,40.0,6000.0,nan,대구,0
1444,50.0,6000.0,nan,서울,0
1445,,3000.0,남,대구,0
1446,40.0,5000.0,남,서울,0
1447,20.0,3000.0,남,서울,0
1448,20.0,4000.0,nan,부산,0
1449,30.0,4000.0,nan,부산,1
1450,40.0,6000.0,남,부산,1
1451,,3000.0,남,대구,1
1452,50.0,6000.0,nan,서울,0
1453,50.0,5000.0,nan,서울,0
1454,,4000.0,여,대구,0
1455,30.0,,여,부산,0
1456,50.0,,남,부산,0
1457,40.0,3000.0,nan,서울,0
1458,30.0,3000.0,nan,서울,0
1459,40.0,,여,서울,0
1460,20.0,3000.0,nan,부산,1
1461,30.0,4000.0,남,서울,0
1462,50.0,5000.0,여,부산,0
1463,30.0,5000.0,nan,부산,0
1464,30.0,6000.0,nan,부산,1
1465,30.0,4000.0,남,대구,1
1466,30.0,3000.0,nan,대구,0
1467,40.0,3000.0,여,서울,0
1468,20.0,6000.0,여,부산,1
1469,,6000.0,nan,서울,0
1470,30.0,3000.0,nan,부산,1
1471,50.0,3000.0,nan,서울,0
1472,30.0,4000.0,nan,서울,0
1473,50.0,6000.0,여,대구,1
1474,40.0,4000.0,남,대구,0
1475,50.0,3000.0,여,대구,0
1476,,,nan,대구,0
1477,20.0,,nan,부산,1
1478,50.0,3000.0,여,서울,0
1479,50.0,6000.0,여,서울,0
1480,20.0,,nan,부산,0
1481,,6000.0,여,부산,1
1482,30.0,,nan,서울,0
1483,50.0,6000.0,여,대구,0
1484,20.0,,nan,대구,0
1485,40.0,6000.0,여,대구,1
1486,20.0,4000.0,nan,부산,1
1487,40.0,6000.0,남,서울,0
1488,,4000.0,남,부산,1
1489,30.0,4000.0,여,서울,0
1490,20.0,3000.0,남,대구,0
1491,50.0,4000.0,nan,대구,1
1492,,5000.0,여,대구,0
1493,20.0,4000.0,여,서울,0
1494,50.0,6000.0,nan,대구,1
1495,20.0,4000.0,nan,서울,0
1496,40.0,6000.0,nan,부산,0
1497,20.0,6000.0,여,대구,1
1498,20.0,5000.0,nan,부산,0
1499,20.0,4000.0,남,부산,0
1500,,4000.0,여,서울,0
1501,20.0,,nan,부산,0
1502,50.0,,여,서울,0
1503,40.0,3000.0,남,서울,0
1504,40.0,6000.0,남,부산,0
1505,20.0,5000.0,nan,서울,1
1506,,,여,서울,0
1507,,4000.0,nan,서울,0
1508,50.0,3000.0,여,부산,1
1509,20.0,5000.0,nan,서울,1
1510,40.0,4000.0,nan,대구,0
1511,,4000.0,여,부산,0
1512,20.0,6000.0,여,부산,0
1513,,6000.0,남,서울,0
1514,,,남,부산,0
1515,40.0,,여,대구,0
1516,30.0,4000.0,남,부산,0
1517,50.0,4000.0,남,부산,1
1518,50.0,,여,부산,1
1519,40.0,,여,서울,0
1520,,4000.0,여,대구,0
1521,20.0,5000.0,nan,대구,1
1522,,4000.0,여,대구,1
1523,40.0,5000.0,여,부산,1
1524,50.0,5000.0,여,대구,0
1525,,4000.0,남,서울,0
1526,50.0,3000.0,여,부산,1
1527,20.0,,남,서울,0
1528,50.0,6000.0,nan,부산,1
1529,50.0,4000.0,여,서울,0
1530,30.0,5000.0,여,부산,1
1531,30.0,4000.0,남,서울,0
1532,30.0,,nan,대구,0
1533,50.0,5000.0,여,부산,0
1534,40.0,6000.0,nan,부산,1
1535,50.0,6000.0,nan,서울,0
1536,40.0,6000.0,여,서울,0
1537,40.0,3000.0,nan,서울,0
1538,30.0,5000.0,nan,부산,1
1539,,5000.0,여,서울,0
1540,20.0,3000.0,남,대구,0
1541,30.0,5000.0,여,서울,0
1542,30.0,3000.0,nan,서울,0
1543,,4000.0,여,서울,0
1544,20.0,,남,대구,0
1545,50.0,6000.0,nan,서울,1
1546,50.0,3000.0,nan,서울,0
1547,30.0,3000.0,남,부산,0
1548,20.0,3000.0,남,부산,1
1549,30.0,4000.0,nan,서울,1
1550,40.0,3000.0,남,부산,1
1551,30.0,,여,서울,0
1552,30.0,,남,서울,0
1553,50.0,6000.0,여,대구,0
1554,50.0,4000.0,nan,서울,0
1555,50.0,,nan,부산,0
1556,40.0,5000.0,nan,부산,1
1557,50.0,5000.0,nan,부산,0
1558,20.0,5000.0,nan,부산,0
1559,,3000.0,남,서울,0
1560,20.0,3000.0,남,대구,0
1561,20.0,5000.0,nan,대구,0
1562,50.0,6000.0,남,서울,0
1563,,6000.0,남,부산,0
1564,,3000.0,nan,대구,0
1565,,5000.0,남,대구,1
1566,40.0,6000.0,nan,서울,0
1567,50.0,3000.0,nan,부산,1
1568,,5000.0,nan,대구,0
1569,40.0,4000.0,nan,서울,1
1570,30.0,5000.0,남,대구,0
1571,30.0,5000.0,남,대구,1
1572,40.0,,여,부산,0
1573,40.0,,여,부산,0
1574,50.0,4000.0,nan,대구,0
1575,50.0,4000.0,여,부산,0
1576,30.0,5000.0,남,대구,0
1577,,6000.0,남,대구,1
1578,30.0,4000.0,여,대구,0
1579,,5000.0,여,서울,0
1580,,3000.0,남,부산,0
1581,50.0,,여,부산,0
1582,20.0,6000.0,남,대구,0
1583,20.0,5000.0,남,부산,0
1584,40.0,3000.0,여,대구,1
1585,50.0,,여,부산,0
1586,,3000.0,nan,부산,1
1587,20.0,5000.0,nan,대구,0
1588,,4000.0,nan,부산,1
1589,20.0,,nan,대구,0
1590,20.0,3000.0,nan,서울,1
1591,20.0,4000.0,남,대구,0
1592,50.0,6000.0,여,부산,0
1593,30.0,5000.0,남,서울,0
1594,,5000.0,nan,서울,0
1595,50.0,,nan,대구,0
1596,50.0,3000.0,여,서울,0
1597,50.0,6000.0,남,대구,0
1598,50.0,,nan,부산,1
1599,50.0,,nan,대구,1
1600,40.0,3000.0,nan,서울,0
1601,,6000.0,nan,대구,0
1602,50.0,3000.0,남,대구,0
1603,,5000.0,남,부산,1
1604,40.0,4000.0,nan,대구,1
1605,40.0,5000.0,남,부산,1
1606,,5000.0,nan,서울,1
1607,20.0,,여,서울,1
1608,30.0,5000.0,여,대구,1
1609,20.0,6000.0,여,대구,0
1610,20.0,5000.0,남,서울,1
1611,20.0,6000.0,nan,서울,1
1612,50.0,3000.0,여,서울,0
1613,40.0,,여,대구,0
1614,20.0,6000.0,남,서울,0
1615,40.0,5000.0,남,대구,1
1616,,,여,서울,0
1617,30.0,,nan,서울,0
1618,,6000.0,nan,대구,1
1619,,6000.0,nan,부산,0
1620,50.0,4000.0,여,대구,1
1621,30.0,4000.0,남,부산,1
1622,,,nan,대구,1
1623,,4000.0,여,부산,0
1624,30.0,5000.0,여,부산,1
1625,30.0,3000.0,남,부산,0
1626,,,nan,대구,0
1627,30.0,3000.0,여,대구,0
1628,,4000.0,nan,대구,0
1629,,6000.0,nan,부산,1
1630,50.0,,nan,부산,0
1631,20.0,4000.0,여,대구,1
1632,,5000.0,nan,대구,0
1633,40.0,,남,서울,0
1634,20.0,,여,서울,0
1635,20.0,6000.0,여,서울,0
1636,20.0,,nan,서울,1
1637,50.0,6000.0,nan,서울,1
1638,,4000.0,nan,대구,0
1639,50.0,5000.0,여,부산,1
1640,,5000.0,남,부산,0
1641,50.0,,남,대구,0
1642,50.0,,여,대구,0
1643,40.0,4000.0,남,대구,0
1644,50.0,6000.0,nan,서울,1
1645,30.0,5000.0,여,서울,0
1646,40.0,6000.0,남,서울,0
1647,50.0,4000.0,여,대구,0
1648,20.0,5000.0,남,대구,0
1649,30.0,5000.0,여,부산,0
1650,30.0,3000.0,남,대구,0
1651,30.0,4000.0,여,서울,1
1652,40.0,4000.0,여,부산,0
1653,50.0,3000.0,여,대구,0
1654,50.0,6000.0,여,부산,0
1655,20.0,3000.0,여,부산,0
1656,20.0,4000.0,nan,대구,1
1657,30.0,6000.0,여,서울,0
1658,20.0,5000.0,여,서울,0
1659,40.0,3000.0,여,부산,0
1660,50.0,6000.0,남,대구,1
1661,30.0,6000.0,여,대구,1
1662,20.0,6000.0,nan,서울,0
1663,40.0,3000.0,여,대구,0
1664,40.0,5000.0,남,대구,0
1665,20.0,6000.0,남,부산,1
1666,50.0,3000.0,여,대구,0
1667,20.0,4000.0,여,대구,0
1668,30.0,3000.0,여,대구,0
1669,20.0,3000.0,여,서울,0
1670,40.0,3000.0,남,서울,0
1671,20.0,6000.0,여,부산,0
1672,50.0,3000.0,남,서울,0
1673,,4000.0,남,서울,0
1674,20.0,6000.0,nan,서울,0
1675,50.0,4000.0,남,서울,0
1676,50.0,,여,부산,0
1677,40.0,3000.0,여,대구,1
1678,50.0,6000.0,여,대구,0
1679,50.0,6000.0,여,대구,0
1680,50.0,3000.0,nan,부산,1
1681,50.0,5000.0,nan,서울,0
1682,30.0,5000.0,nan,부산,0
1683,30.0,4000.0,nan,부산,0
1684,40.0,3000.0,남,부산,0
1685,20.0,3000.0,nan,대구,0
1686,50.0,,남,서울,0
1687,20.0,5000.0,여,대구,1
1688,20.0,5000.0,남,부산,1
1689,40.0,3000.0,남,부산,0
1690,50.0,4000.0,nan,대구,1
1691,50.0,3000.0,여,대구,0
1692,,4000.0,여,대구,0
1693,20.0,5000.0,nan,서울,0
1694,20.0,,남,대구,0
1695,30.0,6000.0,nan,서울,0
1696,,5000.0,남,서울,0
1697,30.0,4000.0,nan,대구,0
1698,30.0,3000.0,nan,부산,1
1699,30.0,5000.0,여,부산,0
1700,40.0,,여,서울,0
1701,40.0,4000.0,여,서울,0
1702,30.0,3000.0,nan,서울,0
1703,,6000.0,여,부산,1
1704,20.0,4000.0,여,서울,1
1705,,3000.0,nan,서울,1
1706,50.0,6000.0,여,부산,1
1707,40.0,3000.0,남,대구,0
1708,20.0,6000.0,여,부산,0
1709,20.0,6000.0,남,대구,0
1710,50.0,6000.0,여,대구,1
1711,50.0,3000.0,nan,서울,0
1712,30.0,6000.0,nan,서울,0
1713,40.0,4000.0,여,대구,0
1714,40.0,,남,서울,0
1715,,,여,대구,0
1716,30.0,6000.0,nan,서울,1
1717,30.0,,여,부산,0
1718,30.0,,nan,대구,1
1719,30.0,6000.0,남,대구,1
1720,40.0,6000.0,남,서울,1
1721,40.0,4000.0,nan,부산,1
1722,30.0,5000.0,남,서울,0
1723,,3000.0,nan,부산,1
1724,20.0,6000.0,nan,서울,0
1725,20.0,6000.0,nan,대구,1
1726,,,여,부산,0
1727,30.0,4000.0,남,부산,0
1728,40.0,,여,서울,0
1729,20.0,6000.0,여,부산,0
1730,50.0,6000.0,남,서울,1
1731,50.0,,여,부산,1
1732,,6000.0,nan,서울,0
1733,30.0,5000.0,여,서울,0
1734,20.0,3000.0,nan,서울,1
1735,30.0,3000.0,남,대구,0
1736,20.0,3000.0,여,부산,1
1737,,5000.0,남,대구,0
1738,,6000.0,nan,대구,0
1739,50.0,,여,대구,1
1740,30.0,4000.0,nan,대구,0
1741,50.0,6000.0,nan,부산,0
1742,30.0,5000.0,nan,부산,1
1743,50.0,5000.0,남,대구,1
1744,40.0,3000.0,남,부산,1
1745,40.0,6000.0,남,부산,0
1746,40.0,3000.0,여,서울,0
1747,40.0,4000.0,nan,부산,0
1748,20.0,3000.0,남,대구,0
1749,40.0,4000.0,nan,부산,1
1750,,5000.0,남,대구,0
1751,,3000.0,nan,부산,0
1752,20.0,3000.0,남,대구,1
1753,40.0,,남,부산,1
1754,40.0,5000.0,남,부산,0
1755,40.0,,남,부산,0
1756,50.0,4000.0,nan,대구,1
1757,30.0,4000.0,남,서울,0
1758,50.0,5000.0,남,대구,1
1759,30.0,4000.0,남,부산,1
1760,40.0,5000.0,nan,대구,0
1761,40.0,4000.0,남,부산,0
1762,50.0,6000.0,nan,부산,0
1763,50.0,3000.0,여,서울,0
1764,30.0,6000.0,nan,부산,0
1765,,5000.0,여,부산,1
1766,30.0,5000.0,남,부산,1
1767,50.0,6000.0,남,서울,0
1768,50.0,3000.0,nan,대구,1
1769,20.0,3000.0,남,서울,0
1770,50.0,,남,대구,1
1771,20.0,4000.0,nan,부산,0
1772,,,남,대구,0
1773,30.0,3000.0,여,대구,0
1774,30.0,6000.0,여,대구,0
1775,20.0,4000.0,남,대구,0
1776,30.0,6000.0,남,부산,1
1777,50.0,,여,서울,0
1778,40.0,5000.0,남,대구,1
1779,20.0,6000.0,여,부산,0
1780,30.0,,nan,부산,0
1781,20.0,,여,부산,0
1782,20.0,,남,부산,1
1783,40.0,5000.0,남,대구,0
1784,50.0,5000.0,여,서울,0
1785,20.0,5000.0,여,부산,1
1786,30.0,4000.0,남,서울,0
1787,,5000.0,남,서울,0
1788,20.0,5000.0,남,서울,0
1789,20.0,5000.0,nan,부산,0
1790,40.0,6000.0,nan,부산,0
1791,50.0,5000.0,여,부산,1
1792,,4000.0,여,서울,1
1793,30.0,,nan,부산,0
1794,,6000.0,nan,부산,0
1795,30.0,3000.0,여,서울,0
1796,50.0,5000.0,nan,부산,0
1797,30.0,,여,대구,0
1798,40.0,,남,대구,0
1799,40.0,6000.0,여,대구,0
1800,40.0,3000.0,nan,대구,0
1801,40.0,4000.0,nan,서울,1
1802,,,nan,부산,1
1803,50.0,,여,대구,0
1804,30.0,,nan,대구,1
1805,30.0,,여,부산,0
1806,40.0,6000.0,남,서울,0
1807,40.0,3000.0,남,대구,1
1808,20.0,,nan,부산,1
1809,50.0,4000.0,여,부산,0
1810,,4000.0,여,대구,0
1811,30.0,5000.0,nan,대구,1
1812,20.0,,여,부산,0
1813,20.0,,nan,부산,0
1814,30.0,,nan,대구,1
1815,,,남,대구,0
1816,20.0,,nan,대구,0
1817,20.0,4000.0,여,대구,1
1818,50.0,3000.0,nan,서울,0
1819,,3000.0,남,부산,0
1820,20.0,5000.0,남,대구,0
1821,,4000.0,여,부산,0
1822,30.0,,nan,대구,0
1823,40.0,3000.0,여,서울,0
1824,20.0,6000.0,여,부산,0
1825,50.0,6000.0,nan,서울,0
1826,30.0,6000.0,남,부산,0
1827,,,여,서울,0
1828,30.0,,여,대구,0
1829,20.0,5000.0,남,대구,0
1830,,5000.0,nan,서울,0
1831,40.0,5000.0,nan,대구,0
1832,30.0,6000.0,nan,서울,1
1833,20.0,,남,서울,1
1834,50.0,6000.0,여,부산,0
1835,,5000.0,남,서울,0
1836,30.0,,여,부산,0
1837,30.0,4000.0,여,서울,0
1838,40.0,3000.0,nan,부산,0
1839,40.0,3000.0,nan,부산,0
1840,50.0,5000.0,nan,대구,0
1841,50.0,6000.0,남,부산,1
1842,20.0,4000.0,nan,부산,0
1843,20.0,,남,서울,1
1844,50.0,6000.0,nan,부산,0
1845,50.0,5000.0,nan,대구,0
1846,,6000.0,nan,서울,0
1847,40.0,5000.0,남,부산,1
1848,20.0,3000.0,여,서울,0
1849,40.0,3000.0,남,서울,0
1850,40.0,6000.0,남,서울,0
1851,50.0,4000.0,남,서울,1
1852,,,여,서울,0
1853,30.0,5000.0,남,부산,0
1854,,,nan,서울,1
1855,,3000.0,여,서울,0
1856,40.0,4000.0,남,대구,0
1857,,4000.0,남,대구,0
1858,20.0,,여,서울,1
1859,40.0,3000.0,남,부산,0
1860,20.0,,여,대구,0
1861,30.0,6000.0,nan,대구,1
1862,40.0,4000.0,남,서울,0
1863,30.0,4000.0,남,부산,1
1864,40.0,6000.0,nan,부산,0
1865,50.0,3000.0,남,대구,0
1866,,4000.0,남,대구,0
1867,50.0,5000.0,여,대구,1
1868,30.0,5000.0,남,대구,0
1869,,3000.0,nan,대구,0
1870,40.0,6000.0,남,서울,0
1871,,,여,서울,1
1872,20.0,3000.0,nan,서울,0
1873,,,nan,대구,0
1874,20.0,3000.0,nan,서울,1
1875,,5000.0,nan,대구,1
1876,20.0,6000.0,여,부산,0
1877,30.0,5000.0,여,부산,1
1878,50.0,6000.0,여,서울,0
1879,40.0,,여,부산,0
1880,,3000.0,남,부산,0
1881,50.0,4000.0,여,부산,0
1882,40.0,4000.0,남,서울,1
1883,40.0,6000.0,nan,부산,1
1884,20.0,6000.0,남,서울,0
1885,30.0,5000.0,남,대구,1
1886,30.0,4000.0,남,대구,0
1887,50.0,5000.0,여,서울,0
1888,30.0,,여,서울,1
1889,,4000.0,nan,부산,1
1890,30.0,,여,대구,0
1891,50.0,3000.0,남,부산,0
1892,30.0,5000.0,여,대구,0
1893,,6000.0,여,부산,0
1894,20.0,4000.0,남,부산,0
1895,50.0,5000.0,nan,대구,0
1896,20.0,6000.0,여,부산,0
1897,20.0,3000.0,nan,대구,1
1898,20.0,4000.0,남,서울,0
1899,40.0,,여,부산,0
1900,40.0,3000.0,nan,대구,1
1901,20.0,6000.0,nan,대구,0
1902,50.0,4000.0,남,부산,1
1903,,4000.0,여,대구,0
1904,,3000.0,nan,부산,0
1905,30.0,4000.0,nan,부산,0
1906,50.0,6000.0,nan,서울,0
1907,40.0,3000.0,nan,서울,0
1908,20.0,,nan,서울,0
1909,30.0,3000.0,nan,부산,0
1910,,3000.0,nan,부산,0
1911,40.0,,nan,대구,0
1912,40.0,6000.0,nan,서울,1
1913,20.0,5000.0,nan,서울,1
1914,,5000.0,여,대구,1
1915,50.0,,남,서울,0
1916,40.0,6000.0,남,서울,0
1917,20.0,4000.0,남,서울,0
1918,50.0,,nan,대구,1
1919,,5000.0,남,서울,0
1920,40.0,6000.0,nan,부산,0
1921,50.0,3000.0,여,서울,0
1922,50.0,6000.0,남,부산,0
1923,50.0,6000.0,여,서울,0
1924,40.0,5000.0,여,부산,1
1925,40.0,5000.0,nan,서울,1
1926,30.0,4000.0,남,부산,0
1927,,4000.0,여,부산,0
1928,20.0,,남,서울,0
1929,50.0,3000.0,여,대구,0
1930,30.0,4000.0,여,서울,1
1931,20.0,5000.0,nan,대구,0
1932,30.0,6000.0,남,대구,1
1933,40.0,,nan,대구,0
1934,50.0,4000.0,nan,대구,0
1935,20.0,6000.0,nan,대구,0
1936,20.0,6000.0,nan,대구,1
1937,20.0,4000.0,nan,서울,0
1938,20.0,3000.0,여,부산,1
1939,20.0,3000.0,남,부산,1
1940,30.0,,남,서울,1
1941,50.0,3000.0,nan,서울,1
1942,40.0,,남,서울,0
1943,40.0,5000.0,여,대구,0
1944,40.0,4000.0,nan,대구,0
1945,40.0,6000.0,여,부산,0
1946,30.0,,여,서울,1
1947,,3000.0,nan,부산,0
1948,50.0,,여,부산,0
1949,20.0,,nan,대구,1
1950,,3000.0,여,대구,0
1951,40.0,3000.0,남,부산,0
1952,,4000.0,남,대구,0
1953,50.0,6000.0,남,대구,1
1954,20.0,4000.0,nan,대구,0
1955,20.0,4000.0,여,부산,1
1956,50.0,3000.0,여,부산,0
1957,50.0,3000.0,남,부산,1
1958,40.0,6000.0,남,서울,0
1959,20.0,,nan,부산,0
1960,,4000.0,nan,대구,0
1961,30.0,6000.0,여,부산,0
1962,30.0,4000.0,nan,서울,0
1963,50.0,,nan,대구,0
1964,40.0,4000.0,nan,부산,0
1965,30.0,5000.0,남,부산,1
1966,20.0,6000.0,남,대구,0
1967,50.0,3000.0,여,부산,1
1968,,4000.0,nan,서울,1
1969,50.0,6000.0,남,대구,0
1970,,6000.0,nan,부산,0
1971,50.0,4000.0,여,대구,0
1972,50.0,3000.0,nan,부산,1
1973,50.0,3000.0,여,부산,1
1974,,4000.0,여,대구,0
1975,,6000.0,남,부산,0
1976,50.0,3000.0,nan,부산,0
1977,30.0,4000.0,남,대구,1
1978,40.0,4000.0,nan,부산,1
1979,40.0,4000.0,nan,부산,1
1980,40.0,6000.0,여,대구,0
1981,,3000.0,여,서울,0
1982,,6000.0,nan,서울,1
1983,30.0,5000.0,남,서울,1
1984,40.0,3000.0,여,서울,0
1985,40.0,6000.0,여,서울,0
1986,50.0,3000.0,nan,서울,0
1987,,5000.0,nan,대구,1
1988,40.0,,여,대구,0
1989,30.0,4000.0,남,대구,0
1990,30.0,6000.0,여,부산,0
1991,40.0,5000.0,nan,서울,0
1992,,5000.0,여,서울,0
1993,30.0,3000.0,nan,대구,0
1994,50.0,3000.0,여,부산,1
1995,30.0,4000.0,nan,부산,0
1996,20.0,3000.0,nan,대구,0
1997,20.0,6000.0,남,서울,0
1998,,6000.0,nan,부산,0
1999,40.0,6000.0,여,서울,0
2000,,,nan,부산,0
2001,,6000.0,여,서울,0
2002,,3000.0,남,부산,1
2003,,3000.0,여,서울,1
2004,50.0,6000.0,남,서울,0
2005,50.0,5000.0,남,서울,1
2006,30.0,5000.0,nan,대구,1
2007,20.0,5000.0,남,서울,1
2008,,4000.0,여,서울,0
2009,30.0,,남,부산,1
2010,20.0,6000.0,남,부산,0
2011,40.0,4000.0,nan,대구,1
2012,50.0,5000.0,여,부산,0
2013,20.0,6000.0,남,서울,0
2014,40.0,4000.0,nan,대구,0
2015,20.0,3000.0,nan,대구,1
2016,50.0,5000.0,여,대구,1
2017,50.0,4000.0,nan,서울,0
2018,30.0,3000.0,남,서울,0
2019,,5000.0,nan,부산,1
2020,20.0,,여,부산,0
2021,20.0,5000.0,여,부산,0
2022,40.0,,nan,대구,1
2023,50.0,,남,서울,1
2024,20.0,,nan,부산,0
2025,50.0,6000.0,여,서울,0
2026,20.0,6000.0,nan,대구,1
2027,30.0,,nan,서울,1
2028,,3000.0,남,서울,0
2029,20.0,,nan,대구,0
2030,50.0,4000.0,남,부산,0
2031,30.0,,nan,서울,1
2032,20.0,6000.0,nan,서울,0
2033,40.0,6000.0,남,대구,0
2034,,4000.0,남,서울,0
2035,20.0,4000.0,여,서울,0
2036,30.0,5000.0,남,서울,0
2037,40.0,3000.0,nan,대구,0
2038,30.0,3000.0,여,서울,0
2039,30.0,3000.0,남,대구,0
2040,40.0,6000.0,남,부산,0
2041,30.0,3000.0,여,서울,1
2042,40.0,5000.0,nan,대구,0
2043,20.0,5000.0,nan,대구,1
2044,40.0,3000.0,여,서울,0
2045,40.0,4000.0,nan,대구,0
2046,,5000.0,남,부산,0
2047,40.0,4000.0,nan,부산,1
2048,40.0,6000.0,남,부산,0
2049,20.0,5000.0,nan,부산,0
2050,,4000.0,남,대구,0
2051,50.0,3000.0,여,대구,0
2052,20.0,6000.0,남,부산,0
2053,20.0,,nan,부산,1
2054,50.0,,남,부산,0
2055,40.0,3000.0,nan,부산,0
2056,30.0,6000.0,nan,부산,1
2057,,6000.0,남,대구,0
2058,30.0,6000.0,nan,부산,0
2059,50.0,6000.0,여,부산,0
2060,20.0,,nan,서울,0
2061,20.0,4000.0,여,대구,0
2062,,6000.0,여,부산,0
2063,20.0,4000.0,nan,대구,1
2064,20.0,6000.0,여,서울,0
2065,,5000.0,여,서울,1
2066,,5000.0,남,부산,0
2067,50.0,5000.0,여,부산,0
2068,20.0,6000.0,여,부산,0
2069,20.0,4000.0,여,부산,0
2070,50.0,,여,서울,0
2071,40.0,3000.0,여,대구,0
2072,40.0,,nan,부산,1
2073,40.0,6000.0,여,대구,1
2074,50.0,5000.0,nan,부산,0
2075,20.0,5000.0,nan,부산,1
2076,50.0,4000.0,nan,서울,1
2077,50.0,6000.0,남,부산,0
2078,40.0,,남,부산,0
2079,30.0,6000.0,nan,부산,1
2080,20.0,6000.0,남,서울,0
2081,40.0,5000.0,여,대구,1
2082,30.0,,nan,서울,0
2083,30.0,3000.0,nan,부산,0
2084,,5000.0,nan,부산,0
2085,20.0,,남,부산,1
2086,30.0,4000.0,남,대구,0
2087,40.0,5000.0,남,대구,0
2088,,4000.0,여,부산,0
2089,20.0,5000.0,남,부산,0
2090,50.0,6000.0,nan,대구,0
2091,40.0,,남,서울,0
2092,30.0,4000.0,남,서울,0
2093,30.0,5000.0,남,대구,0
2094,40.0,4000.0,남,대구,0
2095,30.0,5000.0,nan,부산,0
2096,,5000.0,남,대구,0
2097,20.0,3000.0,nan,대구,0
2098,,3000.0,남,부산,1
2099,30.0,3000.0,여,대구,0
2100,50.0,4000.0,여,부산,0
2101,20.0,6000.0,nan,서울,0
2102,20.0,5000.0,nan,서울,0
2103,40.0,,여,서울,0
2104,40.0,3000.0,여,부산,0
2105,50.0,4000.0,남,서울,1
2106,20.0,4000.0,여,서울,1
2107,50.0,4000.0,nan,부산,0
2108,40.0,,nan,부산,0
2109,40.0,,여,서울,1
2110,20.0,3000.0,nan,서울,0
2111,,,남,서울,0
2112,30.0,3000.0,남,대구,0
2113,40.0,,여,부산,0
2114,40.0,,nan,부산,1
2115,,,여,부산,0
2116,,3000.0,nan,부산,0
2117,50.0,5000.0,nan,서울,1
2118,50.0,3000.0,nan,부산,0
2119,30.0,5000.0,남,대구,0
2120,30.0,4000.0,nan,대구,0
2121,20.0,4000.0,남,서울,0
2122,50.0,3000.0,nan,서울,0
2123,40.0,5000.0,여,부산,0
2124,50.0,5000.0,남,서울,1
2125,40.0,5000.0,남,서울,1
2126,,4000.0,남,서울,0
2127,50.0,3000.0,여,대구,1
2128,,6000.0,남,부산,0
2129,30.0,5000.0,여,서울,0
2130,30.0,5000.0,nan,부산,0
2131,20.0,6000.0,nan,부산,0
2132,50.0,3000.0,여,부산,0
2133,,5000.0,남,대구,0
2134,40.0,3000.0,남,부산,1
2135,30.0,5000.0,여,부산,0
2136,30.0,,nan,서울,0
2137,40.0,5000.0,여,서울,0
2138,,,남,대구,0
2139,,3000.0,남,부산,0
2140,50.0,5000.0,남,대구,0
2141,50.0,4000.0,남,부산,0
2142,20.0,4000.0,nan,대구,0
2143,30.0,6000.0,nan,부산,0
2144,50.0,4000.0,nan,서울,1
2145,,,남,대구,0
2146,40.0,4000.0,남,서울,1
2147,,4000.0,남,부산,1
2148,30.0,4000.0,여,대구,0
2149,,5000.0,남,서울,0
2150,20.0,6000.0,nan,서울,0
2151,30.0,3000.0,nan,서울,0
2152,40.0,6000.0,nan,부산,0
2153,20.0,,여,대구,0
2154,30.0,5000.0,nan,서울,0
2155,40.0,5000.0,여,부산,0
2156,20.0,4000.0,여,부산,0
2157,20.0,4000.0,여,부산,1
2158,30.0,,남,대구,0
2159,50.0,5000.0,남,부산,0
2160,20.0,3000.0,nan,부산,1
2161,20.0,6000.0,nan,대구,1
2162,40.0,5000.0,여,대구,0
2163,,3000.0,남,부산,0
2164,30.0,3000.0,nan,부산,0
2165,30.0,6000.0,nan,서울,0
2166,50.0,3000.0,남,대구,0
2167,50.0,,여,대구,0
2168,30.0,3000.0,nan,서울,0
2169,50.0,,nan,부산,1
2170,40.0,3000.0,남,부산,0
2171,30.0,4000.0,남,부산,0
2172,50.0,3000.0,여,부산,1
2173,30.0,,여,서울,0
2174,,3000.0,nan,대구,0
2175,20.0,3000.0,여,대구,0
2176,30.0,3000.0,nan,부산,1
2177,20.0,,nan,서울,0
2178,50.0,3000.0,남,부산,0
2179,20.0,6000.0,nan,부산,1
2180,30.0,6000.0,남,서울,0
2181,,,nan,서울,1
2182,50.0,4000.0,nan,대구,1
2183,30.0,6000.0,nan,대구,0
2184,50.0,5000.0,여,부산,0
2185,40.0,6000.0,여,부산,1
2186,20.0,5000.0,남,대구,0
2187,40.0,,nan,서울,1
2188,30.0,4000.0,남,부산,0
2189,,5000.0,남,부산,0
2190,50.0,5000.0,nan,서울,0
2191,20.0,6000.0,여,부산,0
2192,50.0,5000.0,여,서울,0
2193,30.0,,남,대구,0
2194,50.0,,여,대구,0
2195,20.0,,nan,대구,0
2196,30.0,6000.0,nan,대구,1
2197,50.0,4000.0,여,대구,1
2198,,6000.0,여,부산,0
2199,30.0,,남,대구,0
2200,30.0,6000.0,여,부산,0
2201,,,남,부산,0
2202,40.0,3000.0,nan,서울,0
2203,20.0,3000.0,nan,부산,1
2204,40.0,5000.0,nan,부산,0
2205,50.0,4000.0,여,대구,1
2206,,3000.0,여,대구,1
2207,40.0,,여,서울,0
2208,30.0,6000.0,남,서울,0
2209,50.0,6000.0,남,부산,0
2210,50.0,5000.0,남,서울,0
2211,40.0,6000.0,nan,대구,0
2212,40.0,3000.0,남,대구,0
2213,,6000.0,여,대구,0
2214,20.0,3000.0,여,부산,0
2215,40.0,3000.0,nan,부산,0
2216,40.0,4000.0,여,서울,0
2217,30.0,5000.0,여,대구,0
2218,50.0,,여,부산,0
2219,20.0,3000.0,남,부산,0
2220,30.0,5000.0,남,서울,1
2221,,,여,대구,1
2222,,6000.0,여,대구,0
2223,40.0,5000.0,여,서울,0
2224,40.0,5000.0,여,서울,1
2225,,5000.0,남,서울,0
2226,40.0,6000.0,nan,서울,0
2227,20.0,6000.0,여,대구,1
2228,40.0,5000.0,남,대구,0
2229,50.0,4000.0,여,서울,0
2230,40.0,3000.0,nan,부산,1
2231,30.0,6000.0,남,부산,0
2232,20.0,4000.0,남,대구,1
2233,30.0,6000.0,nan,대구,0
2234,30.0,5000.0,nan,서울,0
2235,50.0,4000.0,남,부산,0
2236,20.0,,nan,대구,1
2237,20.0,3000.0,여,부산,0
2238,20.0,3000.0,nan,서울,0
2239,20.0,6000.0,nan,대구,1
2240,20.0,3000.0,남,대구,0
2241,50.0,,nan,부산,0
2242,40.0,4000.0,남,부산,0
2243,30.0,4000.0,여,대구,0
2244,20.0,5000.0,nan,부산,1
2245,40.0,4000.0,nan,부산,0
2246,40.0,6000.0,남,서울,0
2247,30.0,,남,부산,0
2248,50.0,5000.0,nan,대구,0
2249,,6000.0,남,서울,0
2250,,6000.0,nan,대구,0
2251,40.0,6000.0,여,서울,1
2252,30.0,3000.0,nan,서울,1
2253,,6000.0,여,부산,0
2254,40.0,3000.0,여,부산,0
2255,50.0,4000.0,남,대구,0
2256,,3000.0,남,부산,0
2257,40.0,6000.0,남,서울,0
2258,40.0,,남,부산,0
2259,20.0,,nan,대구,0
2260,50.0,4000.0,여,서울,0
2261,20.0,6000.0,nan,대구,1
2262,30.0,3000.0,여,부산,0
2263,20.0,,여,서울,0
2264,20.0,5000.0,여,대구,0
2265,,6000.0,nan,부산,0
2266,40.0,6000.0,남,부산,1
2267,50.0,5000.0,nan,대구,0
2268,20.0,,여,서울,1
2269,50.0,5000.0,nan,대구,0
2270,20.0,4000.0,여,부산,0
2271,30.0,3000.0,남,대구,0
2272,20.0,3000.0,남,부산,1
2273,,,nan,서울,0
2274,40.0,5000.0,남,대구,1
2275,30.0,6000.0,여,서울,0
2276,20.0,6000.0,여,대구,0
2277,50.0,6000.0,남,부산,0
2278,30.0,4000.0,남,서울,0
2279,30.0,4000.0,남,부산,0
2280,20.0,6000.0,nan,대구,1
2281,30.0,,nan,부산,0
2282,50.0,4000.0,여,대구,0
2283,30.0,4000.0,nan,서울,0
2284,50.0,3000.0,nan,부산,0
2285,20.0,3000.0,여,부산,0
2286,40.0,,여,대구,0
2287,30.0,4000.0,남,대구,1
2288,40.0,4000.0,남,대구,0
2289,50.0,5000.0,nan,서울,1
2290,30.0,,여,부산,0
2291,,,nan,대구,0
2292,40.0,5000.0,nan,대구,0
2293,30.0,5000.0,여,부산,1
2294,40.0,3000.0,여,서울,1
2295,30.0,,여,부산,0
2296,20.0,,여,대구,0
2297,40.0,5000.0,nan,부산,0
2298,,6000.0,nan,대구,1
2299,,6000.0,nan,대구,1
2300,50.0,3000.0,여,부산,0
2301,30.0,6000.0,남,부산,0
2302,40.0,6000.0,nan,서울,1
2303,50.0,6000.0,남,대구,0
2304,40.0,4000.0,남,대구,0
2305,30.0,3000.0,남,대구,0
2306,,5000.0,여,대구,0
2307,20.0,6000.0,여,대구,1
2308,,4000.0,nan,부산,1
2309,50.0,6000.0,nan,대구,0
2310,20.0,4000.0,여,부산,0
2311,50.0,3000.0,여,서울,1
2312,30.0,6000.0,남,대구,0
2313,20.0,4000.0,여,서울,0
2314,50.0,,여,부산,0
2315,30.0,,여,부산,0
2316,,4000.0,여,서울,0
2317,30.0,6000.0,남,대구,0
2318,40.0,6000.0,nan,부산,0
2319,30.0,3000.0,남,부산,1
2320,30.0,3000.0,여,부산,1
2321,40.0,5000.0,여,부산,1
2322,50.0,3000.0,nan,부산,0
2323,50.0,6000.0,nan,부산,0
2324,30.0,5000.0,nan,서울,1
2325,40.0,3000.0,남,대구,1
2326,40.0,4000.0,nan,대구,0
2327,,,여,대구,0
2328,50.0,3000.0,여,대구,0
2329,20.0,3000.0,여,서울,0
2330,50.0,4000.0,남,서울,0
2331,50.0,6000.0,nan,대구,1
2332,,4000.0,nan,부산,0
2333,20.0,3000.0,nan,대구,0
2334,,6000.0,nan,부산,1
2335,20.0,5000.0,여,부산,0
2336,30.0,3000.0,남,서울,1
2337,20.0,4000.0,nan,부산,0
2338,,5000.0,여,서울,1
2339,50.0,,여,대구,0
2340,20.0,5000.0,남,서울,1
2341,20.0,4000.0,nan,부산,0
2342,40.0,5000.0,남,부산,0
2343,50.0,4000.0,nan,부산,0
2344,30.0,3000.0,남,대구,0
2345,,6000.0,nan,서울,0
2346,30.0,,nan,대구,1
2347,50.0,6000.0,남,서울,0
2348,20.0,6000.0,nan,대구,0
2349,20.0,6000.0,남,대구,0
2350,50.0,4000.0,남,부산,1
2351,20.0,4000.0,nan,대구,0
2352,20.0,,nan,대구,1
2353,20.0,4000.0,남,서울,0
2354,,4000.0,여,대구,0
2355,,4000.0,남,부산,0
2356,40.0,4000.0,여,대구,1
2357,30.0,3000.0,여,서울,0
2358,50.0,,남,서울,1
2359,50.0,4000.0,남,대구,0
2360,50.0,,남,대구,0
2361,40.0,5000.0,여,서울,1
2362,,3000.0,남,부산,0
2363,40.0,4000.0,남,대구,0
2364,50.0,3000.0,nan,부산,1
2365,30.0,3000.0,nan,부산,0
2366,20.0,5000.0,nan,대구,0
2367,,,남,부산,0
2368,,3000.0,남,서울,1
2369,40.0,6000.0,남,부산,1
2370,,5000.0,여,서울,0
2371,50.0,6000.0,여,대구,0
2372,50.0,5000.0,nan,부산,0
2373,40.0,6000.0,여,서울,1
2374,50.0,6000.0,여,서울,0
2375,30.0,3000.0,여,대구,1
2376,40.0,3000.0,nan,부산,0
2377,30.0,5000.0,nan,서울,0
2378,20.0,,여,서울,0
2379,30.0,3000.0,남,대구,0
2380,20.0,3000.0,nan,부산,1
2381,20.0,4000.0,여,부산,1
2382,30.0,3000.0,남,서울,0
2383,40.0,,남,부산,0
2384,50.0,4000.0,nan,부산,1
2385,50.0,6000.0,남,부산,0
2386,20.0,6000.0,nan,부산,0
2387,20.0,4000.0,여,부산,0
2388,40.0,4000.0,nan,부산,1
2389,,4000.0,남,부산,0
2390,30.0,5000.0,nan,서울,1
2391,20.0,,nan,서울,1
2392,50.0,,여,부산,1
2393,40.0,6000.0,남,부산,1
2394,30.0,6000.0,nan,대구,1
2395,40.0,6000.0,여,서울,0
2396,30.0,3000.0,여,대구,0
2397,30.0,6000.0,여,서울,0
2398,20.0,4000.0,여,대구,0
2399,40.0,6000.0,여,대구,0
2400,40.0,4000.0,nan,대구,0
2401,50.0,5000.0,nan,서울,0
2402,50.0,3000.0,남,서울,0
2403,20.0,3000.0,nan,부산,1
2404,20.0,,남,서울,1
2405,,5000.0,남,서울,1
2406,50.0,4000.0,남,서울,0
2407,30.0,5000.0,nan,서울,0
2408,40.0,3000.0,여,부산,0
2409,20.0,4000.0,남,부산,0
2410,40.0,5000.0,여,서울,0
2411,40.0,3000.0,남,대구,0
2412,,4000.0,nan,대구,0
2413,50.0,4000.0,남,서울,1
2414,20.0,3000.0,nan,부산,1
2415,40.0,4000.0,여,대구,0
2416,20.0,3000.0,nan,부산,0
2417,30.0,6000.0,여,부산,0
2418,,6000.0,nan,대구,0
2419,30.0,4000.0,남,서울,1
2420,20.0,4000.0,남,부산,1
2421,20.0,3000.0,nan,대구,0
2422,50.0,4000.0,여,부산,0
2423,40.0,,여,대구,0
2424,40.0,6000.0,여,서울,0
2425,30.0,4000.0,nan,서울,1
2426,,4000.0,nan,서울,1
2427,40.0,5000.0,nan,부산,0
2428,50.0,4000.0,nan,서울,0
2429,30.0,,여,서울,1
2430,30.0,6000.0,여,서울,0
2431,50.0,5000.0,nan,서울,0
2432,,3000.0,nan,대구,0
2433,50.0,3000.0,여,대구,0
2434,,6000.0,여,부산,0
2435,50.0,3000.0,남,대구,0
2436,50.0,,nan,대구,0
2437,20.0,4000.0,남,대구,0
2438,30.0,6000.0,여,대구,0
2439,50.0,5000.0,여,대구,1
2440,50.0,4000.0,nan,서울,0
2441,40.0,3000.0,남,부산,1
2442,30.0,3000.0,여,대구,0
2443,40.0,5000.0,남,대구,0
2444,30.0,,남,부산,1
2445,40.0,5000.0,남,대구,0
2446,50.0,6000.0,남,대구,0
2447,50.0,5000.0,남,부산,0
2448,20.0,3000.0,nan,서울,0
2449,40.0,,nan,서울,1
2450,,,남,부산,0
2451,20.0,5000.0,nan,서울,0
2452,40.0,6000.0,여,서울,0
2453,40.0,3000.0,남,서울,0
2454,20.0,4000.0,nan,서울,1
2455,50.0,,nan,대구,0
2456,40.0,5000.0,여,부산,0
2457,50.0,6000.0,여,서울,0
2458,20.0,6000.0,여,서울,0
2459,50.0,3000.0,여,부산,0
2460,30.0,,남,대구,0
2461,,3000.0,nan,서울,0
2462,40.0,4000.0,nan,서울,1
2463,,4000.0,여,대구,1
2464,50.0,4000.0,nan,부산,0
2465,40.0,6000.0,nan,서울,0
2466,50.0,,nan,서울,0
2467,30.0,3000.0,여,부산,0
2468,20.0,3000.0,nan,대구,1
2469,40.0,4000.0,nan,부산,1
2470,30.0,,nan,서울,0
2471,30.0,,남,대구,0
2472,40.0,5000.0,남,대구,0
2473,50.0,,nan,대구,0
2474,30.0,,nan,부산,0
2475,,3000.0,nan,부산,0
2476,30.0,,nan,부산,0
2477,50.0,,nan,서울,0
2478,50.0,3000.0,nan,부산,0
2479,,,남,대구,0
2480,30.0,3000.0,여,서울,1
2481,50.0,5000.0,nan,서울,1
2482,40.0,6000.0,nan,서울,1
2483,20.0,3000.0,nan,대구,0
2484,20.0,3000.0,여,부산,0
2485,20.0,,nan,대구,0
2486,30.0,3000.0,nan,부산,1
2487,,4000.0,여,서울,0
2488,50.0,4000.0,nan,서울,0
2489,40.0,5000.0,여,대구,0
2490,40.0,3000.0,여,부산,1
2491,30.0,,nan,서울,1
2492,20.0,,남,대구,0
2493,30.0,6000.0,남,대구,1
2494,,5000.0,nan,부산,0
2495,,,여,부산,0
2496,50.0,6000.0,여,부산,1
2497,50.0,,여,서울,0
2498,,6000.0,nan,대구,0
2499,,4000.0,남,부산,1
2500,,4000.0,여,대구,0
2501,30.0,,여,서울,1
2502,,5000.0,nan,서울,0
2503,40.0,3000.0,남,부산,0
2504,20.0,5000.0,남,서울,0
2505,,5000.0,nan,대구,1
2506,20.0,3000.0,남,대구,0
2507,30.0,4000.0,nan,서울,0
2508,20.0,4000.0,여,서울,0
2509,30.0,3000.0,nan,서울,1
2510,40.0,6000.0,여,대구,0
2511,30.0,5000.0,nan,서울,0
2512,30.0,,여,부산,0
2513,50.0,4000.0,여,부산,0
2514,,,nan,대구,0
2515,,3000.0,여,서울,0
2516,40.0,,남,서울,1
2517,40.0,,nan,서울,0
2518,,5000.0,남,부산,0
2519,50.0,3000.0,여,부산,0
2520,,,여,부산,1
2521,50.0,4000.0,여,부산,0
2522,40.0,3000.0,nan,부산,1
2523,20.0,4000.0,여,대구,1
2524,40.0,6000.0,남,대구,0
2525,40.0,,남,서울,0
2526,30.0,3000.0,nan,서울,0
2527,30.0,4000.0,남,부산,1
2528,30.0,,nan,서울,1
2529,30.0,5000.0,nan,대구,1
2530,50.0,4000.0,여,대구,0
2531,,4000.0,남,서울,0
2532,20.0,6000.0,남,부산,0
2533,40.0,5000.0,남,대구,0
2534,50.0,6000.0,여,서울,0
2535,20.0,5000.0,nan,부산,0
2536,50.0,4000.0,남,서울,0
2537,50.0,6000.0,남,부산,0
2538,40.0,,남,부산,0
2539,,5000.0,남,대구,1
2540,30.0,4000.0,여,대구,0
2541,,3000.0,nan,서울,1
2542,40.0,5000.0,남,서울,0
2543,40.0,5000.0,남,부산,0
2544,40.0,,nan,대구,0
2545,20.0,5000.0,여,부산,0
2546,,5000.0,여,부산,0
2547,,,여,부산,1
2548,50.0,,여,부산,0
2549,50.0,6000.0,남,부산,0
2550,50.0,4000.0,nan,부산,0
2551,40.0,4000.0,nan,서울,0
2552,,6000.0,nan,대구,0
2553,40.0,4000.0,여,대구,0
2554,20.0,5000.0,여,부산,0
2555,50.0,6000.0,nan,부산,0
2556,40.0,6000.0,남,부산,0
2557,40.0,4000.0,여,대구,0
2558,20.0,3000.0,남,대구,0
2559,30.0,4000.0,nan,부산,0
2560,,3000.0,여,대구,1
2561,30.0,6000.0,남,부산,0
2562,50.0,3000.0,여,부산,0
2563,40.0,5000.0,nan,부산,0
2564,20.0,,nan,서울,1
2565,20.0,3000.0,nan,대구,1
2566,,,남,대구,0
2567,30.0,5000.0,여,대구,0
2568,,,여,부산,0
2569,40.0,5000.0,여,서울,0
2570,,,nan,부산,0
2571,20.0,,남,부산,0
2572,20.0,4000.0,nan,부산,0
2573,50.0,3000.0,nan,서울,0
2574,50.0,,남,부산,1
2575,40.0,6000.0,nan,부산,0
2576,30.0,4000.0,nan,서울,0
2577,,3000.0,여,부산,0
2578,40.0,4000.0,남,부산,1
2579,50.0,3000.0,남,대구,0
2580,,5000.0,여,서울,0
2581,50.0,,남,대구,1
2582,,6000.0,여,부산,0
2583,30.0,4000.0,nan,서울,0
2584,40.0,4000.0,남,서울,0
2585,,4000.0,남,부산,1
2586,20.0,4000.0,nan,대구,1
2587,20.0,,nan,부산,1
2588,,3000.0,남,서울,1
2589,,,남,서울,0
2590,,5000.0,남,부산,1
2591,20.0,,여,부산,0
2592,20.0,,남,부산,1
2593,,5000.0,남,부산,0
2594,50.0,,nan,대구,1
2595,50.0,3000.0,nan,대구,0
2596,30.0,6000.0,여,대구,0
2597,40.0,5000.0,nan,대구,0
2598,50.0,4000.0,남,서울,0
2599,20.0,3000.0,남,서울,0
2600,50.0,6000.0,여,대구,1
2601,30.0,3000.0,nan,부산,0
2602,30.0,3000.0,nan,서울,1
2603,40.0,4000.0,nan,부산,1
2604,50.0,6000.0,여,대구,0
2605,20.0,3000.0,nan,서울,0
2606,20.0,4000.0,nan,서울,0
2607,,5000.0,nan,서울,0
2608,20.0,4000.0,남,서울,0
2609,40.0,,여,대구,0
2610,40.0,4000.0,남,서울,0
2611,20.0,4000.0,여,대구,0
2612,20.0,4000.0,nan,서울,0
2613,,3000.0,남,대구,0
2614,20.0,6000.0,nan,대구,1
2615,,4000.0,nan,부산,0
2616,,4000.0,여,대구,0
2617,20.0,,nan,부산,0
2618,30.0,,남,서울,1
2619,30.0,5000.0,여,부산,0
2620,,5000.0,여,대구,0
2621,20.0,,남,부산,0
2622,30.0,6000.0,nan,서울,1
2623,20.0,5000.0,nan,부산,1
2624,20.0,6000.0,nan,대구,0
2625,20.0,,nan,대구,1
2626,50.0,5000.0,nan,서울,0
2627,20.0,4000.0,여,서울,0
2628,50.0,,여,부산,0
2629,,5000.0,남,서울,0
2630,30.0,6000.0,nan,대구,1
2631,30.0,6000.0,nan,부산,1
2632,30.0,5000.0,nan,부산,0
2633,30.0,6000.0,남,부산,0
2634,30.0,5000.0,nan,부산,0
2635,30.0,5000.0,여,서울,0
2636,30.0,6000.0,nan,부산,1
2637,,3000.0,남,부산,1
2638,20.0,4000.0,여,부산,0
2639,40.0,,여,대구,0
2640,50.0,4000.0,여,대구,1
2641,40.0,,nan,서울,0
2642,40.0,,남,대구,1
2643,20.0,4000.0,남,대구,0
2644,20.0,5000.0,nan,서울,0
2645,20.0,6000.0,남,서울,0
2646,30.0,3000.0,여,부산,0
2647,,3000.0,여,부산,0
2648,30.0,3000.0,남,서울,0
2649,,4000.0,남,부산,1
2650,,4000.0,nan,부산,0
2651,40.0,5000.0,nan,부산,0
2652,40.0,3000.0,nan,서울,1
2653,,5000.0,nan,대구,1
2654,,3000.0,nan,대구,0
2655,30.0,4000.0,nan,서울,1
2656,30.0,6000.0,여,서울,1
2657,40.0,6000.0,남,부산,0
2658,20.0,6000.0,nan,서울,0
2659,,6000.0,여,서울,0
2660,30.0,,남,서울,0
2661,40.0,3000.0,남,서울,0
2662,30.0,6000.0,남,부산,0
2663,,,nan,부산,1
2664,,,nan,서울,0
2665,50.0,,nan,서울,0
2666,20.0,5000.0,남,대구,1
2667,50.0,5000.0,남,대구,0
2668,40.0,,여,서울,0
2669,30.0,6000.0,여,대구,0
2670,40.0,3000.0,여,대구,0
2671,,4000.0,여,부산,1
2672,50.0,5000.0,남,부산,0
2673,50.0,6000.0,nan,부산,1
2674,50.0,6000.0,nan,대구,0
2675,40.0,4000.0,nan,서울,1
2676,,4000.0,nan,부산,0
2677,30.0,6000.0,여,대구,0
2678,30.0,4000.0,남,서울,1
2679,40.0,6000.0,nan,부산,0
2680,50.0,4000.0,남,대구,0
2681,20.0,4000.0,여,부산,0
2682,40.0,6000.0,여,대구,0
2683,40.0,,nan,부산,1
2684,,6000.0,nan,대구,1
2685,30.0,3000.0,여,서울,0
2686,40.0,4000.0,여,부산,1
2687,40.0,5000.0,남,부산,0
2688,50.0,4000.0,여,대구,0
2689,50.0,3000.0,남,서울,0
2690,20.0,5000.0,여,서울,0
2691,,5000.0,남,부산,0
2692,20.0,6000.0,여,대구,0
2693,50.0,,여,부산,1
2694,30.0,6000.0,남,대구,0
2695,50.0,5000.0,남,서울,0
2696,,5000.0,nan,부산,0
2697,50.0,,nan,대구,0
2698,,4000.0,여,서울,0
2699,,,여,대구,0
2700,,6000.0,남,부산,0
2701,,4000.0,여,대구,0
2702,,6000.0,nan,부산,1
2703,30.0,,남,서울,1
2704,20.0,4000.0,여,대구,0
2705,40.0,,남,서울,0
2706,20.0,3000.0,nan,서울,0
2707,,5000.0,nan,부산,1
2708,30.0,4000.0,nan,부산,0
2709,50.0,5000.0,여,서울,0
2710,30.0,3000.0,여,부산,0
2711,,4000.0,여,서울,1
2712,30.0,5000.0,여,부산,0
2713,30.0,5000.0,여,부산,0
2714,,4000.0,여,대구,0
2715,30.0,5000.0,nan,대구,0
2716,40.0,5000.0,nan,부산,1
2717,40.0,4000.0,여,서울,1
2718,30.0,5000.0,nan,서울,1
2719,50.0,5000.0,남,서울,0
2720,,6000.0,여,부산,0
2721,40.0,6000.0,남,부산,0
2722,50.0,3000.0,여,서울,0
2723,30.0,6000.0,여,대구,1
2724,50.0,6000.0,nan,대구,0
2725,20.0,3000.0,남,서울,0
2726,40.0,5000.0,nan,부산,1
2727,30.0,5000.0,여,부산,1
2728,,6000.0,남,서울,0
2729,30.0,3000.0,여,대구,0
2730,,5000.0,nan,서울,0
2731,30.0,,여,서울,1
2732,50.0,4000.0,여,서울,0
2733,50.0,4000.0,nan,대구,1
2734,50.0,4000.0,여,서울,0
2735,20.0,6000.0,남,대구,0
2736,,4000.0,nan,부산,0
2737,50.0,4000.0,여,대구,0
2738,20.0,,nan,대구,1
2739,,5000.0,여,서울,0
2740,30.0,,nan,부산,0
2741,20.0,6000.0,nan,서울,0
2742,40.0,4000.0,남,대구,1
2743,20.0,5000.0,nan,대구,0
2744,20.0,4000.0,남,서울,1
2745,,4000.0,nan,부산,0
2746,30.0,6000.0,nan,대구,0
2747,40.0,4000.0,여,대구,0
2748,50.0,3000.0,여,대구,0
2749,50.0,5000.0,여,부산,0
2750,20.0,5000.0,nan,서울,1
2751,,3000.0,nan,부산,0
2752,,6000.0,남,부산,0
2753,50.0,4000.0,남,대구,0
2754,40.0,4000.0,남,부산,0
2755,30.0,5000.0,여,대구,1
2756,40.0,6000.0,여,부산,1
2757,30.0,6000.0,남,부산,0
2758,50.0,6000.0,nan,서울,0
2759,30.0,4000.0,여,부산,0
2760,,6000.0,여,서울,0
2761,20.0,3000.0,남,대구,0
2762,20.0,,여,대구,1
2763,50.0,6000.0,남,서울,0
2764,,,여,대구,0
2765,40.0,4000.0,nan,대구,0
2766,,6000.0,nan,부산,0
2767,20.0,5000.0,여,서울,0
2768,20.0,4000.0,남,대구,0
2769,,3000.0,여,서울,1
2770,,3000.0,남,부산,0
2771,20.0,,여,대구,0
2772,40.0,,nan,대구,1
2773,50.0,5000.0,nan,서울,1
2774,50.0,5000.0,여,대구,0
2775,,3000.0,여,서울,0
2776,50.0,6000.0,여,대구,1
2777,20.0,3000.0,nan,부산,0
2778,20.0,3000.0,nan,부산,0
2779,,5000.0,남,서울,0
2780,,,여,대구,1
2781,,5000.0,여,대구,0
2782,40.0,5000.0,nan,서울,0
2783,50.0,5000.0,여,부산,0
2784,,3000.0,남,부산,1
2785,30.0,6000.0,여,부산,0
2786,30.0,3000.0,nan,서울,1
2787,20.0,4000.0,여,부산,0
2788,50.0,5000.0,nan,서울,0
2789,,5000.0,남,부산,1
2790,30.0,4000.0,남,부산,0
2791,50.0,5000.0,여,서울,1
2792,20.0,5000.0,여,대구,1
2793,40.0,5000.0,nan,대구,1
2794,50.0,4000.0,남,대구,1
2795,50.0,3000.0,남,부산,1
2796,40.0,5000.0,남,부산,0
2797,50.0,6000.0,남,대구,0
2798,20.0,4000.0,여,부산,0
2799,20.0,,여,부산,0
2800,40.0,4000.0,nan,대구,1
2801,,3000.0,남,서울,0
2802,30.0,4000.0,여,대구,0
2803,,,여,대구,1
2804,50.0,6000.0,남,서울,1
2805,30.0,,여,부산,1
2806,40.0,4000.0,nan,대구,1
2807,40.0,,nan,대구,0
2808,30.0,4000.0,남,부산,1
2809,20.0,6000.0,nan,부산,0
2810,30.0,6000.0,여,서울,1
2811,50.0,3000.0,nan,부산,0
2812,20.0,6000.0,여,대구,1
2813,40.0,5000.0,남,부산,0
2814,30.0,,남,부산,0
2815,,,여,서울,1
2816,,4000.0,여,서울,1
2817,50.0,6000.0,nan,대구,1
2818,,3000.0,여,대구,0
2819,30.0,3000.0,남,부산,0
2820,30.0,3000.0,여,대구,0
2821,,5000.0,nan,대구,0
2822,30.0,6000.0,nan,부산,0
2823,50.0,3000.0,여,부산,1
2824,20.0,5000.0,nan,부산,0
2825,50.0,,nan,서울,1
2826,50.0,4000.0,남,서울,0
2827,30.0,6000.0,여,부산,0
2828,20.0,6000.0,남,서울,0
2829,30.0,,남,서울,1
2830,40.0,6000.0,nan,서울,1
2831,30.0,6000.0,남,대구,0
2832,30.0,6000.0,여,부산,0
2833,30.0,6000.0,여,부산,0
2834,20.0,5000.0,여,대구,1
2835,30.0,5000.0,남,서울,1
2836,20.0,4000.0,여,부산,0
2837,,6000.0,여,서울,0
2838,40.0,,남,대구,0
2839,20.0,3000.0,남,서울,0
2840,,4000.0,남,대구,0
2841,20.0,3000.0,남,대구,0
2842,20.0,3000.0,nan,서울,0
2843,40.0,6000.0,남,서울,0
2844,50.0,,남,부산,0
2845,50.0,3000.0,여,대구,0
2846,20.0,3000.0,여,서울,0
2847,30.0,4000.0,남,서울,0
2848,,,남,부산,0
2849,30.0,,남,부산,0
2850,30.0,3000.0,여,부산,1
2851,20.0,,여,대구,1
2852,20.0,4000.0,남,부산,0
2853,20.0,4000.0,여,대구,0
2854,20.0,4000.0,여,부산,1
2855,50.0,6000.0,남,대구,1
2856,20.0,3000.0,여,부산,0
2857,50.0,,남,대구,0
2858,50.0,4000.0,nan,부산,1
2859,20.0,3000.0,nan,부산,0
2860,40.0,3000.0,nan,서울,1
2861,,6000.0,여,대구,0
2862,30.0,,nan,서울,1
2863,50.0,,여,대구,0
2864,,4000.0,남,서울,0
2865,40.0,4000.0,nan,부산,1
2866,30.0,3000.0,여,서울,0
2867,30.0,,nan,부산,0
2868,50.0,,여,대구,1
2869,20.0,4000.0,여,부산,0
2870,40.0,5000.0,남,서울,0
2871,50.0,3000.0,여,대구,0
2872,40.0,,여,서울,0
2873,20.0,6000.0,nan,부산,1
2874,20.0,6000.0,남,부산,1
2875,50.0,5000.0,여,서울,0
2876,20.0,4000.0,nan,대구,0
2877,,4000.0,남,서울,0
2878,30.0,4000.0,여,부산,1
2879,50.0,6000.0,nan,대구,1
2880,40.0,4000.0,남,서울,1
2881,,6000.0,남,부산,1
2882,50.0,5000.0,남,대구,0
2883,20.0,3000.0,남,서울,0
2884,20.0,,여,대구,0
2885,20.0,5000.0,여,부산,0
2886,20.0,6000.0,남,서울,0
2887,40.0,5000.0,남,서울,1
2888,,,여,부산,0
2889,30.0,3000.0,nan,부산,0
2890,40.0,,남,부산,0
2891,40.0,6000.0,여,서울,1
2892,30.0,,여,부산,0
2893,30.0,5000.0,nan,서울,0
2894,20.0,4000.0,여,서울,0
2895,40.0,5000.0,남,대구,1
2896,50.0,6000.0,여,부산,0
2897,30.0,3000.0,남,부산,1
2898,30.0,,여,대구,0
2899,,3000.0,남,서울,1
2900,50.0,6000.0,남,서울,1
2901,50.0,,여,서울,0
2902,30.0,5000.0,남,부산,0
2903,20.0,5000.0,여,서울,0
2904,,6000.0,여,대구,1
2905,50.0,,여,서울,0
2906,30.0,5000.0,남,부산,0
2907,50.0,6000.0,여,부산,0
2908,,6000.0,nan,서울,1
2909,,3000.0,남,서울,0
2910,40.0,5000.0,nan,부산,0
2911,30.0,,nan,서울,0
2912,,5000.0,nan,대구,0
2913,40.0,5000.0,nan,부산,0
2914,40.0,5000.0,여,서울,1
2915,50.0,6000.0,nan,서울,0
2916,50.0,4000.0,남,서울,0
2917,40.0,4000.0,nan,대구,0
2918,50.0,3000.0,nan,부산,1
2919,,5000.0,nan,대구,0
2920,20.0,4000.0,여,서울,1
2921,,3000.0,nan,대구,0
2922,40.0,6000.0,nan,서울,0
2923,40.0,5000.0,nan,서울,1
2924,,,남,부산,0
2925,50.0,6000.0,여,부산,1
2926,50.0,3000.0,여,서울,1
2927,40.0,6000.0,여,서울,0
2928,30.0,,남,서울,0
2929,50.0,6000.0,nan,부산,0
2930,,3000.0,남,부산,1
2931,50.0,,여,서울,0
2932,,,여,부산,0
2933,40.0,6000.0,여,서울,0
2934,50.0,,남,대구,1
2935,,6000.0,여,부산,0
2936,40.0,5000.0,nan,서울,0
2937,30.0,,남,대구,0
2938,,6000.0,nan,서울,1
2939,30.0,5000.0,여,대구,0
2940,30.0,,여,부산,0
2941,20.0,5000.0,남,부산,0
2942,50.0,,nan,서울,0
2943,,3000.0,남,부산,0
2944,30.0,3000.0,nan,부산,0
2945,20.0,6000.0,여,대구,0
2946,40.0,4000.0,남,부산,0
2947,,3000.0,남,대구,0
2948,30.0,4000.0,nan,대구,0
2949,50.0,5000.0,여,대구,1
2950,20.0,5000.0,여,부산,0
2951,30.0,4000.0,nan,서울,0
2952,50.0,6000.0,nan,서울,0
2953,30.0,,nan,부산,0
2954,,4000.0,nan,대구,1
2955,,4000.0,nan,부산,0
2956,,4000.0,여,서울,0
2957,20.0,4000.0,여,대구,1
2958,,4000.0,남,부산,1
2959,50.0,6000.0,여,대구,1
2960,30.0,3000.0,nan,대구,0
2961,40.0,,여,서울,0
2962,50.0,3000.0,여,대구,1
2963,50.0,4000.0,여,부산,1
2964,,3000.0,남,대구,0
2965,20.0,6000.0,남,대구,1
2966,30.0,5000.0,nan,부산,0
2967,20.0,3000.0,nan,서울,0
2968,30.0,,남,서울,0
2969,30.0,6000.0,여,부산,0
2970,20.0,5000.0,여,대구,0
2971,50.0,6000.0,남,부산,0
2972,30.0,4000.0,nan,부산,0
2973,20.0,5000.0,여,부산,0
2974,30.0,,nan,서울,0
2975,40.0,5000.0,여,대구,1
2976,50.0,,nan,부산,0
2977,,4000.0,여,서울,1
2978,30.0,,nan,서울,0
2979,40.0,6000.0,nan,대구,1
2980,,3000.0,nan,부산,0
2981,,6000.0,남,대구,1
2982,30.0,6000.0,nan,부산,0
2983,20.0,5000.0,남,서울,0
2984,30.0,4000.0,남,서울,0
2985,40.0,3000.0,nan,대구,1
2986,,,남,부산,1
2987,30.0,5000.0,남,대구,0
2988,20.0,4000.0,남,부산,0
2989,30.0,3000.0,여,대구,1
2990,50.0,6000.0,nan,서울,1
2991,20.0,4000.0,남,대구,0
2992,40.0,4000.0,nan,부산,1
2993,,4000.0,남,대구,0
2994,30.0,6000.0,nan,부산,1
2995,20.0,,남,대구,1
2996,50.0,5000.0,여,부산,0
2997,20.0,,여,부산,0
2998,50.0,3000.0,여,부산,0
2999,40.0,5000.0,남,대구,0
3000,,3000.0,nan,대구,1
3001,40.0,6000.0,남,서울,1
3002,30.0,,여,부산,0
3003,20.0,4000.0,남,서울,1
3004,50.0,5000.0,nan,서울,0
3005,50.0,4000.0,여,부산,1
3006,20.0,3000.0,남,서울,1
3007,20.0,4000.0,nan,대구,1
3008,30.0,4000.0,여,서울,0
3009,40.0,6000.0,nan,대구,0
3010,50.0,6000.0,nan,부산,0
3011,30.0,,여,부산,0
3012,40.0,3000.0,남,부산,0
3013,30.0,6000.0,남,서울,1
3014,50.0,6000.0,남,부산,0
3015,20.0,,남,부산,0
3016,20.0,5000.0,nan,대구,0
3017,40.0,,남,서울,0
3018,,4000.0,남,서울,0
3019,40.0,4000.0,nan,부산,0
3020,,6000.0,nan,서울,0
3021,30.0,6000.0,여,부산,0
3022,30.0,,nan,대구,0
3023,50.0,,여,서울,0
3024,,3000.0,여,서울,1
3025,50.0,4000.0,남,대구,1
3026,20.0,,남,서울,0
3027,,5000.0,남,부산,0
3028,40.0,3000.0,nan,서울,1
3029,20.0,,nan,서울,0
3030,20.0,6000.0,남,대구,0
3031,40.0,,남,대구,0
3032,20.0,6000.0,nan,부산,1
3033,,6000.0,여,서울,1
3034,50.0,4000.0,여,서울,0
3035,20.0,4000.0,남,대구,0
3036,,,남,부산,0
3037,30.0,,남,서울,1
3038,,5000.0,여,부산,1
3039,50.0,3000.0,남,서울,0
3040,,3000.0,여,대구,1
3041,40.0,,nan,대구,0
3042,50.0,4000.0,nan,대구,0
3043,30.0,5000.0,nan,대구,0
3044,40.0,3000.0,남,대구,0
3045,,,nan,대구,0
3046,50.0,4000.0,여,부산,1
3047,30.0,4000.0,여,대구,0
3048,40.0,4000.0,여,부산,0
3049,30.0,6000.0,남,대구,0
3050,,4000.0,남,서울,0
3051,30.0,,여,서울,0
3052,20.0,5000.0,여,서울,0
3053,40.0,,여,부산,0
3054,30.0,4000.0,여,대구,0
3055,,5000.0,nan,부산,0
3056,,3000.0,여,대구,0
3057,30.0,3000.0,남,서울,0
3058,,,남,부산,0
3059,50.0,5000.0,남,대구,0
3060,50.0,,남,부산,1
3061,50.0,5000.0,남,부산,1
3062,20.0,5000.0,여,서울,1
3063,30.0,,여,서울,0
3064,20.0,5000.0,nan,서울,0
3065,,4000.0,nan,서울,1
3066,20.0,5000.0,nan,서울,0
3067,,5000.0,여,대구,0
3068,,,nan,대구,1
3069,40.0,3000.0,여,서울,0
3070,50.0,6000.0,남,서울,0
3071,,5000.0,여,서울,1
3072,40.0,6000.0,여,부산,1
3073,50.0,5000.0,남,서울,1
3074,,,남,대구,0
3075,,,남,대구,1
3076,20.0,5000.0,nan,부산,1
3077,20.0,,nan,대구,1
3078,50.0,,nan,서울,1
3079,,5000.0,남,부산,0
3080,30.0,3000.0,nan,부산,0
3081,20.0,5000.0,남,대구,1
3082,50.0,3000.0,남,서울,0
3083,,,남,서울,0
3084,,3000.0,nan,서울,1
3085,30.0,,nan,부산,0
3086,50.0,3000.0,남,대구,0
3087,,3000.0,nan,대구,0
3088,20.0,5000.0,여,대구,0
3089,30.0,3000.0,nan,서울,0
3090,50.0,,남,부산,1
3091,30.0,5000.0,남,부산,0
3092,20.0,3000.0,남,대구,0
3093,50.0,5000.0,여,대구,1
3094,30.0,6000.0,남,부산,0
3095,40.0,5000.0,남,대구,0
3096,20.0,6000.0,nan,부산,1
3097,20.0,6000.0,여,부산,0
3098,20.0,5000.0,nan,대구,1
3099,40.0,,남,부산,1
3100,40.0,,남,부산,1
3101,,,여,대구,0
3102,30.0,4000.0,남,대구,0
3103,,6000.0,여,대구,0
3104,30.0,5000.0,nan,부산,1
3105,40.0,,여,대구,1
3106,40.0,,nan,대구,1
3107,,5000.0,남,부산,0
3108,50.0,6000.0,nan,부산,0
3109,,5000.0,nan,대구,0
3110,30.0,4000.0,nan,대구,0
3111,,4000.0,여,부산,1
3112,20.0,5000.0,nan,부산,0
3113,30.0,6000.0,여,서울,0
3114,30.0,,여,부산,1
3115,50.0,4000.0,여,부산,0
3116,40.0,4000.0,남,서울,1
3117,30.0,6000.0,남,대구,0
3118,40.0,4000.0,남,서울,1
3119,,4000.0,여,부산,0
3120,20.0,6000.0,남,서울,0
3121,50.0,5000.0,nan,서울,0
3122,40.0,,여,서울,1
3123,30.0,,남,서울,0
3124,40.0,4000.0,여,서울,0
3125,30.0,,남,서울,1
3126,40.0,5000.0,nan,대구,0
3127,30.0,4000.0,여,서울,1
3128,,,남,서울,0
3129,30.0,3000.0,남,서울,0
3130,30.0,3000.0,nan,서울,0
3131,20.0,3000.0,nan,부산,0
3132,30.0,3000.0,남,서울,0
3133,20.0,3000.0,남,서울,0
3134,50.0,4000.0,여,서울,0
3135,20.0,6000.0,여,대구,0
3136,,6000.0,남,서울,0
3137,20.0,4000.0,nan,부산,0
3138,50.0,4000.0,여,대구,0
3139,,5000.0,남,부산,1
3140,40.0,6000.0,nan,대구,0
3141,40.0,3000.0,nan,대구,0
3142,20.0,4000.0,남,서울,0
3143,20.0,3000.0,남,서울,1
3144,50.0,6000.0,여,대구,0
3145,50.0,,남,서울,0
3146,30.0,,여,서울,1
3147,50.0,4000.0,nan,대구,0
3148,30.0,5000.0,여,대구,0
3149,,3000.0,남,부산,1
3150,20.0,4000.0,여,대구,0
3151,,5000.0,nan,부산,0
3152,50.0,3000.0,nan,부산,0
3153,,6000.0,남,서울,0
3154,,,여,서울,0
3155,,5000.0,남,대구,0
3156,50.0,3000.0,남,대구,0
3157,,4000.0,nan,부산,0
3158,30.0,3000.0,여,부산,1
3159,50.0,4000.0,남,서울,1
3160,,,nan,대구,0
3161,50.0,,남,대구,0
3162,40.0,3000.0,여,대구,0
3163,30.0,3000.0,남,대구,0
3164,,4000.0,여,서울,1
3165,40.0,4000.0,nan,서울,1
3166,40.0,5000.0,nan,부산,0
3167,50.0,5000.0,남,서울,0
3168,40.0,5000.0,nan,부산,1
3169,30.0,3000.0,남,서울,1
3170,30.0,5000.0,남,서울,0
3171,20.0,3000.0,여,대구,0
3172,30.0,,남,부산,0
3173,40.0,6000.0,여,부산,1
3174,30.0,,남,부산,0
3175,50.0,3000.0,여,서울,1
3176,20.0,3000.0,nan,대구,0
3177,40.0,6000.0,남,서울,1
3178,20.0,4000.0,여,대구,0
3179,40.0,4000.0,남,서울,0
3180,50.0,4000.0,여,부산,0
3181,20.0,5000.0,여,서울,0
3182,,4000.0,남,부산,0
3183,40.0,5000.0,남,대구,0
3184,,5000.0,nan,부산,0
3185,20.0,4000.0,nan,부산,0
3186,,4000.0,nan,부산,0
3187,,6000.0,남,부산,0
3188,20.0,6000.0,nan,대구,0
3189,50.0,5000.0,여,서울,0
3190,,6000.0,남,서울,0
3191,,5000.0,여,서울,0
3192,50.0,3000.0,여,서울,0
3193,,5000.0,여,부산,0
3194,,5000.0,남,대구,0
3195,,6000.0,남,대구,0
3196,30.0,3000.0,nan,서울,0
3197,50.0,,nan,서울,0
3198,,,nan,대구,1
3199,50.0,,nan,대구,0
3200,40.0,3000.0,여,부산,0
3201,40.0,4000.0,남,대구,0
3202,,3000.0,nan,대구,1
3203,50.0,6000.0,여,부산,0
3204,50.0,5000.0,남,부산,1
3205,50.0,5000.0,남,부산,1
3206,30.0,6000.0,남,대구,1
3207,40.0,6000.0,여,대구,1
3208,50.0,5000.0,nan,대구,0
3209,50.0,4000.0,남,부산,0
3210,30.0,4000.0,여,대구,1
3211,30.0,4000.0,남,대구,1
3212,50.0,6000.0,여,부산,0
3213,20.0,5000.0,nan,서울,0
3214,50.0,5000.0,nan,서울,1
3215,50.0,5000.0,남,대구,0
3216,30.0,3000.0,nan,부산,0
3217,30.0,3000.0,nan,부산,0
3218,50.0,,여,대구,0
3219,50.0,3000.0,여,대구,0
3220,50.0,4000.0,남,서울,1
3221,30.0,4000.0,여,부산,0
3222,50.0,4000.0,nan,대구,1
3223,50.0,4000.0,여,부산,1
3224,,,nan,대구,1
3225,20.0,4000.0,남,서울,1
3226,40.0,6000.0,nan,대구,0
3227,20.0,6000.0,여,서울,0
3228,,6000.0,여,서울,1
3229,40.0,3000.0,여,대구,0
3230,50.0,5000.0,여,대구,0
3231,,,남,서울,0
3232,50.0,6000.0,nan,부산,0
3233,30.0,6000.0,여,부산,1
3234,,4000.0,nan,서울,0
3235,30.0,6000.0,남,서울,1
3236,,4000.0,nan,대구,0
3237,,4000.0,여,대구,0
3238,30.0,5000.0,nan,서울,0
3239,40.0,3000.0,여,서울,1
3240,20.0,4000.0,여,부산,0
3241,50.0,4000.0,남,부산,1
3242,,5000.0,남,부산,1
3243,50.0,4000.0,nan,서울,0
3244,30.0,,nan,서울,1
3245,50.0,3000.0,여,부산,0
3246,30.0,,여,부산,0
3247,50.0,6000.0,여,대구,0
3248,20.0,3000.0,여,대구,0
3249,20.0,6000.0,남,서울,0
3250,20.0,4000.0,여,대구,0
3251,20.0,5000.0,남,서울,1
3252,20.0,,nan,서울,0
3253,20.0,6000.0,nan,서울,0
3254,30.0,4000.0,남,부산,0
3255,,,여,대구,0
3256,50.0,,nan,대구,0
3257,20.0,6000.0,남,대구,0
3258,30.0,4000.0,nan,대구,1
3259,30.0,5000.0,여,부산,0
3260,30.0,6000.0,남,대구,0
3261,,,nan,대구,0
3262,50.0,,여,부산,0
3263,,3000.0,남,대구,1
3264,40.0,4000.0,남,대구,1
3265,30.0,3000.0,남,부산,1
3266,40.0,5000.0,남,부산,0
3267,20.0,6000.0,nan,부산,0
3268,20.0,,남,부산,0
3269,,4000.0,남,서울,0
3270,50.0,,남,부산,0
3271,40.0,3000.0,남,대구,0
3272,50.0,3000.0,남,대구,0
3273,,6000.0,여,대구,0
3274,20.0,4000.0,nan,대구,0
3275,50.0,4000.0,여,서울,1
3276,50.0,6000.0,nan,서울,0
3277,20.0,3000.0,남,서울,0
3278,40.0,3000.0,nan,대구,0
3279,20.0,3000.0,남,대구,0
3280,50.0,,남,부산,0
3281,40.0,5000.0,여,부산,0
3282,40.0,3000.0,여,대구,0
3283,20.0,5000.0,여,부산,0
3284,50.0,5000.0,nan,부산,0
3285,,4000.0,nan,대구,1
3286,50.0,6000.0,여,서울,0
3287,30.0,,여,대구,0
3288,,5000.0,남,대구,0
3289,40.0,,nan,부산,0
3290,,4000.0,남,부산,0
3291,40.0,3000.0,nan,대구,0
3292,40.0,5000.0,여,서울,1
3293,,6000.0,nan,대구,0
3294,40.0,4000.0,nan,서울,0
3295,40.0,,남,서울,0
3296,30.0,3000.0,여,대구,0
3297,50.0,,여,대구,1
3298,50.0,6000.0,여,대구,0
3299,30.0,5000.0,남,서울,0
3300,,6000.0,남,부산,1
3301,20.0,,남,서울,1
3302,20.0,,nan,서울,0
3303,20.0,6000.0,nan,서울,0
3304,30.0,6000.0,남,부산,1
3305,30.0,6000.0,남,서울,1
3306,40.0,3000.0,여,서울,0
3307,20.0,,nan,서울,0
3308,,4000.0,nan,부산,0
3309,,3000.0,여,서울,0
3310,20.0,3000.0,여,부산,0
3311,20.0,3000.0,여,부산,0
3312,20.0,4000.0,남,대구,0
3313,30.0,6000.0,남,대구,0
3314,30.0,,남,대구,0
3315,30.0,5000.0,남,부산,0
3316,50.0,5000.0,남,대구,1
3317,,,nan,대구,1
3318,,4000.0,nan,대구,1
3319,40.0,5000.0,nan,부산,0
3320,30.0,3000.0,여,서울,0
3321,50.0,5000.0,nan,대구,1
3322,50.0,,여,대구,1
3323,,3000.0,nan,대구,1
3324,30.0,5000.0,남,대구,0
3325,40.0,,nan,부산,0
3326,30.0,4000.0,남,서울,1
3327,20.0,,남,서울,1
3328,30.0,4000.0,nan,대구,1
3329,20.0,3000.0,nan,서울,0
3330,20.0,,남,대구,0
3331,40.0,6000.0,여,대구,0
3332,,6000.0,여,서울,1
3333,30.0,6000.0,nan,서울,1
3334,20.0,6000.0,남,부산,0
3335,30.0,6000.0,여,대구,0
3336,,4000.0,nan,서울,0
3337,,,nan,부산,0
3338,50.0,3000.0,남,서울,0
3339,,6000.0,여,서울,1
3340,40.0,6000.0,nan,대구,1
3341,20.0,3000.0,여,부산,0
3342,50.0,3000.0,nan,대구,0
3343,40.0,6000.0,nan,서울,0
3344,30.0,4000.0,여,부산,0
3345,20.0,3000.0,여,대구,1
3346,,,남,부산,1
3347,20.0,,남,서울,0
3348,30.0,4000.0,남,부산,0
3349,50.0,5000.0,남,서울,0
3350,50.0,4000.0,여,대구,0
3351,50.0,6000.0,남,서울,0
3352,,5000.0,여,서울,0
3353,40.0,6000.0,nan,부산,1
3354,40.0,,여,부산,0
3355,20.0,3000.0,남,대구,1
3356,,6000.0,여,부산,0
3357,50.0,,여,대구,1
3358,50.0,4000.0,여,서울,1
3359,30.0,6000.0,여,서울,0
3360,30.0,,여,부산,0
3361,50.0,3000.0,남,서울,1
3362,50.0,6000.0,여,서울,0
3363,,,남,대구,0
3364,40.0,6000.0,nan,부산,1
3365,30.0,3000.0,여,대구,0
3366,40.0,6000.0,nan,서울,0
3367,,6000.0,남,서울,0
3368,50.0,,여,서울,0
3369,40.0,5000.0,nan,부산,0
3370,50.0,6000.0,남,서울,0
3371,50.0,5000.0,nan,서울,1
3372,20.0,4000.0,여,대구,0
3373,40.0,6000.0,여,부산,0
3374,40.0,5000.0,여,서울,0
3375,50.0,4000.0,남,대구,1
3376,,,nan,서울,0
3377,20.0,6000.0,남,대구,1
3378,50.0,,nan,서울,0
3379,30.0,4000.0,남,부산,0
3380,30.0,,여,부산,0
3381,20.0,,nan,대구,0
3382,,3000.0,nan,서울,0
3383,50.0,4000.0,nan,부산,1
3384,40.0,,남,서울,1
3385,20.0,5000.0,여,부산,0
3386,,4000.0,nan,대구,0
3387,40.0,3000.0,남,부산,1
3388,30.0,6000.0,nan,서울,0
3389,30.0,,여,서울,0
3390,40.0,5000.0,nan,서울,0
3391,20.0,3000.0,여,대구,0
3392,30.0,4000.0,남,대구,0
3393,50.0,,남,서울,0
3394,40.0,3000.0,여,서울,0
3395,40.0,3000.0,여,부산,1
3396,30.0,5000.0,남,부산,0
3397,20.0,6000.0,여,부산,0
3398,50.0,6000.0,여,서울,0
3399,20.0,6000.0,nan,부산,1
3400,,4000.0,남,서울,0
3401,,3000.0,남,대구,0
3402,30.0,4000.0,여,부산,0
3403,30.0,3000.0,여,서울,0
3404,30.0,5000.0,여,서울,0
3405,,5000.0,남,대구,0
3406,20.0,4000.0,nan,대구,0
3407,20.0,4000.0,남,대구,1
3408,30.0,5000.0,nan,대구,0
3409,50.0,,여,부산,1
3410,20.0,6000.0,남,대구,0
3411,,6000.0,nan,서울,0
3412,40.0,5000.0,남,서울,1
3413,40.0,6000.0,nan,서울,1
3414,40.0,,nan,서울,0
3415,50.0,,남,서울,0
3416,30.0,3000.0,여,대구,1
3417,,4000.0,남,서울,0
3418,50.0,6000.0,여,대구,0
3419,,,nan,대구,0
3420,,4000.0,nan,대구,0
3421,30.0,4000.0,남,대구,0
3422,40.0,3000.0,남,부산,1
3423,30.0,4000.0,여,부산,0
3424,50.0,4000.0,여,부산,1
3425,50.0,5000.0,남,부산,0
3426,50.0,3000.0,여,부산,0
3427,30.0,3000.0,여,서울,0
3428,,6000.0,남,부산,1
3429,,4000.0,남,서울,0
3430,20.0,6000.0,nan,서울,0
3431,50.0,,nan,대구,1
3432,,4000.0,남,대구,1
3433,20.0,,nan,대구,0
3434,,5000.0,여,부산,1
3435,50.0,4000.0,남,서울,1
3436,40.0,6000.0,nan,부산,0
3437,50.0,6000.0,남,대구,0
3438,30.0,4000.0,nan,대구,0
3439,,6000.0,남,서울,0
3440,,4000.0,여,서울,1
3441,30.0,3000.0,nan,대구,0
3442,30.0,6000.0,남,부산,1
3443,40.0,4000.0,여,부산,1
3444,,4000.0,nan,서울,0
3445,,6000.0,nan,대구,1
3446,40.0,3000.0,남,부산,1
3447,20.0,6000.0,여,서울,0
3448,40.0,4000.0,남,서울,1
3449,50.0,3000.0,nan,서울,1
3450,,,남,부산,0
3451,30.0,5000.0,남,서울,1
3452,50.0,6000.0,여,부산,0
3453,,4000.0,여,서울,0
3454,40.0,3000.0,nan,부산,1
3455,50.0,3000.0,여,대구,1
3456,,,남,부산,1
3457,20.0,6000.0,nan,대구,0
3458,20.0,3000.0,여,서울,0
3459,30.0,,남,부산,0
3460,,4000.0,남,서울,0
3461,20.0,,nan,대구,0
3462,40.0,6000.0,nan,서울,1
3463,,,여,서울,0
3464,40.0,3000.0,여,서울,0
3465,40.0,3000.0,여,대구,0
3466,20.0,5000.0,여,대구,0
3467,,,nan,부산,0
3468,50.0,4000.0,남,부산,0
3469,20.0,6000.0,남,부산,0
3470,20.0,5000.0,여,부산,0
3471,,,nan,서울,0
3472,,4000.0,여,대구,0
3473,40.0,5000.0,여,대구,0
3474,,3000.0,nan,서울,0
3475,40.0,6000.0,남,부산,1
3476,20.0,,남,대구,0
3477,30.0,4000.0,여,서울,1
3478,50.0,3000.0,nan,서울,1
3479,20.0,5000.0,남,부산,0
3480,,6000.0,남,부산,0
3481,50.0,5000.0,nan,대구,1
3482,30.0,5000.0,nan,대구,0
3483,30.0,4000.0,남,부산,0
3484,40.0,3000.0,여,대구,0
3485,50.0,,여,부산,0
3486,40.0,4000.0,남,서울,1
3487,20.0,6000.0,여,서울,1
3488,50.0,5000.0,여,서울,0
3489,20.0,6000.0,nan,대구,0
3490,40.0,4000.0,nan,부산,0
3491,50.0,4000.0,nan,서울,1
3492,40.0,,여,서울,0
3493,50.0,5000.0,nan,대구,1
3494,40.0,4000.0,nan,대구,0
3495,30.0,6000.0,남,서울,1
3496,40.0,,nan,대구,0
3497,30.0,6000.0,남,대구,1
3498,40.0,5000.0,여,대구,0
3499,50.0,,nan,대구,1
3500,50.0,,남,부산,0
3501,50.0,,남,대구,0
3502,,3000.0,남,대구,0
3503,20.0,,여,부산,0
3504,50.0,6000.0,nan,대구,0
3505,30.0,6000.0,여,대구,0
3506,50.0,5000.0,남,서울,0
3507,,4000.0,여,서울,0
3508,30.0,4000.0,여,서울,0
3509,,3000.0,남,부산,0
3510,30.0,,nan,대구,0
3511,40.0,3000.0,nan,부산,0
3512,20.0,5000.0,여,부산,0
3513,20.0,5000.0,nan,대구,0
3514,,4000.0,남,대구,1
3515,20.0,5000.0,nan,서울,0
3516,,,여,대구,0
3517,,6000.0,남,부산,0
3518,,5000.0,남,서울,1
3519,20.0,3000.0,남,부산,0
3520,,,여,대구,1
3521,20.0,5000.0,여,서울,0
3522,,5000.0,nan,대구,0
3523,50.0,,여,서울,0
3524,,5000.0,남,서울,0
3525,30.0,6000.0,여,서울,0
3526,,4000.0,여,대구,0
3527,40.0,,nan,서울,1
3528,,3000.0,남,서울,0
3529,30.0,5000.0,nan,대구,0
3530,30.0,4000.0,nan,부산,1
3531,20.0,3000.0,nan,대구,1
3532,50.0,3000.0,남,대구,0
3533,,6000.0,nan,서울,1
3534,20.0,4000.0,남,대구,0
3535,50.0,,nan,대구,0
3536,,4000.0,nan,대구,0
3537,40.0,4000.0,남,서울,0
3538,,3000.0,여,대구,0
3539,30.0,6000.0,nan,서울,0
3540,30.0,6000.0,여,대구,0
3541,40.0,4000.0,nan,서울,0
3542,20.0,4000.0,여,서울,1
3543,50.0,5000.0,여,대구,0
3544,,3000.0,여,부산,0
3545,30.0,,여,대구,1
3546,20.0,,여,부산,1
3547,40.0,6000.0,남,서울,1
3548,30.0,3000.0,여,부산,0
3549,40.0,6000.0,남,부산,0
3550,,,nan,서울,0
3551,50.0,4000.0,남,부산,0
3552,30.0,3000.0,여,대구,0
3553,30.0,3000.0,남,부산,0
3554,,5000.0,여,서울,1
3555,20.0,4000.0,남,부산,0
3556,50.0,4000.0,nan,서울,0
3557,30.0,6000.0,여,서울,0
3558,50.0,3000.0,여,대구,1
3559,30.0,6000.0,남,서울,0
3560,50.0,4000.0,남,부산,0
3561,40.0,5000.0,남,대구,1
3562,30.0,3000.0,남,대구,1
3563,50.0,4000.0,남,부산,1
3564,20.0,5000.0,여,부산,1
3565,40.0,,nan,대구,0
3566,40.0,4000.0,남,서울,1
3567,20.0,,여,대구,0
3568,50.0,6000.0,nan,대구,0
3569,,,nan,대구,0
3570,20.0,4000.0,남,서울,0
3571,50.0,,여,부산,0
3572,20.0,3000.0,여,부산,0
3573,20.0,4000.0,여,부산,0
3574,30.0,5000.0,여,서울,0
3575,50.0,,여,서울,0
3576,,3000.0,nan,부산,0
3577,30.0,6000.0,nan,부산,0
3578,20.0,6000.0,nan,부산,0
3579,20.0,,여,부산,0
3580,20.0,6000.0,nan,서울,0
3581,50.0,5000.0,nan,부산,0
3582,50.0,4000.0,남,대구,1
3583,30.0,3000.0,nan,부산,0
3584,,,남,서울,0
3585,30.0,6000.0,여,대구,0
3586,40.0,4000.0,여,대구,1
3587,20.0,5000.0,여,대구,0
3588,20.0,6000.0,여,서울,0
3589,20.0,6000.0,nan,부산,1
3590,30.0,3000.0,남,서울,0
3591,30.0,5000.0,여,서울,0
3592,20.0,5000.0,여,대구,0
3593,30.0,,남,대구,1
3594,50.0,3000.0,남,서울,1
3595,50.0,,남,대구,0
3596,30.0,3000.0,남,서울,0
3597,20.0,5000.0,남,대구,0
3598,30.0,3000.0,nan,부산,0
3599,30.0,3000.0,남,부산,0
3600,30.0,3000.0,nan,부산,0
3601,40.0,4000.0,남,대구,0
3602,50.0,4000.0,남,대구,1
3603,,5000.0,여,부산,0
3604,,3000.0,여,서울,0
3605,40.0,5000.0,여,서울,1
3606,30.0,4000.0,여,부산,0
3607,40.0,3000.0,여,대구,1
3608,40.0,,여,서울,0
3609,20.0,4000.0,남,서울,1
3610,50.0,4000.0,남,서울,1
3611,,4000.0,여,대구,0
3612,30.0,3000.0,여,서울,0
3613,,6000.0,여,서울,0
3614,,,남,부산,0
3615,50.0,,여,대구,0
3616,,5000.0,여,부산,0
3617,,3000.0,남,서울,1
3618,40.0,4000.0,남,대구,1
3619,50.0,6000.0,nan,대구,1
3620,20.0,3000.0,여,부산,0
3621,30.0,3000.0,남,부산,0
3622,,6000.0,nan,대구,1
3623,30.0,4000.0,남,대구,0
3624,20.0,3000.0,nan,부산,0
3625,30.0,,nan,서울,0
3626,20.0,,여,대구,0
3627,40.0,6000.0,여,서울,0
3628,,4000.0,nan,부산,0
3629,20.0,6000.0,여,대구,0
3630,30.0,3000.0,남,부산,0
3631,,,남,대구,1
3632,40.0,5000.0,nan,대구,0
3633,,6000.0,nan,부산,0
3634,20.0,5000.0,남,부산,0
3635,40.0,5000.0,남,서울,0
3636,30.0,,nan,부산,0
3637,40.0,6000.0,남,부산,0
3638,40.0,5000.0,남,서울,0
3639,50.0,3000.0,nan,부산,0
3640,40.0,4000.0,여,서울,0
3641,40.0,4000.0,남,서울,1
3642,,,여,부산,0
3643,30.0,6000.0,여,서울,0
3644,,6000.0,남,서울,1
3645,,4000.0,여,서울,0
3646,20.0,3000.0,nan,부산,0
3647,,4000.0,남,부산,0
3648,50.0,4000.0,남,서울,0
3649,50.0,6000.0,여,부산,0
3650,20.0,5000.0,남,대구,0
3651,30.0,3000.0,남,서울,0
3652,30.0,6000.0,여,대구,1
3653,,4000.0,여,부산,0
3654,,5000.0,남,대구,0
3655,,3000.0,남,부산,0
3656,30.0,,nan,부산,0
3657,40.0,3000.0,nan,서울,0
3658,50.0,3000.0,남,대구,1
3659,40.0,4000.0,남,서울,0
3660,40.0,4000.0,nan,대구,1
3661,30.0,,여,부산,0
3662,40.0,,남,부산,0
3663,20.0,,nan,서울,0
3664,,6000.0,nan,대구,0
3665,20.0,6000.0,남,대구,0
3666,50.0,4000.0,남,부산,0
3667,,4000.0,nan,서울,0
3668,40.0,,남,부산,0
3669,50.0,6000.0,여,부산,1
3670,,5000.0,남,서울,0
3671,40.0,6000.0,nan,대구,0
3672,20.0,4000.0,nan,대구,0
3673,,6000.0,남,부산,0
3674,40.0,4000.0,nan,대구,1
3675,20.0,,여,서울,0
3676,50.0,,남,대구,1
3677,50.0,,남,대구,1
3678,50.0,5000.0,nan,부산,0
3679,50.0,5000.0,여,대구,0
3680,30.0,4000.0,남,서울,1
3681,,3000.0,nan,부산,1
3682,,5000.0,남,서울,0
3683,30.0,4000.0,여,대구,1
3684,40.0,6000.0,nan,대구,1
3685,40.0,,남,부산,0
3686,50.0,,nan,서울,1
3687,20.0,,nan,대구,0
3688,40.0,4000.0,여,대구,0
3689,20.0,,여,부산,0
3690,,5000.0,남,대구,0
3691,20.0,6000.0,nan,대구,1
3692,,,nan,대구,0
3693,30.0,4000.0,nan,서울,0
3694,30.0,6000.0,남,서울,1
3695,50.0,,여,서울,0
3696,40.0,3000.0,여,대구,0
3697,50.0,,nan,부산,0
3698,,5000.0,남,부산,0
3699,50.0,6000.0,nan,부산,1
3700,20.0,5000.0,여,서울,0
3701,,3000.0,nan,서울,0
3702,30.0,3000.0,nan,서울,0
3703,40.0,5000.0,nan,서울,0
3704,,6000.0,여,대구,0
3705,,3000.0,남,부산,0
3706,20.0,3000.0,nan,부산,0
3707,40.0,,여,서울,0
3708,30.0,4000.0,nan,부산,0
3709,,3000.0,남,부산,0
3710,,6000.0,nan,서울,0
3711,20.0,6000.0,남,서울,1
3712,50.0,,여,서울,0
3713,30.0,6000.0,남,서울,0
3714,40.0,,남,대구,1
3715,,3000.0,여,부산,1
3716,,3000.0,남,대구,0
3717,30.0,3000.0,남,부산,0
3718,50.0,3000.0,여,대구,0
3719,,4000.0,남,서울,1
3720,30.0,4000.0,남,대구,0
3721,20.0,3000.0,nan,서울,1
3722,50.0,6000.0,남,서울,0
3723,40.0,,남,대구,0
3724,,5000.0,남,부산,1
3725,30.0,,여,대구,1
3726,20.0,5000.0,남,서울,1
3727,40.0,5000.0,여,서울,1
3728,30.0,3000.0,여,부산,1
3729,30.0,5000.0,남,부산,0
3730,40.0,3000.0,남,부산,0
3731,20.0,4000.0,남,서울,0
3732,20.0,6000.0,남,대구,0
3733,50.0,5000.0,남,부산,0
3734,,6000.0,남,서울,0
3735,40.0,3000.0,남,대구,0
3736,40.0,5000.0,여,부산,0
3737,40.0,,nan,대구,1
3738,20.0,4000.0,여,대구,0
3739,,4000.0,남,서울,0
3740,50.0,5000.0,nan,서울,0
3741,30.0,4000.0,nan,서울,0
3742,30.0,,남,대구,0
3743,40.0,6000.0,남,부산,0
3744,,,여,부산,0
3745,20.0,4000.0,nan,부산,1
3746,,6000.0,nan,서울,1
3747,,,남,부산,0
3748,20.0,3000.0,남,부산,0
3749,40.0,3000.0,nan,서울,0
3750,,6000.0,nan,부산,1
3751,30.0,6000.0,남,부산,0
3752,20.0,6000.0,남,부산,0
3753,50.0,3000.0,남,대구,0
3754,40.0,,여,대구,0
3755,20.0,6000.0,여,서울,0
3756,50.0,3000.0,남,서울,0
3757,50.0,6000.0,여,대구,1
3758,,6000.0,nan,서울,0
3759,,6000.0,nan,서울,0
3760,,3000.0,남,부산,1
3761,20.0,,nan,서울,1
3762,20.0,3000.0,nan,서울,0
3763,40.0,3000.0,nan,부산,0
3764,,6000.0,nan,부산,0
3765,50.0,5000.0,nan,대구,0
3766,30.0,5000.0,여,서울,0
3767,40.0,5000.0,여,부산,1
3768,20.0,3000.0,남,서울,0
3769,40.0,6000.0,nan,서울,0
3770,40.0,5000.0,여,대구,0
3771,40.0,4000.0,여,대구,0
3772,40.0,4000.0,여,대구,0
3773,30.0,4000.0,nan,대구,0
3774,,,여,대구,0
3775,50.0,6000.0,남,부산,0
3776,40.0,3000.0,남,대구,0
3777,40.0,3000.0,nan,부산,0
3778,40.0,6000.0,남,대구,0
3779,,,여,부산,0
3780,20.0,6000.0,nan,서울,0
3781,20.0,,남,대구,1
3782,30.0,5000.0,nan,부산,1
3783,20.0,5000.0,여,대구,1
3784,40.0,,남,부산,0
3785,40.0,6000.0,여,부산,0
3786,40.0,5000.0,남,대구,0
3787,30.0,6000.0,nan,부산,1
3788,40.0,5000.0,남,서울,1
3789,20.0,6000.0,남,대구,1
3790,,6000.0,남,서울,0
3791,,4000.0,nan,부산,1
3792,50.0,,남,부산,1
3793,20.0,3000.0,여,대구,0
3794,40.0,,nan,서울,0
3795,,6000.0,nan,서울,0
3796,20.0,6000.0,여,대구,0
3797,,,nan,서울,0
3798,40.0,6000.0,남,대구,1
3799,,5000.0,nan,대구,1
3800,50.0,6000.0,여,부산,1
3801,50.0,,nan,부산,0
3802,,,여,서울,0
3803,20.0,,nan,대구,0
3804,20.0,4000.0,여,대구,0
3805,20.0,4000.0,nan,대구,0
3806,,4000.0,남,대구,1
3807,20.0,4000.0,여,부산,0
3808,40.0,4000.0,여,서울,0
3809,50.0,4000.0,nan,부산,0
3810,40.0,4000.0,nan,대구,1
3811,20.0,,nan,서울,0
3812,40.0,3000.0,남,서울,0
3813,20.0,4000.0,nan,대구,1
3814,,,여,대구,0
3815,40.0,3000.0,nan,부산,0
3816,,4000.0,남,부산,0
3817,,3000.0,nan,대구,0
3818,30.0,3000.0,nan,대구,0
3819,20.0,5000.0,여,부산,1
3820,50.0,6000.0,nan,서울,0
3821,20.0,5000.0,남,서울,0
3822,50.0,3000.0,nan,서울,0
3823,20.0,,nan,부산,0
3824,,4000.0,여,대구,0
3825,40.0,6000.0,nan,서울,0
3826,40.0,4000.0,여,대구,0
3827,30.0,,여,부산,0
3828,50.0,6000.0,nan,부산,0
3829,50.0,5000.0,여,대구,0
3830,50.0,3000.0,여,대구,0
3831,,,nan,대구,0
3832,50.0,3000.0,nan,대구,1
3833,40.0,3000.0,남,서울,0
3834,,4000.0,남,대구,1
3835,20.0,,여,서울,0
3836,50.0,3000.0,여,부산,1
3837,50.0,5000.0,nan,서울,0
3838,20.0,6000.0,남,대구,1
3839,50.0,,남,서울,0
3840,20.0,4000.0,nan,부산,1
3841,,,nan,대구,1
3842,40.0,4000.0,nan,부산,0
3843,20.0,6000.0,nan,부산,1
3844,30.0,5000.0,남,대구,0
3845,20.0,3000.0,nan,서울,0
3846,50.0,,nan,부산,0
3847,,4000.0,남,대구,0
3848,,6000.0,nan,부산,0
3849,20.0,3000.0,남,서울,1
3850,40.0,6000.0,남,부산,1
3851,30.0,5000.0,nan,부산,1
3852,,3000.0,nan,부산,0
3853,50.0,3000.0,여,부산,0
3854,50.0,3000.0,여,서울,0
3855,40.0,4000.0,남,대구,0
3856,,3000.0,남,부산,0
3857,20.0,6000.0,여,서울,0
3858,50.0,4000.0,남,부산,1
3859,40.0,3000.0,여,부산,0
3860,,6000.0,nan,부산,0
3861,,6000.0,nan,서울,0
3862,,,nan,부산,0
3863,,6000.0,남,부산,0
3864,,5000.0,nan,대구,0
3865,50.0,3000.0,남,서울,0
3866,40.0,3000.0,nan,대구,1
3867,,3000.0,남,대구,0
3868,30.0,6000.0,남,대구,1
3869,30.0,6000.0,여,대구,0
3870,40.0,3000.0,여,부산,0
3871,20.0,4000.0,여,대구,1
3872,20.0,4000.0,남,서울,0
3873,20.0,5000.0,여,부산,0
3874,30.0,,여,대구,0
3875,20.0,5000.0,여,대구,1
3876,50.0,3000.0,남,서울,0
3877,,3000.0,남,서울,0
3878,30.0,3000.0,여,대구,0
3879,40.0,,여,대구,0
3880,40.0,6000.0,남,대구,1
3881,,,남,대구,1
3882,30.0,5000.0,여,대구,0
3883,20.0,6000.0,여,서울,0
3884,20.0,6000.0,여,서울,1
3885,50.0,5000.0,남,부산,0
3886,50.0,6000.0,여,부산,1
3887,20.0,4000.0,남,서울,0
3888,40.0,5000.0,nan,부산,0
3889,40.0,5000.0,여,대구,1
3890,50.0,4000.0,nan,부산,0
3891,,,남,대구,1
3892,20.0,,nan,대구,0
3893,50.0,,여,부산,0
3894,50.0,6000.0,nan,부산,1
3895,20.0,4000.0,nan,대구,0
3896,20.0,5000.0,nan,서울,1
3897,40.0,5000.0,남,부산,1
3898,,5000.0,여,부산,1
3899,,6000.0,남,서울,1
3900,20.0,6000.0,nan,부산,0
3901,30.0,,nan,대구,0
3902,50.0,6000.0,남,서울,1
3903,50.0,,남,서울,0
3904,20.0,,nan,대구,0
3905,30.0,5000.0,여,대구,0
3906,40.0,6000.0,남,대구,0
3907,20.0,,nan,서울,1
3908,20.0,4000.0,nan,대구,0
3909,50.0,4000.0,여,부산,0
3910,20.0,6000.0,nan,부산,0
3911,20.0,5000.0,남,대구,1
3912,20.0,5000.0,nan,부산,1
3913,50.0,,nan,부산,0
3914,40.0,6000.0,nan,서울,1
3915,40.0,4000.0,nan,대구,0
3916,20.0,,여,부산,0
3917,50.0,,남,대구,1
3918,40.0,3000.0,nan,대구,0
3919,40.0,6000.0,남,부산,0
3920,40.0,,여,부산,0
3921,50.0,4000.0,남,서울,0
3922,50.0,3000.0,여,서울,0
3923,20.0,4000.0,남,서울,0
3924,,5000.0,남,부산,0
3925,40.0,3000.0,nan,서울,0
3926,,3000.0,남,대구,0
3927,50.0,,nan,서울,0
3928,50.0,5000.0,nan,서울,1
3929,50.0,,남,서울,0
3930,,6000.0,nan,대구,1
3931,50.0,4000.0,남,대구,0
3932,20.0,4000.0,nan,부산,1
3933,50.0,,nan,서울,0
3934,30.0,4000.0,여,대구,1
3935,,4000.0,여,대구,0
3936,30.0,6000.0,남,대구,0
3937,50.0,5000.0,nan,부산,0
3938,20.0,3000.0,여,부산,0
3939,40.0,,여,부산,1
3940,50.0,,여,서울,1
3941,20.0,6000.0,nan,대구,0
3942,,6000.0,남,부산,1
3943,30.0,3000.0,nan,부산,0
3944,30.0,5000.0,nan,대구,1
3945,30.0,,여,대구,1
3946,,6000.0,nan,서울,0
3947,20.0,,nan,서울,0
3948,,4000.0,여,서울,0
3949,30.0,,여,부산,0
3950,50.0,5000.0,nan,부산,1
3951,40.0,5000.0,여,대구,0
3952,,,남,서울,1
3953,,4000.0,남,대구,0
3954,20.0,5000.0,남,서울,0
3955,20.0,6000.0,남,서울,0
3956,,,남,서울,1
3957,30.0,4000.0,여,서울,0
3958,40.0,6000.0,여,대구,1
3959,20.0,,남,대구,0
3960,30.0,4000.0,남,부산,0
3961,50.0,6000.0,남,서울,0
3962,20.0,5000.0,여,대구,1
3963,30.0,,여,서울,0
3964,30.0,,nan,서울,0
3965,40.0,5000.0,nan,부산,0
3966,40.0,3000.0,nan,부산,0
3967,50.0,6000.0,nan,대구,0
3968,30.0,5000.0,여,대구,1
3969,30.0,,여,부산,0
3970,40.0,6000.0,여,대구,1
3971,20.0,6000.0,여,대구,0
3972,20.0,3000.0,남,부산,0
3973,,,nan,서울,0
3974,40.0,4000.0,여,서울,0
3975,,3000.0,여,부산,1
3976,40.0,3000.0,nan,서울,1
3977,50.0,4000.0,여,서울,0
3978,30.0,4000.0,남,부산,1
3979,50.0,3000.0,여,대구,0
3980,40.0,6000.0,nan,부산,1
3981,30.0,5000.0,남,부산,0
3982,20.0,5000.0,남,서울,0
3983,20.0,3000.0,nan,부산,0
3984,,6000.0,nan,서울,0
3985,40.0,4000.0,남,부산,1
3986,40.0,3000.0,여,대구,0
3987,20.0,,nan,서울,0
3988,50.0,6000.0,남,부산,0
3989,30.0,,nan,서울,0
3990,50.0,,여,부산,0
3991,50.0,3000.0,여,부산,0
3992,20.0,6000.0,남,부산,0
3993,20.0,,여,서울,0
3994,20.0,6000.0,여,서울,0
3995,,5000.0,여,대구,0
3996,50.0,,nan,대구,1
3997,40.0,,남,대구,1
3998,30.0,6000.0,남,대구,1
3999,,5000.0,남,부산,1
4000,40.0,,여,서울,1
4001,50.0,3000.0,nan,부산,0
4002,20.0,6000.0,남,서울,0
4003,50.0,6000.0,nan,서울,1
4004,30.0,,남,부산,0
4005,,5000.0,여,부산,0
4006,,,남,서울,0
4007,30.0,4000.0,남,대구,1
4008,40.0,,여,대구,1
4009,40.0,4000.0,여,서울,0
4010,,3000.0,남,부산,1
4011,,6000.0,nan,부산,1
4012,20.0,6000.0,여,서울,0
4013,40.0,5000.0,남,부산,1
4014,30.0,,여,서울,1
4015,40.0,3000.0,nan,서울,0
4016,20.0,4000.0,남,서울,0
4017,,5000.0,남,부산,0
4018,,3000.0,nan,대구,0
4019,20.0,3000.0,nan,서울,1
4020,30.0,4000.0,남,부산,0
4021,,4000.0,nan,대구,0
4022,50.0,6000.0,nan,서울,1
4023,,,남,대구,1
4024,50.0,5000.0,여,부산,0
4025,20.0,,nan,대구,1
4026,20.0,5000.0,여,대구,0
4027,,3000.0,여,부산,0
4028,40.0,4000.0,여,서울,1
4029,50.0,4000.0,nan,부산,1
4030,30.0,3000.0,남,부산,1
4031,,3000.0,남,서울,0
4032,30.0,5000.0,남,서울,0
4033,,3000.0,남,부산,1
4034,40.0,5000.0,남,서울,0
4035,40.0,,남,서울,0
4036,40.0,4000.0,여,부산,1
4037,40.0,4000.0,여,부산,0
4038,20.0,4000.0,여,부산,0
4039,20.0,,nan,부산,0
4040,50.0,,nan,대구,1
4041,30.0,6000.0,nan,대구,1
4042,,5000.0,남,서울,0
4043,,5000.0,여,대구,0
4044,20.0,6000.0,nan,대구,0
4045,,4000.0,여,대구,1
4046,20.0,5000.0,남,서울,0
4047,50.0,5000.0,여,대구,1
4048,30.0,4000.0,남,부산,0
4049,50.0,3000.0,nan,부산,0
4050,40.0,3000.0,남,서울,1
4051,40.0,6000.0,남,서울,0
4052,40.0,,여,서울,1
4053,50.0,5000.0,남,대구,0
4054,,5000.0,nan,서울,0
4055,30.0,6000.0,nan,서울,0
4056,40.0,6000.0,남,서울,0
4057,40.0,5000.0,여,부산,0
4058,40.0,4000.0,nan,서울,1
4059,30.0,4000.0,nan,부산,0
4060,40.0,,남,부산,1
4061,30.0,5000.0,남,서울,0
4062,40.0,5000.0,nan,서울,0
4063,50.0,5000.0,남,대구,0
4064,50.0,5000.0,남,서울,1
4065,30.0,6000.0,nan,서울,0
4066,50.0,3000.0,여,서울,0
4067,30.0,5000.0,여,서울,0
4068,50.0,3000.0,nan,서울,0
4069,50.0,4000.0,남,서울,0
4070,30.0,,nan,대구,0
4071,,4000.0,nan,대구,0
4072,50.0,5000.0,남,서울,0
4073,40.0,4000.0,여,대구,1
4074,,6000.0,여,부산,1
4075,30.0,3000.0,남,대구,0
4076,,5000.0,nan,부산,0
4077,20.0,6000.0,남,서울,0
4078,20.0,3000.0,nan,부산,1
4079,50.0,6000.0,남,서울,0
4080,50.0,4000.0,남,대구,0
4081,40.0,5000.0,여,부산,1
4082,,4000.0,여,부산,1
4083,20.0,,남,부산,1
4084,50.0,5000.0,남,서울,1
4085,,4000.0,여,서울,1
4086,50.0,5000.0,nan,대구,1
4087,50.0,3000.0,여,대구,0
4088,20.0,5000.0,nan,서울,1
4089,20.0,5000.0,여,대구,1
4090,50.0,3000.0,여,부산,0
4091,30.0,4000.0,nan,부산,0
4092,50.0,5000.0,남,부산,0
4093,50.0,6000.0,여,대구,1
4094,40.0,5000.0,여,부산,0
4095,40.0,4000.0,여,부산,0
4096,40.0,3000.0,남,서울,0
4097,30.0,4000.0,여,서울,1
4098,30.0,,남,대구,0
4099,50.0,5000.0,여,서울,0
4100,40.0,5000.0,nan,대구,0
4101,30.0,3000.0,여,대구,0
4102,20.0,5000.0,여,서울,0
4103,50.0,6000.0,남,서울,0
4104,,6000.0,남,대구,0
4105,50.0,4000.0,남,대구,0
4106,,3000.0,nan,대구,0
4107,40.0,,nan,부산,0
4108,,4000.0,남,부산,1
4109,40.0,3000.0,nan,서울,0
4110,20.0,3000.0,남,부산,0
4111,,4000.0,nan,부산,0
4112,50.0,4000.0,남,대구,0
4113,40.0,5000.0,남,부산,0
4114,50.0,,nan,서울,0
4115,30.0,6000.0,여,부산,1
4116,40.0,5000.0,남,부산,0
4117,,3000.0,남,부산,0
4118,40.0,,여,서울,1
4119,50.0,,남,서울,0
4120,20.0,4000.0,남,대구,1
4121,40.0,,nan,부산,0
4122,,,여,대구,0
4123,30.0,3000.0,남,대구,0
4124,20.0,5000.0,남,서울,0
4125,30.0,,여,대구,1
4126,40.0,4000.0,여,부산,0
4127,50.0,5000.0,nan,대구,0
4128,50.0,4000.0,nan,서울,0
4129,,,nan,서울,0
4130,50.0,5000.0,남,서울,1
4131,20.0,,여,부산,0
4132,50.0,3000.0,nan,대구,1
4133,,5000.0,여,부산,1
4134,40.0,4000.0,남,서울,0
4135,40.0,3000.0,남,부산,0
4136,50.0,6000.0,여,서울,0
4137,30.0,4000.0,여,부산,0
4138,40.0,,nan,부산,0
4139,50.0,4000.0,여,대구,1
4140,,6000.0,nan,대구,0
4141,50.0,4000.0,여,서울,0
4142,40.0,3000.0,여,대구,0
4143,,4000.0,여,대구,0
4144,50.0,5000.0,남,부산,0
4145,20.0,6000.0,남,서울,0
4146,,4000.0,남,부산,0
4147,20.0,6000.0,nan,부산,0
4148,30.0,3000.0,nan,대구,0
4149,,5000.0,남,대구,1
4150,20.0,,남,서울,0
4151,40.0,4000.0,여,대구,1
4152,40.0,3000.0,여,부산,0
4153,30.0,6000.0,nan,대구,1
4154,,6000.0,nan,서울,0
4155,,3000.0,여,서울,1
4156,,4000.0,nan,부산,1
4157,30.0,,남,부산,1
4158,,4000.0,여,대구,1
4159,40.0,5000.0,여,서울,0
4160,20.0,4000.0,nan,부산,0
4161,40.0,5000.0,여,대구,0
4162,40.0,6000.0,여,대구,0
4163,20.0,5000.0,남,대구,0
4164,40.0,,여,부산,0
4165,30.0,3000.0,여,부산,0
4166,20.0,5000.0,여,대구,0
4167,40.0,4000.0,여,대구,0
4168,50.0,5000.0,남,부산,0
4169,40.0,6000.0,여,서울,0
4170,30.0,5000.0,남,대구,0
4171,,,남,서울,1
4172,40.0,5000.0,남,서울,1
4173,,,nan,부산,0
4174,50.0,4000.0,nan,부산,0
4175,40.0,6000.0,여,서울,0
4176,20.0,3000.0,남,부산,0
4177,,4000.0,nan,서울,0
4178,50.0,4000.0,여,서울,1
4179,20.0,3000.0,nan,부산,1
4180,20.0,5000.0,남,부산,1
4181,20.0,5000.0,여,대구,0
4182,20.0,5000.0,남,부산,0
4183,40.0,6000.0,남,대구,0
4184,40.0,4000.0,nan,부산,0
4185,40.0,,여,부산,0
4186,50.0,3000.0,여,부산,0
4187,50.0,4000.0,여,부산,1
4188,50.0,5000.0,nan,서울,1
4189,30.0,3000.0,여,부산,0
4190,50.0,,nan,서울,1
4191,40.0,4000.0,여,부산,0
4192,40.0,4000.0,nan,부산,0
4193,30.0,6000.0,여,서울,0
4194,30.0,4000.0,nan,부산,0
4195,50.0,4000.0,남,대구,0
4196,,,남,대구,0
4197,30.0,,남,부산,1
4198,20.0,3000.0,여,대구,0
4199,40.0,5000.0,nan,대구,1
4200,20.0,,남,대구,0
4201,40.0,3000.0,여,대구,0
4202,40.0,4000.0,nan,서울,0
4203,30.0,3000.0,남,서울,0
4204,30.0,3000.0,남,서울,0
4205,20.0,3000.0,여,대구,0
4206,40.0,3000.0,nan,대구,1
4207,20.0,,여,서울,0
4208,,5000.0,남,대구,0
4209,20.0,3000.0,여,서울,0
4210,50.0,6000.0,여,서울,1
4211,20.0,4000.0,남,서울,0
4212,50.0,4000.0,남,대구,0
4213,50.0,4000.0,nan,서울,0
4214,50.0,4000.0,nan,부산,0
4215,,4000.0,남,서울,1
4216,20.0,3000.0,남,서울,0
4217,20.0,5000.0,nan,부산,1
4218,,6000.0,여,대구,0
4219,40.0,,남,서울,0
4220,30.0,6000.0,남,부산,1
4221,20.0,,여,대구,0
4222,30.0,,nan,부산,1
4223,,6000.0,nan,서울,0
4224,40.0,3000.0,여,부산,0
4225,40.0,4000.0,남,대구,0
4226,40.0,3000.0,여,서울,1
4227,,4000.0,남,부산,1
4228,50.0,5000.0,nan,대구,0
4229,50.0,,남,대구,0
4230,30.0,6000.0,남,서울,0
4231,50.0,5000.0,남,서울,0
4232,50.0,4000.0,남,서울,0
4233,40.0,3000.0,남,서울,0
4234,40.0,6000.0,nan,부산,1
4235,30.0,,여,대구,1
4236,20.0,5000.0,nan,서울,1
4237,30.0,,남,서울,1
4238,30.0,4000.0,여,서울,0
4239,,,남,부산,1
4240,,3000.0,nan,대구,0
4241,30.0,5000.0,nan,대구,1
4242,30.0,5000.0,남,서울,0
4243,30.0,3000.0,남,대구,0
4244,50.0,,여,부산,1
4245,,3000.0,여,대구,1
4246,30.0,6000.0,남,서울,1
4247,40.0,3000.0,여,대구,1
4248,40.0,,남,부산,0
4249,50.0,3000.0,남,부산,1
4250,50.0,4000.0,남,대구,1
4251,20.0,3000.0,nan,대구,1
4252,20.0,3000.0,남,서울,0
4253,20.0,,남,서울,0
4254,50.0,6000.0,남,서울,0
4255,50.0,6000.0,여,대구,0
4256,50.0,,남,부산,1
4257,40.0,,nan,부산,0
4258,50.0,,nan,대구,0
4259,40.0,4000.0,남,부산,1
4260,20.0,5000.0,남,부산,0
4261,20.0,3000.0,남,대구,0
4262,20.0,,nan,부산,0
4263,30.0,,여,대구,0
4264,30.0,,여,서울,0
4265,,6000.0,남,부산,1
4266,,,여,대구,0
4267,,3000.0,nan,부산,0
4268,30.0,,남,부산,0
4269,30.0,3000.0,여,서울,0
4270,,4000.0,남,대구,0
4271,,5000.0,남,서울,0
4272,50.0,6000.0,nan,부산,1
4273,,3000.0,nan,부산,0
4274,50.0,4000.0,여,부산,0
4275,40.0,5000.0,nan,대구,0
4276,30.0,5000.0,남,서울,0
4277,,5000.0,nan,대구,0
4278,30.0,3000.0,여,부산,0
4279,30.0,4000.0,여,서울,1
4280,30.0,,여,부산,0
4281,40.0,4000.0,nan,서울,0
4282,20.0,4000.0,nan,대구,1
4283,,4000.0,nan,대구,0
4284,20.0,3000.0,nan,대구,0
4285,20.0,3000.0,nan,대구,0
4286,20.0,3000.0,여,대구,1
4287,30.0,4000.0,여,서울,1
4288,50.0,3000.0,nan,서울,0
4289,30.0,5000.0,남,부산,0
4290,30.0,3000.0,여,서울,0
4291,20.0,6000.0,남,부산,0
4292,30.0,3000.0,남,대구,0
4293,20.0,3000.0,여,서울,0
4294,50.0,3000.0,남,서울,1
4295,,3000.0,남,대구,0
4296,20.0,6000.0,여,대구,0
4297,50.0,,여,대구,1
4298,,3000.0,nan,부산,1
4299,40.0,5000.0,여,부산,0
4300,20.0,6000.0,남,서울,1
4301,20.0,,여,대구,0
4302,40.0,3000.0,nan,서울,0
4303,40.0,,여,대구,0
4304,20.0,5000.0,남,대구,0
4305,40.0,6000.0,여,대구,0
4306,30.0,6000.0,남,대구,0
4307,,,여,대구,0
4308,,3000.0,nan,부산,0
4309,,4000.0,nan,서울,0
4310,30.0,6000.0,여,대구,0
4311,40.0,4000.0,남,부산,0
4312,50.0,6000.0,nan,부산,0
4313,40.0,3000.0,남,대구,0
4314,20.0,3000.0,여,대구,1
4315,,6000.0,nan,부산,1
4316,40.0,,nan,대구,0
4317,50.0,3000.0,남,부산,0
4318,20.0,3000.0,nan,대구,0
4319,30.0,5000.0,남,부산,0
4320,30.0,3000.0,남,대구,0
4321,50.0,5000.0,여,부산,0
4322,20.0,3000.0,남,서울,0
4323,,3000.0,nan,대구,0
4324,40.0,,남,대구,0
4325,20.0,,nan,부산,0
4326,30.0,3000.0,남,대구,1
4327,50.0,6000.0,여,서울,0
4328,50.0,6000.0,여,서울,0
4329,40.0,3000.0,남,부산,0
4330,50.0,6000.0,남,부산,0
4331,50.0,3000.0,남,대구,0
4332,20.0,,여,부산,0
4333,,4000.0,남,서울,0
4334,40.0,5000.0,남,서울,1
4335,20.0,6000.0,nan,대구,0
4336,,6000.0,여,서울,0
4337,20.0,,여,부산,1
4338,20.0,6000.0,남,대구,0
4339,50.0,3000.0,남,대구,0
4340,,3000.0,nan,대구,0
4341,40.0,4000.0,남,부산,0
4342,40.0,4000.0,여,대구,0
4343,,4000.0,nan,대구,0
4344,50.0,3000.0,여,서울,0
4345,30.0,4000.0,남,서울,0
4346,20.0,4000.0,nan,대구,0
4347,50.0,3000.0,여,부산,1
4348,,,여,부산,1
4349,20.0,6000.0,여,부산,0
4350,40.0,5000.0,남,부산,1
4351,30.0,3000.0,남,서울,0
4352,40.0,3000.0,남,부산,1
4353,,5000.0,남,부산,0
4354,20.0,5000.0,여,대구,1
4355,,4000.0,nan,부산,1
4356,20.0,5000.0,남,부산,0
4357,50.0,6000.0,nan,부산,0
4358,30.0,6000.0,여,부산,1
4359,50.0,6000.0,남,서울,0
4360,50.0,6000.0,여,대구,0
4361,,6000.0,남,서울,0
4362,30.0,4000.0,남,대구,0
4363,20.0,3000.0,nan,대구,0
4364,20.0,5000.0,여,대구,0
4365,40.0,3000.0,여,대구,0
4366,20.0,5000.0,여,서울,1
4367,,4000.0,nan,대구,0
4368,50.0,4000.0,nan,부산,0
4369,50.0,,여,부산,0
4370,50.0,,여,대구,1
4371,30.0,4000.0,남,부산,0
4372,20.0,4000.0,남,부산,1
4373,,5000.0,nan,대구,0
4374,30.0,4000.0,남,대구,0
4375,40.0,3000.0,여,대구,0
4376,,5000.0,여,서울,0
4377,,4000.0,남,대구,1
4378,,5000.0,남,대구,0
4379,50.0,5000.0,nan,서울,0
4380,,6000.0,남,부산,1
4381,20.0,,nan,서울,0
4382,,5000.0,남,부산,0
4383,50.0,5000.0,남,서울,1
4384,,6000.0,남,대구,0
4385,40.0,4000.0,남,서울,1
4386,40.0,5000.0,여,대구,1
4387,50.0,6000.0,여,부산,0
4388,20.0,3000.0,여,대구,0
4389,20.0,6000.0,남,서울,0
4390,30.0,,nan,서울,0
4391,50.0,,남,부산,1
4392,,4000.0,여,대구,0
4393,50.0,4000.0,nan,부산,0
4394,30.0,,nan,대구,0
4395,50.0,,여,대구,0
4396,50.0,5000.0,남,부산,0
4397,30.0,,nan,부산,1
4398,20.0,4000.0,nan,대구,0
4399,,,여,부산,1
4400,30.0,4000.0,nan,대구,0
4401,40.0,3000.0,nan,부산,0
4402,20.0,,nan,부산,0
4403,40.0,4000.0,남,부산,1
4404,20.0,6000.0,남,서울,0
4405,,5000.0,여,부산,1
4406,,4000.0,남,서울,1
4407,50.0,,nan,대구,1
4408,40.0,,남,대구,0
4409,20.0,3000.0,nan,부산,0
4410,,6000.0,nan,서울,0
4411,30.0,4000.0,남,대구,0
4412,,6000.0,남,서울,1
4413,30.0,3000.0,남,서울,1
4414,20.0,5000.0,남,대구,1
4415,,6000.0,여,서울,0
4416,,3000.0,남,서울,0
4417,20.0,4000.0,여,대구,0
4418,,5000.0,nan,부산,0
4419,30.0,,여,부산,1
4420,,3000.0,nan,서울,1
4421,40.0,,여,부산,0
4422,50.0,5000.0,여,대구,0
4423,30.0,3000.0,nan,대구,0
4424,40.0,3000.0,여,대구,0
4425,20.0,5000.0,nan,서울,0
4426,30.0,4000.0,남,대구,0
4427,50.0,3000.0,nan,서울,0
4428,50.0,5000.0,여,서울,1
4429,20.0,6000.0,남,대구,0
4430,20.0,,여,대구,1
4431,30.0,3000.0,남,서울,0
4432,,6000.0,nan,대구,1
4433,20.0,3000.0,남,부산,1
4434,,4000.0,남,서울,0
4435,40.0,5000.0,남,서울,0
4436,50.0,3000.0,여,대구,0
4437,,5000.0,남,대구,0
4438,50.0,3000.0,nan,서울,0
4439,,4000.0,nan,서울,0
4440,40.0,4000.0,nan,서울,1
4441,20.0,6000.0,남,대구,0
4442,40.0,4000.0,nan,서울,0
4443,20.0,5000.0,여,부산,0
4444,20.0,4000.0,nan,부산,1
4445,50.0,3000.0,남,대구,0
4446,40.0,4000.0,nan,서울,0
4447,,5000.0,남,서울,1
4448,40.0,3000.0,남,부산,0
4449,50.0,6000.0,nan,서울,0
4450,20.0,6000.0,여,대구,0
4451,50.0,6000.0,여,대구,0
4452,30.0,3000.0,nan,대구,0
4453,30.0,6000.0,남,서울,1
4454,,4000.0,nan,서울,0
4455,50.0,3000.0,남,부산,0
4456,,3000.0,남,부산,0
4457,,3000.0,남,대구,0
4458,30.0,,여,서울,0
4459,,5000.0,여,서울,1
4460,30.0,,nan,대구,1
4461,20.0,,여,대구,0
4462,50.0,,남,부산,0
4463,,5000.0,남,부산,0
4464,30.0,,nan,대구,1
4465,40.0,6000.0,남,서울,0
4466,,3000.0,nan,부산,0
4467,20.0,3000.0,nan,대구,1
4468,20.0,4000.0,남,서울,0
4469,40.0,6000.0,여,대구,0
4470,30.0,5000.0,남,서울,0
4471,,3000.0,남,부산,0
4472,30.0,,nan,서울,1
4473,20.0,4000.0,여,서울,0
4474,30.0,4000.0,nan,대구,0
4475,20.0,3000.0,남,서울,0
4476,30.0,6000.0,nan,부산,1
4477,40.0,4000.0,nan,대구,1
4478,50.0,3000.0,남,대구,0
4479,40.0,6000.0,nan,대구,0
4480,40.0,3000.0,남,대구,0
4481,50.0,3000.0,nan,대구,0
4482,50.0,6000.0,여,대구,0
4483,,6000.0,남,대구,0
4484,,6000.0,여,부산,1
4485,40.0,3000.0,nan,부산,0
4486,40.0,4000.0,여,대구,0
4487,20.0,5000.0,여,서울,1
4488,20.0,5000.0,여,대구,0
4489,,3000.0,nan,대구,0
4490,,3000.0,남,대구,0
4491,20.0,4000.0,nan,서울,0
4492,20.0,6000.0,nan,부산,1
4493,30.0,3000.0,nan,서울,0
4494,30.0,,남,서울,0
4495,20.0,6000.0,nan,서울,1
4496,30.0,3000.0,nan,서울,0
4497,50.0,,남,대구,0
4498,,4000.0,남,부산,0
4499,,,남,서울,1
4500,20.0,3000.0,여,부산,0
4501,40.0,5000.0,남,대구,0
4502,20.0,3000.0,여,대구,0
4503,30.0,5000.0,여,부산,1
4504,40.0,4000.0,nan,대구,1
4505,30.0,4000.0,여,부산,0
4506,50.0,6000.0,nan,서울,1
4507,30.0,6000.0,여,대구,1
4508,50.0,5000.0,남,대구,0
4509,50.0,5000.0,nan,부산,0
4510,30.0,4000.0,여,대구,0
4511,30.0,,nan,서울,0
4512,50.0,5000.0,남,대구,1
4513,40.0,5000.0,여,대구,0
4514,50.0,,여,대구,0
4515,,6000.0,남,부산,0
4516,50.0,6000.0,여,서울,1
4517,40.0,5000.0,여,서울,0
4518,,6000.0,nan,대구,0
4519,20.0,6000.0,여,대구,1
4520,20.0,6000.0,남,부산,1
4521,40.0,4000.0,여,서울,1
4522,50.0,3000.0,nan,대구,0
4523,30.0,5000.0,여,서울,0
4524,40.0,5000.0,nan,대구,1
4525,,4000.0,여,대구,0
4526,,3000.0,nan,부산,0
4527,20.0,3000.0,nan,서울,0
4528,,4000.0,여,서울,1
4529,40.0,,남,대구,0
4530,,,남,대구,0
4531,40.0,3000.0,여,부산,0
4532,30.0,,여,대구,0
4533,20.0,,여,서울,1
4534,,,여,부산,0
4535,40.0,3000.0,여,서울,0
4536,50.0,,남,부산,0
4537,20.0,5000.0,nan,서울,0
4538,30.0,3000.0,nan,대구,1
4539,40.0,4000.0,남,서울,1
4540,30.0,,남,서울,0
4541,30.0,6000.0,nan,부산,0
4542,,3000.0,남,서울,0
4543,,4000.0,여,대구,0
4544,40.0,5000.0,남,부산,0
4545,50.0,4000.0,남,부산,0
4546,40.0,,남,서울,1
4547,50.0,6000.0,남,부산,1
4548,30.0,,nan,대구,0
4549,20.0,4000.0,nan,서울,1
4550,40.0,3000.0,nan,대구,1
4551,40.0,6000.0,nan,서울,0
4552,50.0,6000.0,여,서울,1
4553,30.0,4000.0,여,부산,1
4554,30.0,,nan,부산,0
4555,50.0,4000.0,nan,부산,1
4556,30.0,6000.0,nan,서울,0
4557,,4000.0,남,부산,0
4558,20.0,6000.0,여,대구,0
4559,40.0,,여,부산,1
4560,20.0,3000.0,남,대구,0
4561,40.0,3000.0,남,부산,0
4562,,4000.0,남,서울,0
4563,30.0,6000.0,여,부산,0
4564,50.0,3000.0,남,대구,0
4565,,6000.0,남,대구,0
4566,20.0,,남,부산,0
4567,50.0,4000.0,nan,대구,1
4568,30.0,6000.0,남,서울,0
4569,,4000.0,nan,부산,1
4570,50.0,6000.0,여,대구,0
4571,,6000.0,여,부산,0
4572,,,여,부산,1
4573,30.0,4000.0,nan,부산,0
4574,40.0,5000.0,남,부산,1
4575,50.0,6000.0,여,부산,0
4576,30.0,6000.0,남,서울,0
4577,,3000.0,nan,부산,0
4578,30.0,4000.0,여,서울,0
4579,40.0,5000.0,남,부산,0
4580,50.0,,남,대구,0
4581,40.0,5000.0,여,부산,0
4582,20.0,,남,부산,0
4583,50.0,5000.0,nan,대구,0
4584,40.0,5000.0,여,서울,0
4585,,4000.0,여,서울,0
4586,50.0,3000.0,여,서울,0
4587,50.0,5000.0,여,서울,1
4588,30.0,6000.0,nan,대구,0
4589,,6000.0,nan,서울,0
4590,20.0,6000.0,남,서울,0
4591,40.0,3000.0,nan,서울,0
4592,30.0,5000.0,남,서울,0
4593,40.0,,남,서울,0
4594,20.0,,여,부산,0
4595,20.0,4000.0,남,부산,0
4596,50.0,3000.0,여,서울,0
4597,20.0,5000.0,남,대구,0
4598,40.0,6000.0,nan,대구,0
4599,,3000.0,여,부산,0
4600,,3000.0,남,대구,0
4601,50.0,5000.0,nan,부산,0
4602,40.0,4000.0,nan,서울,0
4603,40.0,4000.0,여,서울,0
4604,20.0,4000.0,여,대구,0
4605,40.0,6000.0,여,대구,1
4606,30.0,6000.0,남,대구,0
4607,20.0,5000.0,여,서울,0
4608,30.0,4000.0,nan,서울,0
4609,50.0,5000.0,nan,대구,0
4610,,4000.0,여,대구,0
4611,50.0,3000.0,여,대구,0
4612,,,nan,대구,0
4613,50.0,,남,부산,0
4614,40.0,4000.0,nan,대구,0
4615,30.0,5000.0,nan,대구,0
4616,,6000.0,nan,부산,1
4617,20.0,4000.0,여,부산,1
4618,30.0,4000.0,남,부산,1
4619,20.0,6000.0,남,부산,0
4620,30.0,4000.0,여,대구,1
4621,30.0,3000.0,nan,서울,1
4622,50.0,6000.0,여,서울,1
4623,,3000.0,여,서울,0
4624,,,남,서울,1
4625,30.0,6000.0,남,서울,0
4626,40.0,6000.0,여,서울,0
4627,40.0,5000.0,여,부산,0
4628,20.0,5000.0,남,부산,1
4629,20.0,6000.0,남,서울,0
4630,50.0,,nan,대구,0
4631,30.0,4000.0,여,대구,1
4632,20.0,5000.0,nan,서울,0
4633,20.0,,nan,대구,1
4634,30.0,,nan,부산,1
4635,50.0,5000.0,남,부산,0
4636,20.0,4000.0,nan,대구,0
4637,50.0,5000.0,남,서울,0
4638,,,남,부산,1
4639,50.0,3000.0,남,대구,1
4640,40.0,5000.0,여,대구,0
4641,40.0,,nan,부산,0
4642,50.0,5000.0,남,부산,0
4643,40.0,,여,서울,1
4644,,4000.0,여,대구,0
4645,30.0,,여,서울,0
4646,40.0,6000.0,남,부산,1
4647,40.0,3000.0,남,대구,0
4648,50.0,,남,부산,0
4649,,5000.0,여,부산,1
4650,30.0,5000.0,남,부산,0
4651,50.0,,nan,서울,0
4652,50.0,6000.0,남,부산,0
4653,,,남,서울,0
4654,30.0,4000.0,nan,부산,0
4655,,6000.0,남,부산,1
4656,30.0,,남,대구,0
4657,,3000.0,남,부산,0
4658,50.0,6000.0,남,대구,0
4659,50.0,,여,대구,0
4660,20.0,3000.0,남,서울,0
4661,40.0,,nan,대구,0
4662,,4000.0,nan,대구,0
4663,20.0,5000.0,여,부산,0
4664,40.0,,남,부산,0
4665,,6000.0,nan,서울,1
4666,30.0,,여,대구,0
4667,40.0,,남,대구,0
4668,50.0,,여,서울,0
4669,20.0,,남,부산,0
4670,40.0,6000.0,여,대구,0
4671,40.0,6000.0,여,서울,0
4672,50.0,,nan,부산,0
4673,,5000.0,nan,서울,0
4674,30.0,,여,서울,0
4675,50.0,6000.0,남,대구,0
4676,30.0,4000.0,남,부산,0
4677,,,남,대구,1
4678,40.0,,남,대구,0
4679,30.0,,남,부산,0
4680,20.0,,nan,부산,0
4681,20.0,3000.0,여,부산,0
4682,50.0,,nan,대구,1
4683,,6000.0,남,부산,1
4684,50.0,6000.0,여,부산,0
4685,50.0,3000.0,남,부산,0
4686,50.0,,남,서울,1
4687,20.0,5000.0,여,부산,1
4688,20.0,,남,대구,0
4689,50.0,6000.0,nan,서울,0
4690,20.0,4000.0,nan,대구,0
4691,,4000.0,nan,서울,1
4692,50.0,5000.0,남,부산,1
4693,20.0,,nan,서울,0
4694,30.0,3000.0,남,대구,0
4695,50.0,,남,서울,1
4696,50.0,5000.0,nan,부산,1
4697,,5000.0,nan,부산,0
4698,40.0,5000.0,남,대구,0
4699,40.0,4000.0,남,서울,0
4700,,,남,대구,0
4701,,,남,대구,0
4702,,3000.0,nan,대구,0
4703,40.0,5000.0,남,부산,1
4704,,5000.0,남,서울,1
4705,20.0,6000.0,남,부산,0
4706,50.0,6000.0,남,부산,1
4707,50.0,4000.0,남,부산,0
4708,30.0,,여,서울,0
4709,30.0,3000.0,여,부산,1
4710,50.0,3000.0,여,부산,0
4711,20.0,5000.0,nan,부산,1
4712,40.0,3000.0,남,서울,0
4713,40.0,5000.0,nan,서울,0
4714,20.0,,남,대구,0
4715,40.0,3000.0,여,부산,0
4716,,5000.0,남,부산,0
4717,50.0,,nan,서울,1
4718,50.0,,nan,서울,0
4719,20.0,5000.0,남,부산,0
4720,40.0,5000.0,nan,대구,0
4721,30.0,4000.0,여,대구,1
4722,30.0,,남,부산,0
4723,40.0,5000.0,여,대구,0
4724,30.0,,여,대구,1
4725,20.0,3000.0,nan,부산,1
4726,20.0,6000.0,남,대구,1
4727,40.0,6000.0,여,서울,0
4728,30.0,5000.0,여,부산,0
4729,20.0,5000.0,남,서울,1
4730,20.0,,nan,부산,1
4731,,5000.0,여,서울,1
4732,,,남,대구,0
4733,20.0,5000.0,남,서울,1
4734,40.0,,여,서울,0
4735,50.0,5000.0,여,서울,0
4736,50.0,4000.0,여,서울,0
4737,20.0,,nan,서울,1
4738,20.0,4000.0,nan,부산,0
4739,20.0,4000.0,남,서울,0
4740,40.0,4000.0,남,서울,1
4741,,4000.0,여,부산,0
4742,20.0,3000.0,남,부산,0
4743,20.0,6000.0,nan,대구,1
4744,30.0,3000.0,남,서울,1
4745,40.0,5000.0,남,서울,0
4746,20.0,5000.0,여,대구,1
4747,30.0,6000.0,여,서울,0
4748,50.0,6000.0,nan,대구,1
4749,20.0,6000.0,남,부산,1
4750,20.0,4000.0,남,서울,0
4751,30.0,3000.0,남,서울,1
4752,40.0,5000.0,여,부산,0
4753,20.0,3000.0,nan,서울,0
4754,50.0,3000.0,남,부산,1
4755,20.0,3000.0,남,부산,0
4756,50.0,6000.0,남,대구,0
4757,,6000.0,남,부산,0
4758,,5000.0,nan,대구,0
4759,50.0,5000.0,nan,부산,1
4760,40.0,5000.0,nan,대구,1
4761,20.0,3000.0,여,대구,0
4762,20.0,6000.0,남,대구,0
4763,,4000.0,남,대구,0
4764,50.0,3000.0,남,서울,0
4765,20.0,,남,부산,0
4766,20.0,3000.0,nan,부산,0
4767,40.0,6000.0,여,부산,0
4768,30.0,,여,부산,0
4769,,3000.0,남,대구,1
4770,,6000.0,nan,서울,1
4771,30.0,6000.0,여,부산,1
4772,20.0,4000.0,여,부산,0
4773,40.0,3000.0,남,부산,1
4774,40.0,6000.0,여,대구,1
4775,,5000.0,남,부산,1
4776,40.0,6000.0,nan,부산,0
4777,30.0,4000.0,남,서울,0
4778,20.0,6000.0,여,대구,0
4779,30.0,3000.0,남,서울,0
4780,50.0,3000.0,남,부산,1
4781,,,남,대구,0
4782,40.0,3000.0,남,부산,0
4783,50.0,,남,부산,0
4784,40.0,5000.0,남,대구,0
4785,20.0,4000.0,여,서울,1
4786,20.0,5000.0,남,대구,0
4787,20.0,,여,대구,0
4788,40.0,6000.0,남,서울,0
4789,50.0,6000.0,nan,대구,0
4790,20.0,5000.0,남,서울,1
4791,50.0,6000.0,여,서울,1
4792,40.0,,여,대구,0
4793,50.0,4000.0,nan,대구,1
4794,40.0,3000.0,남,서울,0
4795,40.0,,nan,서울,0
4796,,,남,서울,1
4797,40.0,3000.0,남,서울,0
4798,40.0,3000.0,여,서울,0
4799,30.0,4000.0,nan,대구,0
4800,20.0,4000.0,nan,부산,1
4801,,4000.0,여,대구,1
4802,,6000.0,여,부산,0
4803,,,nan,서울,0
4804,30.0,3000.0,여,대구,0
4805,40.0,,남,부산,1
4806,20.0,,nan,서울,0
4807,50.0,4000.0,nan,대구,1
4808,40.0,4000.0,여,부산,1
4809,30.0,,남,대구,0
4810,40.0,4000.0,nan,부산,0
4811,40.0,6000.0,nan,대구,0
4812,30.0,3000.0,남,대구,0
4813,,,여,부산,0
4814,,3000.0,여,대구,0
4815,20.0,6000.0,여,대구,0
4816,20.0,4000.0,여,서울,0
4817,,5000.0,남,부산,1
4818,50.0,6000.0,남,대구,1
4819,40.0,5000.0,nan,부산,1
4820,50.0,3000.0,nan,대구,0
4821,40.0,,남,부산,0
4822,,4000.0,nan,부산,0
4823,20.0,6000.0,남,서울,0
4824,20.0,4000.0,여,서울,0
4825,50.0,5000.0,남,부산,0
4826,20.0,5000.0,남,대구,0
4827,,,nan,부산,0
4828,50.0,5000.0,남,대구,0
4829,40.0,,여,부산,0
4830,20.0,6000.0,여,서울,0
4831,30.0,,nan,서울,1
4832,20.0,5000.0,nan,대구,0
4833,40.0,3000.0,남,부산,0
4834,50.0,,nan,대구,0
4835,40.0,4000.0,여,서울,0
4836,30.0,3000.0,nan,부산,1
4837,,,nan,서울,0
4838,20.0,4000.0,여,서울,1
4839,50.0,3000.0,남,부산,0
4840,,,남,대구,0
4841,40.0,6000.0,nan,부산,1
4842,50.0,4000.0,여,서울,1
4843,,6000.0,여,서울,0
4844,50.0,5000.0,여,서울,1
4845,30.0,,남,서울,0
4846,30.0,,여,대구,0
4847,20.0,4000.0,여,부산,0
4848,20.0,,남,부산,1
4849,30.0,5000.0,여,대구,0
4850,50.0,,남,대구,1
4851,30.0,3000.0,nan,서울,0
4852,20.0,6000.0,nan,부산,0
4853,30.0,5000.0,nan,부산,1
4854,30.0,5000.0,nan,부산,0
4855,50.0,6000.0,nan,대구,0
4856,,6000.0,남,서울,0
4857,20.0,5000.0,남,서울,1
4858,50.0,6000.0,남,부산,0
4859,30.0,4000.0,여,서울,0
4860,30.0,6000.0,nan,대구,0
4861,,3000.0,여,대구,1
4862,20.0,3000.0,여,부산,0
4863,20.0,4000.0,여,서울,1
4864,40.0,6000.0,nan,대구,1
4865,20.0,3000.0,여,대구,0
4866,,,nan,대구,0
4867,40.0,6000.0,nan,대구,0
4868,40.0,4000.0,nan,서울,0
4869,30.0,6000.0,여,대구,0
4870,30.0,5000.0,nan,대구,1
4871,20.0,5000.0,nan,서울,0
4872,40.0,3000.0,남,부산,0
4873,30.0,5000.0,여,부산,0
4874,,4000.0,남,대구,0
4875,30.0,3000.0,남,부산,0
4876,30.0,4000.0,여,서울,1
4877,40.0,4000.0,남,대구,0
4878,40.0,5000.0,nan,서울,0
4879,50.0,5000.0,남,부산,1
4880,,4000.0,남,부산,0
4881,40.0,5000.0,nan,대구,1
4882,20.0,5000.0,남,부산,0
4883,,5000.0,nan,대구,1
4884,,6000.0,여,대구,0
4885,40.0,4000.0,남,서울,0
4886,,,여,부산,0
4887,40.0,4000.0,남,부산,0
4888,30.0,3000.0,nan,대구,1
4889,50.0,5000.0,남,대구,0
4890,30.0,5000.0,여,대구,0
4891,40.0,,nan,대구,0
4892,40.0,3000.0,nan,서울,0
4893,30.0,6000.0,여,부산,0
4894,20.0,4000.0,여,서울,0
4895,20.0,6000.0,남,부산,0
4896,20.0,3000.0,남,서울,0
4897,40.0,,nan,대구,1
4898,,3000.0,여,서울,0
4899,40.0,,여,서울,0
4900,,6000.0,남,대구,0
4901,30.0,6000.0,남,대구,1
4902,50.0,3000.0,nan,부산,0
4903,,3000.0,여,부산,0
4904,20.0,5000.0,여,서울,0
4905,40.0,,여,서울,0
4906,30.0,5000.0,여,서울,0
4907,20.0,4000.0,남,대구,1
4908,30.0,4000.0,남,부산,0
4909,50.0,3000.0,남,서울,0
4910,40.0,6000.0,nan,부산,1
4911,40.0,4000.0,여,부산,0
4912,50.0,4000.0,남,대구,0
4913,40.0,5000.0,여,대구,0
4914,,5000.0,남,서울,1
4915,30.0,4000.0,nan,서울,0
4916,20.0,3000.0,남,서울,0
4917,50.0,5000.0,nan,서울,0
4918,,4000.0,여,서울,0
4919,20.0,6000.0,남,부산,0
4920,20.0,5000.0,남,부산,1
4921,50.0,4000.0,남,대구,0
4922,,,여,대구,1
4923,20.0,5000.0,nan,부산,0
4924,20.0,,nan,대구,1
4925,,5000.0,남,대구,1
4926,40.0,5000.0,여,서울,0
4927,20.0,,nan,대구,0
4928,30.0,3000.0,nan,대구,1
4929,,4000.0,nan,대구,0
4930,20.0,3000.0,nan,부산,0
4931,50.0,3000.0,nan,부산,1
4932,30.0,4000.0,남,서울,0
4933,20.0,6000.0,남,대구,0
4934,30.0,3000.0,남,부산,1
4935,30.0,3000.0,nan,서울,0
4936,40.0,3000.0,nan,대구,0
4937,30.0,6000.0,nan,서울,0
4938,40.0,5000.0,남,서울,0
4939,,,nan,대구,1
4940,40.0,,남,부산,1
4941,50.0,6000.0,nan,대구,0
4942,20.0,3000.0,남,대구,1
4943,,,여,대구,0
4944,,6000.0,nan,부산,0
4945,50.0,4000.0,nan,대구,0
4946,40.0,,남,부산,0
4947,20.0,4000.0,nan,서울,0
4948,40.0,3000.0,남,부산,0
4949,30.0,,남,서울,0
4950,40.0,6000.0,여,서울,0
4951,,5000.0,여,대구,1
4952,20.0,,nan,부산,1
4953,40.0,,nan,서울,1
4954,20.0,,남,서울,0
4955,20.0,,남,부산,0
4956,30.0,6000.0,남,부산,0
4957,30.0,6000.0,남,서울,0
4958,,5000.0,nan,서울,0
4959,50.0,6000.0,여,부산,0
4960,20.0,6000.0,nan,부산,0
4961,50.0,3000.0,nan,서울,1
4962,,3000.0,nan,대구,0
4963,20.0,4000.0,여,부산,0
4964,20.0,5000.0,nan,서울,0
4965,50.0,3000.0,여,서울,0
4966,40.0,5000.0,남,대구,0
4967,30.0,5000.0,nan,부산,0
4968,40.0,,남,서울,1
4969,50.0,5000.0,남,대구,0
4970,30.0,,남,부산,0
4971,40.0,4000.0,nan,대구,0
4972,30.0,4000.0,남,서울,0
4973,20.0,4000.0,nan,대구,0
4974,40.0,,남,서울,0
4975,30.0,,nan,서울,0
4976,30.0,4000.0,nan,대구,1
4977,30.0,,nan,대구,0
4978,40.0,6000.0,남,서울,0
4979,,6000.0,nan,대구,0
4980,40.0,,남,부산,0
4981,50.0,,여,부산,0
4982,40.0,3000.0,남,대구,0
4983,30.0,3000.0,남,대구,1
4984,20.0,5000.0,nan,부산,0
4985,40.0,5000.0,남,서울,0
4986,40.0,5000.0,여,서울,0
4987,30.0,4000.0,nan,부산,1
4988,20.0,6000.0,남,서울,0
4989,20.0,4000.0,남,대구,0
4990,50.0,,nan,대구,0
4991,40.0,3000.0,nan,부산,0
4992,20.0,,남,부산,0
4993,20.0,,남,부산,0
4994,,3000.0,nan,부산,0
4995,,,nan,서울,1
4996,20.0,5000.0,여,서울,0
4997,50.0,3000.0,여,서울,0
4998,20.0,,여,대구,0
4999,30.0,5000.0,nan,대구,0
5000,40.0,5000.0,nan,부산,0
5001,50.0,6000.0,nan,부산,1
5002,30.0,5000.0,남,서울,0
5003,50.0,4000.0,nan,서울,1
5004,30.0,3000.0,남,서울,0
5005,40.0,3000.0,nan,부산,1
5006,40.0,3000.0,nan,서울,0
5007,,,남,부산,0
5008,30.0,,nan,부산,0
5009,,4000.0,nan,대구,0
5010,30.0,5000.0,nan,대구,0
5011,,,여,부산,0
5012,40.0,5000.0,nan,서울,1
5013,50.0,5000.0,남,부산,1
5014,,,남,부산,1
5015,30.0,,남,부산,0
5016,30.0,4000.0,nan,부산,1
5017,40.0,6000.0,남,대구,0
5018,30.0,3000.0,여,대구,0
5019,20.0,,남,부산,0
5020,50.0,,nan,대구,0
5021,,5000.0,여,대구,0
5022,50.0,6000.0,남,서울,0
5023,40.0,,여,대구,0
5024,,6000.0,남,대구,1
5025,,3000.0,nan,부산,1
5026,20.0,5000.0,여,대구,0
5027,40.0,4000.0,남,대구,0
5028,30.0,3000.0,남,대구,1
5029,20.0,6000.0,여,부산,0
5030,20.0,6000.0,여,부산,1
5031,50.0,3000.0,여,대구,1
5032,50.0,6000.0,여,부산,0
5033,50.0,4000.0,남,부산,0
5034,20.0,4000.0,남,서울,1
5035,30.0,6000.0,남,대구,1
5036,,6000.0,nan,서울,0
5037,50.0,4000.0,여,대구,0
5038,30.0,6000.0,남,대구,0
5039,40.0,,여,서울,0
5040,50.0,5000.0,여,서울,1
5041,,,남,대구,1
5042,40.0,6000.0,여,서울,0
5043,40.0,6000.0,여,서울,0
5044,,5000.0,여,부산,1
5045,50.0,6000.0,여,대구,0
5046,20.0,5000.0,여,부산,0
5047,,4000.0,남,대구,0
5048,,5000.0,남,부산,0
5049,,5000.0,여,대구,1
5050,40.0,,여,부산,1
5051,30.0,6000.0,여,대구,0
5052,20.0,4000.0,nan,부산,0
5053,50.0,3000.0,여,서울,0
5054,50.0,5000.0,nan,대구,0
5055,30.0,3000.0,nan,서울,1
5056,,6000.0,nan,부산,0
5057,20.0,5000.0,남,대구,1
5058,50.0,3000.0,nan,부산,0
5059,50.0,,여,부산,0
5060,,3000.0,여,서울,0
5061,30.0,,남,대구,0
5062,20.0,4000.0,남,부산,0
5063,30.0,6000.0,여,서울,0
5064,30.0,3000.0,남,서울,0
5065,20.0,5000.0,남,서울,1
5066,20.0,6000.0,nan,서울,0
5067,50.0,3000.0,nan,부산,0
5068,50.0,5000.0,남,부산,0
5069,20.0,5000.0,여,부산,0
5070,40.0,5000.0,nan,대구,0
5071,50.0,5000.0,여,대구,0
5072,40.0,3000.0,남,서울,0
5073,20.0,4000.0,여,부산,0
5074,50.0,,여,서울,0
5075,30.0,,여,부산,0
5076,20.0,,여,대구,1
5077,,4000.0,남,서울,1
5078,40.0,5000.0,남,부산,1
5079,20.0,5000.0,nan,부산,0
5080,20.0,6000.0,nan,부산,1
5081,50.0,,nan,서울,1
5082,50.0,,nan,대구,1
5083,50.0,5000.0,여,부산,0
5084,,,nan,서울,0
5085,50.0,5000.0,nan,부산,1
5086,20.0,5000.0,여,서울,1
5087,50.0,5000.0,남,대구,0
5088,30.0,3000.0,nan,부산,0
5089,50.0,3000.0,남,서울,0
5090,,3000.0,nan,부산,0
5091,30.0,3000.0,남,서울,1
5092,20.0,4000.0,nan,대구,0
5093,20.0,6000.0,남,대구,0
5094,40.0,6000.0,남,서울,1
5095,30.0,5000.0,nan,대구,0
5096,40.0,,남,부산,0
5097,30.0,3000.0,nan,대구,1
5098,30.0,6000.0,nan,부산,0
5099,,6000.0,여,대구,0
5100,40.0,3000.0,nan,대구,1
5101,,4000.0,nan,부산,1
5102,30.0,4000.0,nan,대구,1
5103,20.0,6000.0,nan,부산,0
5104,30.0,4000.0,여,부산,0
5105,,3000.0,여,대구,1
5106,40.0,6000.0,여,대구,0
5107,40.0,3000.0,여,부산,0
5108,,4000.0,남,서울,0
5109,40.0,3000.0,nan,대구,0
5110,50.0,4000.0,여,대구,0
5111,20.0,4000.0,nan,서울,0
5112,20.0,3000.0,여,서울,0
5113,20.0,4000.0,nan,대구,1
5114,40.0,5000.0,남,대구,0
5115,40.0,3000.0,여,대구,0
5116,30.0,5000.0,남,서울,0
5117,30.0,3000.0,남,대구,0
5118,20.0,4000.0,nan,서울,1
5119,50.0,4000.0,여,서울,1
5120,30.0,6000.0,남,부산,1
5121,30.0,6000.0,nan,서울,1
5122,40.0,5000.0,nan,부산,1
5123,50.0,4000.0,nan,서울,0
5124,20.0,6000.0,남,서울,0
5125,30.0,4000.0,nan,부산,0
5126,50.0,3000.0,nan,부산,0
5127,50.0,6000.0,nan,부산,0
5128,20.0,5000.0,남,부산,0
5129,50.0,6000.0,nan,부산,0
5130,50.0,4000.0,남,부산,0
5131,50.0,,nan,부산,0
5132,30.0,,남,서울,0
5133,20.0,4000.0,남,서울,1
5134,50.0,3000.0,여,부산,0
5135,50.0,6000.0,여,대구,1
5136,30.0,,여,부산,1
5137,20.0,3000.0,남,대구,0
5138,40.0,4000.0,nan,서울,0
5139,30.0,3000.0,nan,서울,0
5140,20.0,4000.0,남,대구,1
5141,50.0,6000.0,nan,서울,0
5142,20.0,3000.0,남,부산,0
5143,20.0,6000.0,nan,대구,0
5144,20.0,3000.0,남,대구,0
5145,40.0,4000.0,여,서울,1
5146,20.0,4000.0,여,대구,0
5147,40.0,3000.0,nan,대구,0
5148,50.0,4000.0,nan,대구,0
5149,40.0,5000.0,nan,서울,1
5150,50.0,5000.0,nan,대구,1
5151,50.0,6000.0,여,대구,0
5152,40.0,5000.0,여,부산,0
5153,30.0,5000.0,남,부산,0
5154,,,nan,대구,0
5155,20.0,,여,서울,1
5156,,,남,대구,0
5157,20.0,,남,서울,0
5158,20.0,4000.0,남,부산,0
5159,50.0,6000.0,여,부산,0
5160,20.0,6000.0,남,대구,0
5161,20.0,5000.0,nan,서울,0
5162,40.0,6000.0,남,서울,0
5163,,5000.0,남,서울,1
5164,40.0,6000.0,여,대구,0
5165,20.0,3000.0,남,서울,0
5166,50.0,3000.0,여,부산,0
5167,40.0,6000.0,여,서울,0
5168,40.0,4000.0,nan,서울,0
5169,30.0,5000.0,남,대구,0
5170,20.0,6000.0,nan,대구,0
5171,50.0,5000.0,nan,대구,0
5172,40.0,,남,대구,0
5173,40.0,6000.0,남,대구,0
5174,50.0,4000.0,여,서울,1
5175,20.0,,남,서울,0
5176,30.0,6000.0,여,대구,0
5177,40.0,3000.0,nan,대구,0
5178,30.0,6000.0,nan,서울,0
5179,,3000.0,여,대구,1
5180,20.0,3000.0,남,부산,0
5181,,6000.0,남,서울,0
5182,,6000.0,여,부산,0
5183,,3000.0,nan,서울,0
5184,20.0,5000.0,여,서울,0
5185,20.0,,남,서울,0
5186,50.0,4000.0,남,서울,0
5187,30.0,6000.0,여,서울,0
5188,30.0,,남,서울,1
5189,50.0,,nan,서울,0
5190,50.0,5000.0,여,대구,0
5191,,,nan,대구,0
5192,50.0,6000.0,nan,대구,1
5193,40.0,,여,부산,0
5194,30.0,6000.0,여,서울,1
5195,50.0,6000.0,남,대구,0
5196,40.0,3000.0,남,대구,0
5197,40.0,5000.0,여,대구,1
5198,40.0,4000.0,여,서울,1
5199,40.0,3000.0,남,서울,0
5200,,4000.0,남,부산,0
5201,40.0,6000.0,남,부산,0
5202,,3000.0,여,서울,0
5203,,,여,부산,1
5204,40.0,,남,대구,0
5205,30.0,4000.0,nan,부산,0
5206,40.0,6000.0,nan,대구,0
5207,40.0,4000.0,남,부산,0
5208,40.0,5000.0,여,대구,0
5209,30.0,,여,부산,0
5210,20.0,3000.0,nan,부산,0
5211,20.0,3000.0,남,서울,1
5212,,3000.0,nan,서울,0
5213,,,nan,대구,0
5214,30.0,6000.0,남,서울,0
5215,50.0,,nan,대구,0
5216,20.0,,여,서울,0
5217,,3000.0,nan,서울,1
5218,20.0,,남,대구,1
5219,30.0,3000.0,여,부산,1
5220,30.0,6000.0,여,대구,0
5221,50.0,5000.0,nan,대구,1
5222,50.0,3000.0,여,대구,0
5223,30.0,4000.0,남,서울,0
5224,,5000.0,nan,서울,0
5225,20.0,6000.0,여,서울,0
5226,40.0,5000.0,남,대구,0
5227,50.0,3000.0,nan,부산,0
5228,40.0,6000.0,남,부산,0
5229,,4000.0,여,대구,0
5230,50.0,3000.0,nan,대구,0
5231,40.0,3000.0,nan,부산,1
5232,,6000.0,여,서울,1
5233,20.0,6000.0,남,대구,0
5234,,5000.0,여,부산,0
5235,50.0,4000.0,nan,부산,0
5236,30.0,5000.0,nan,부산,0
5237,20.0,5000.0,여,서울,1
5238,40.0,3000.0,남,부산,0
5239,50.0,6000.0,여,부산,1
5240,30.0,3000.0,남,부산,1
5241,,4000.0,남,대구,0
5242,30.0,5000.0,nan,대구,1
5243,50.0,4000.0,남,대구,0
5244,50.0,6000.0,nan,부산,0
5245,30.0,6000.0,남,부산,1
5246,,,남,서울,0
5247,30.0,4000.0,nan,부산,0
5248,50.0,3000.0,남,서울,0
5249,50.0,4000.0,여,부산,1
5250,40.0,5000.0,남,서울,0
5251,40.0,6000.0,nan,대구,1
5252,20.0,6000.0,nan,부산,0
5253,50.0,4000.0,여,서울,0
5254,40.0,4000.0,남,대구,0
5255,30.0,4000.0,여,대구,0
5256,,5000.0,남,부산,0
5257,30.0,5000.0,여,서울,1
5258,,3000.0,nan,서울,0
5259,40.0,4000.0,nan,서울,1
5260,20.0,3000.0,여,대구,0
5261,30.0,,남,서울,0
5262,30.0,5000.0,남,대구,0
5263,30.0,6000.0,nan,서울,0
5264,,,남,대구,0
5265,40.0,6000.0,여,부산,0
5266,30.0,,여,대구,1
5267,30.0,3000.0,남,서울,0
5268,20.0,3000.0,nan,대구,0
5269,20.0,5000.0,nan,서울,1
5270,40.0,6000.0,nan,부산,1
5271,40.0,,nan,대구,1
5272,50.0,4000.0,nan,부산,1
5273,20.0,4000.0,여,대구,0
5274,50.0,5000.0,남,대구,1
5275,,6000.0,여,부산,1
5276,50.0,4000.0,nan,부산,1
5277,30.0,5000.0,nan,대구,0
5278,50.0,5000.0,남,대구,1
5279,40.0,6000.0,남,대구,0
5280,,4000.0,남,부산,0
5281,30.0,4000.0,여,서울,0
5282,50.0,4000.0,남,부산,1
5283,,3000.0,여,대구,0
5284,,4000.0,nan,대구,1
5285,30.0,,여,부산,0
5286,50.0,3000.0,남,대구,0
5287,,3000.0,여,대구,0
5288,,3000.0,여,대구,0
5289,20.0,3000.0,여,대구,0
5290,,5000.0,남,대구,0
5291,20.0,,여,서울,0
5292,50.0,6000.0,남,부산,0
5293,50.0,4000.0,여,부산,0
5294,50.0,3000.0,여,부산,1
5295,40.0,6000.0,여,서울,0
5296,50.0,5000.0,남,서울,0
5297,,6000.0,남,부산,0
5298,30.0,3000.0,남,부산,1
5299,20.0,,nan,부산,0
5300,40.0,6000.0,남,대구,0
5301,50.0,3000.0,여,서울,0
5302,50.0,3000.0,nan,서울,1
5303,30.0,4000.0,남,대구,0
5304,30.0,4000.0,남,서울,0
5305,40.0,,nan,부산,0
5306,20.0,4000.0,nan,서울,1
5307,50.0,,남,대구,0
5308,40.0,5000.0,nan,부산,0
5309,,5000.0,여,서울,0
5310,,4000.0,여,부산,1
5311,40.0,5000.0,여,서울,1
5312,50.0,6000.0,남,부산,0
5313,40.0,6000.0,여,대구,0
5314,50.0,6000.0,nan,대구,0
5315,30.0,5000.0,여,서울,0
5316,40.0,6000.0,nan,서울,0
5317,50.0,,여,부산,1
5318,40.0,3000.0,nan,대구,0
5319,40.0,4000.0,여,부산,0
5320,50.0,,여,대구,1
5321,50.0,6000.0,여,부산,0
5322,20.0,3000.0,nan,부산,1
5323,40.0,4000.0,nan,부산,0
5324,,,여,서울,1
5325,40.0,4000.0,nan,대구,1
5326,40.0,5000.0,nan,서울,1
5327,50.0,6000.0,남,서울,0
5328,40.0,,여,부산,0
5329,40.0,,nan,대구,1
5330,,3000.0,nan,서울,0
5331,50.0,3000.0,nan,부산,1
5332,40.0,3000.0,nan,대구,0
5333,30.0,4000.0,남,대구,0
5334,20.0,6000.0,nan,서울,0
5335,,4000.0,nan,부산,0
5336,40.0,6000.0,남,서울,1
5337,30.0,,여,대구,1
5338,40.0,4000.0,여,서울,0
5339,40.0,4000.0,남,부산,1
5340,50.0,4000.0,여,대구,0
5341,50.0,5000.0,여,부산,1
5342,50.0,6000.0,남,부산,1
5343,30.0,6000.0,nan,대구,0
5344,40.0,4000.0,남,부산,0
5345,20.0,5000.0,남,부산,0
5346,,4000.0,남,부산,1
5347,50.0,6000.0,남,대구,0
5348,50.0,,남,부산,1
5349,40.0,5000.0,nan,서울,1
5350,40.0,5000.0,여,서울,0
5351,30.0,4000.0,남,부산,1
5352,30.0,,nan,서울,0
5353,50.0,6000.0,남,서울,0
5354,40.0,3000.0,nan,대구,1
5355,20.0,6000.0,여,부산,0
5356,,6000.0,nan,대구,0
5357,40.0,,nan,부산,0
5358,40.0,5000.0,여,서울,0
5359,30.0,6000.0,여,대구,1
5360,,5000.0,nan,대구,1
5361,50.0,,남,서울,0
5362,40.0,,남,서울,0
5363,50.0,4000.0,여,부산,1
5364,40.0,3000.0,남,부산,0
5365,50.0,,여,서울,0
5366,,,nan,서울,1
5367,30.0,5000.0,nan,대구,1
5368,,,남,대구,0
5369,20.0,6000.0,여,부산,1
5370,30.0,4000.0,남,대구,0
5371,,4000.0,남,서울,0
5372,20.0,6000.0,nan,서울,0
5373,40.0,,남,서울,0
5374,40.0,3000.0,nan,서울,0
5375,50.0,,여,부산,1
5376,30.0,4000.0,남,서울,1
5377,40.0,3000.0,nan,서울,0
5378,30.0,5000.0,남,서울,1
5379,40.0,5000.0,여,서울,0
5380,50.0,,남,부산,0
5381,,,남,부산,0
5382,50.0,3000.0,nan,대구,0
5383,20.0,3000.0,여,부산,0
5384,40.0,,여,부산,1
5385,20.0,4000.0,여,부산,0
5386,20.0,5000.0,남,대구,0
5387,30.0,3000.0,nan,서울,1
5388,40.0,4000.0,남,대구,0
5389,20.0,,남,서울,0
5390,,6000.0,남,부산,0
5391,20.0,3000.0,여,서울,0
5392,,6000.0,nan,대구,1
5393,30.0,4000.0,여,서울,0
5394,20.0,5000.0,남,서울,0
5395,50.0,4000.0,남,부산,0
5396,30.0,5000.0,nan,서울,0
5397,,4000.0,여,서울,0
5398,30.0,3000.0,남,부산,0
5399,20.0,3000.0,남,대구,0
5400,40.0,6000.0,nan,부산,0
5401,40.0,4000.0,남,서울,0
5402,,4000.0,여,부산,1
5403,,6000.0,여,부산,1
5404,40.0,,남,서울,0
5405,,4000.0,남,대구,0
5406,30.0,4000.0,남,부산,0
5407,50.0,4000.0,nan,대구,0
5408,50.0,,nan,부산,0
5409,30.0,3000.0,여,서울,0
5410,50.0,6000.0,여,서울,1
5411,20.0,,남,부산,0
5412,30.0,5000.0,남,부산,1
5413,,5000.0,남,부산,0
5414,30.0,,nan,서울,0
5415,40.0,,nan,부산,1
5416,,3000.0,남,서울,0
5417,40.0,5000.0,남,부산,1
5418,,6000.0,여,서울,0
5419,50.0,4000.0,nan,부산,1
5420,30.0,4000.0,남,대구,1
5421,20.0,3000.0,nan,대구,0
5422,,3000.0,남,서울,1
5423,,5000.0,남,부산,0
5424,40.0,6000.0,여,대구,0
5425,50.0,6000.0,여,부산,0
5426,40.0,,여,부산,0
5427,40.0,3000.0,남,부산,0
5428,50.0,4000.0,여,대구,0
5429,20.0,4000.0,남,서울,1
5430,40.0,5000.0,nan,대구,0
5431,40.0,4000.0,nan,서울,1
5432,,6000.0,남,대구,0
5433,50.0,6000.0,여,부산,0
5434,30.0,3000.0,여,부산,1
5435,20.0,5000.0,nan,부산,1
5436,20.0,4000.0,남,대구,1
5437,50.0,3000.0,남,대구,0
5438,,,남,서울,0
5439,,,nan,대구,0
5440,50.0,4000.0,nan,서울,0
5441,,4000.0,여,대구,0
5442,20.0,4000.0,남,부산,0
5443,20.0,6000.0,남,대구,0
5444,30.0,4000.0,남,부산,1
5445,50.0,,남,대구,1
5446,40.0,4000.0,nan,서울,0
5447,40.0,5000.0,여,대구,0
5448,30.0,,nan,부산,0
5449,30.0,5000.0,여,대구,0
5450,,,남,서울,1
5451,30.0,3000.0,남,서울,0
5452,30.0,,남,서울,1
5453,40.0,,남,서울,0
5454,,5000.0,남,대구,1
5455,30.0,5000.0,nan,서울,0
5456,30.0,,여,대구,1
5457,,,nan,대구,0
5458,50.0,6000.0,남,대구,0
5459,,3000.0,여,서울,0
5460,40.0,3000.0,여,서울,0
5461,50.0,4000.0,남,대구,0
5462,20.0,,여,대구,1
5463,,,nan,대구,0
5464,40.0,,nan,부산,0
5465,50.0,,nan,부산,1
5466,,3000.0,nan,서울,0
5467,30.0,5000.0,여,부산,0
5468,,6000.0,nan,대구,1
5469,20.0,5000.0,여,대구,0
5470,,5000.0,남,서울,0
5471,50.0,3000.0,nan,서울,1
5472,50.0,6000.0,남,부산,0
5473,,,nan,대구,1
5474,50.0,3000.0,남,서울,0
5475,30.0,3000.0,남,서울,0
5476,,6000.0,남,부산,0
5477,30.0,4000.0,남,서울,1
5478,30.0,3000.0,남,부산,1
5479,40.0,5000.0,여,대구,0
5480,,5000.0,여,부산,0
5481,50.0,,nan,서울,0
5482,30.0,3000.0,여,부산,0
5483,40.0,,남,부산,1
5484,,3000.0,여,대구,1
5485,,6000.0,여,부산,1
5486,20.0,3000.0,남,서울,0
5487,20.0,4000.0,여,서울,0
5488,30.0,5000.0,남,대구,0
5489,20.0,6000.0,여,대구,0
5490,30.0,5000.0,남,대구,0
5491,50.0,,nan,서울,1
5492,30.0,6000.0,여,부산,0
5493,20.0,4000.0,nan,서울,0
5494,50.0,5000.0,남,서울,0
5495,20.0,3000.0,남,대구,1
5496,30.0,3000.0,nan,대구,1
5497,40.0,3000.0,남,부산,0
5498,,6000.0,남,부산,1
5499,20.0,4000.0,남,부산,0
5500,30.0,4000.0,남,부산,0
5501,50.0,4000.0,남,서울,0
5502,20.0,5000.0,남,부산,0
5503,20.0,6000.0,남,서울,0
5504,,3000.0,남,서울,0
5505,30.0,5000.0,nan,부산,0
5506,40.0,4000.0,여,부산,0
5507,50.0,3000.0,남,서울,0
5508,30.0,6000.0,nan,대구,1
5509,50.0,,남,부산,0
5510,20.0,4000.0,여,대구,0
5511,,4000.0,남,서울,0
5512,,4000.0,nan,대구,0
5513,40.0,4000.0,nan,서울,0
5514,,3000.0,여,대구,0
5515,20.0,6000.0,남,대구,0
5516,40.0,5000.0,nan,대구,1
5517,30.0,3000.0,여,서울,0
5518,,6000.0,여,서울,1
5519,40.0,5000.0,남,서울,1
5520,20.0,4000.0,nan,부산,0
5521,50.0,6000.0,남,서울,0
5522,50.0,4000.0,남,부산,0
5523,20.0,6000.0,남,서울,0
5524,20.0,,nan,부산,0
5525,50.0,4000.0,여,대구,0
5526,40.0,4000.0,남,대구,0
5527,50.0,4000.0,남,서울,0
5528,20.0,3000.0,nan,부산,0
5529,,5000.0,남,대구,0
5530,30.0,4000.0,여,대구,0
5531,,4000.0,남,부산,1
5532,,3000.0,여,서울,0
5533,20.0,3000.0,남,대구,0
5534,50.0,,남,서울,0
5535,40.0,6000.0,남,서울,0
5536,,4000.0,여,부산,0
5537,50.0,6000.0,남,부산,0
5538,40.0,3000.0,남,대구,1
5539,,3000.0,남,부산,0
5540,40.0,,여,대구,0
5541,50.0,5000.0,남,대구,0
5542,30.0,3000.0,nan,대구,0
5543,50.0,4000.0,여,서울,0
5544,20.0,,nan,서울,0
5545,40.0,5000.0,남,부산,0
5546,30.0,,여,부산,0
5547,40.0,3000.0,여,대구,0
5548,40.0,5000.0,남,대구,0
5549,,6000.0,nan,서울,1
5550,20.0,5000.0,여,서울,1
5551,40.0,4000.0,여,대구,0
5552,50.0,6000.0,여,대구,0
5553,50.0,6000.0,여,부산,0
5554,,4000.0,여,대구,1
5555,20.0,6000.0,남,대구,0
5556,20.0,3000.0,여,대구,0
5557,50.0,5000.0,nan,서울,0
5558,30.0,5000.0,여,서울,0
5559,,4000.0,남,부산,0
5560,,3000.0,남,부산,0
5561,50.0,6000.0,nan,부산,0
5562,50.0,5000.0,여,대구,1
5563,30.0,5000.0,nan,대구,1
5564,30.0,5000.0,nan,서울,1
5565,20.0,5000.0,nan,대구,0
5566,,,nan,대구,1
5567,,4000.0,여,서울,1
5568,50.0,6000.0,남,부산,1
5569,20.0,6000.0,남,대구,0
5570,,4000.0,여,서울,0
5571,20.0,3000.0,nan,서울,0
5572,20.0,4000.0,여,부산,1
5573,50.0,5000.0,nan,서울,0
5574,20.0,5000.0,nan,부산,0
5575,30.0,4000.0,여,부산,0
5576,30.0,4000.0,여,부산,0
5577,40.0,6000.0,nan,부산,1
5578,50.0,6000.0,nan,부산,0
5579,40.0,,nan,서울,0
5580,30.0,,nan,대구,1
5581,40.0,5000.0,여,부산,0
5582,50.0,,남,부산,1
5583,50.0,,남,대구,0
5584,20.0,3000.0,nan,대구,0
5585,,4000.0,남,부산,0
5586,20.0,6000.0,남,대구,0
5587,50.0,,남,부산,0
5588,30.0,6000.0,남,서울,1
5589,30.0,,남,대구,0
5590,20.0,,남,대구,0
5591,50.0,5000.0,nan,서울,1
5592,30.0,3000.0,nan,대구,0
5593,50.0,4000.0,nan,서울,0
5594,30.0,4000.0,여,부산,0
5595,50.0,5000.0,남,대구,0
5596,40.0,5000.0,남,대구,0
5597,50.0,4000.0,여,서울,1
5598,50.0,4000.0,남,부산,0
5599,20.0,3000.0,nan,부산,0
5600,40.0,,nan,서울,0
5601,,3000.0,여,대구,0
5602,20.0,4000.0,nan,대구,1
5603,,,여,서울,0
5604,30.0,4000.0,nan,서울,1
5605,,3000.0,남,서울,0
5606,50.0,3000.0,nan,대구,0
5607,,3000.0,여,서울,1
5608,20.0,,남,부산,0
5609,20.0,6000.0,여,서울,0
5610,,6000.0,남,부산,1
5611,20.0,4000.0,남,부산,0
5612,20.0,,nan,서울,0
5613,,5000.0,nan,부산,0
5614,40.0,6000.0,남,대구,1
5615,40.0,,nan,서울,0
5616,30.0,,nan,대구,1
5617,20.0,6000.0,여,대구,0
5618,,,nan,부산,1
5619,20.0,,남,대구,0
5620,50.0,6000.0,nan,대구,0
5621,20.0,3000.0,남,서울,0
5622,20.0,4000.0,남,서울,0
5623,40.0,5000.0,여,대구,0
5624,,4000.0,남,부산,0
5625,20.0,3000.0,남,부산,1
5626,40.0,3000.0,여,서울,0
5627,30.0,,남,서울,1
5628,40.0,4000.0,여,서울,0
5629,40.0,3000.0,남,부산,0
5630,40.0,4000.0,nan,서울,1
5631,20.0,3000.0,여,대구,1
5632,20.0,5000.0,여,부산,0
5633,30.0,3000.0,남,대구,0
5634,50.0,4000.0,여,서울,0
5635,50.0,,남,부산,0
5636,50.0,4000.0,여,서울,1
5637,30.0,6000.0,여,부산,0
5638,50.0,4000.0,nan,서울,0
5639,50.0,5000.0,남,부산,0
5640,40.0,5000.0,nan,부산,0
5641,20.0,5000.0,여,부산,0
5642,20.0,3000.0,남,대구,1
5643,40.0,5000.0,nan,서울,0
5644,40.0,4000.0,여,서울,0
5645,40.0,,nan,부산,1
5646,20.0,5000.0,여,대구,0
5647,50.0,4000.0,여,부산,1
5648,40.0,3000.0,남,서울,0
5649,30.0,3000.0,남,서울,0
5650,40.0,,남,부산,0
5651,,,여,부산,1
5652,40.0,4000.0,nan,부산,1
5653,20.0,,남,서울,0
5654,40.0,,남,부산,0
5655,,3000.0,남,부산,0
5656,30.0,4000.0,남,서울,0
5657,50.0,,여,부산,1
5658,40.0,4000.0,nan,대구,0
5659,,5000.0,여,서울,0
5660,,3000.0,여,부산,0
5661,30.0,3000.0,여,부산,0
5662,20.0,3000.0,남,서울,1
5663,40.0,6000.0,nan,서울,0
5664,,4000.0,여,대구,0
5665,30.0,5000.0,여,부산,0
5666,50.0,,여,부산,0
5667,,5000.0,남,부산,0
5668,30.0,4000.0,남,서울,1
5669,20.0,3000.0,여,서울,0
5670,20.0,6000.0,남,서울,0
5671,,4000.0,nan,부산,1
5672,,4000.0,남,부산,0
5673,40.0,,여,서울,0
5674,30.0,5000.0,nan,대구,0
5675,,5000.0,남,부산,0
5676,40.0,,여,대구,0
5677,40.0,6000.0,nan,서울,0
5678,,3000.0,nan,부산,0
5679,20.0,3000.0,nan,대구,0
5680,30.0,6000.0,남,부산,0
5681,30.0,,nan,대구,0
5682,20.0,4000.0,남,부산,0
5683,,5000.0,여,대구,1
5684,30.0,4000.0,남,대구,1
5685,,5000.0,남,서울,0
5686,,4000.0,여,서울,1
5687,40.0,,남,대구,0
5688,20.0,,남,부산,1
5689,,6000.0,여,대구,0
5690,50.0,4000.0,nan,부산,0
5691,20.0,4000.0,여,부산,1
5692,30.0,6000.0,nan,부산,1
5693,40.0,6000.0,남,부산,0
5694,30.0,,여,서울,1
5695,30.0,,nan,대구,0
5696,20.0,4000.0,남,부산,0
5697,30.0,,남,서울,0
5698,,,남,부산,0
5699,30.0,4000.0,nan,부산,1
5700,40.0,6000.0,nan,서울,1
5701,40.0,4000.0,nan,서울,0
5702,50.0,3000.0,남,부산,0
5703,40.0,4000.0,nan,대구,1
5704,30.0,3000.0,여,서울,0
5705,40.0,4000.0,nan,대구,0
5706,20.0,3000.0,nan,부산,0
5707,40.0,3000.0,남,부산,0
5708,,4000.0,여,부산,1
5709,20.0,,여,부산,0
5710,50.0,5000.0,여,부산,0
5711,,,nan,부산,1
5712,30.0,3000.0,남,대구,0
5713,30.0,4000.0,nan,서울,0
5714,30.0,4000.0,남,부산,0
5715,,4000.0,여,서울,0
5716,,4000.0,nan,대구,1
5717,,5000.0,남,부산,0
5718,20.0,6000.0,nan,부산,1
5719,20.0,3000.0,남,서울,0
5720,30.0,5000.0,여,서울,0
5721,40.0,,nan,서울,0
5722,30.0,6000.0,여,부산,1
5723,50.0,6000.0,nan,서울,0
5724,20.0,4000.0,nan,서울,0
5725,,5000.0,남,대구,0
5726,20.0,,남,부산,0
5727,,4000.0,남,부산,0
5728,50.0,4000.0,여,부산,0
5729,50.0,3000.0,여,서울,1
5730,20.0,6000.0,nan,대구,1
5731,,,남,서울,0
5732,50.0,6000.0,여,부산,0
5733,30.0,5000.0,nan,서울,0
5734,30.0,3000.0,여,부산,0
5735,,4000.0,nan,서울,0
5736,20.0,3000.0,남,서울,0
5737,50.0,4000.0,nan,부산,1
5738,20.0,3000.0,nan,서울,0
5739,30.0,4000.0,남,부산,0
5740,50.0,6000.0,남,서울,1
5741,20.0,6000.0,nan,서울,1
5742,40.0,6000.0,여,서울,0
5743,,6000.0,남,부산,0
5744,,3000.0,nan,서울,0
5745,40.0,4000.0,남,서울,0
5746,30.0,6000.0,남,대구,1
5747,50.0,3000.0,여,대구,1
5748,,4000.0,남,부산,1
5749,40.0,3000.0,nan,부산,0
5750,40.0,6000.0,nan,부산,0
5751,30.0,5000.0,남,부산,0
5752,30.0,3000.0,남,서울,0
5753,20.0,6000.0,여,서울,0
5754,,,여,부산,0
5755,20.0,4000.0,여,부산,0
5756,40.0,6000.0,nan,대구,0
5757,50.0,,여,부산,0
5758,50.0,3000.0,nan,대구,0
5759,30.0,3000.0,여,부산,0
5760,50.0,,nan,부산,0
5761,50.0,,남,서울,0
5762,50.0,4000.0,nan,부산,1
5763,40.0,3000.0,남,대구,0
5764,50.0,,nan,서울,1
5765,50.0,5000.0,nan,대구,1
5766,50.0,5000.0,남,부산,0
5767,20.0,,nan,서울,0
5768,40.0,4000.0,nan,대구,0
5769,30.0,3000.0,여,부산,0
5770,20.0,5000.0,남,대구,0
5771,,,남,부산,1
5772,40.0,,여,대구,0
5773,40.0,6000.0,여,부산,1
5774,,,남,대구,1
5775,,4000.0,남,서울,0
5776,,5000.0,남,부산,0
5777,30.0,6000.0,여,부산,0
5778,50.0,5000.0,여,대구,0
5779,40.0,5000.0,nan,부산,0
5780,50.0,4000.0,여,서울,1
5781,50.0,,nan,대구,0
5782,,4000.0,nan,대구,0
5783,30.0,,여,대구,1
5784,20.0,6000.0,여,서울,0
5785,30.0,4000.0,여,서울,0
5786,50.0,4000.0,여,부산,0
5787,30.0,3000.0,남,대구,0
5788,,4000.0,여,서울,1
5789,20.0,3000.0,nan,부산,1
5790,,,nan,서울,0
5791,20.0,,남,서울,0
5792,50.0,,남,서울,0
5793,20.0,3000.0,여,부산,1
5794,20.0,,남,서울,0
5795,20.0,5000.0,여,서울,0
5796,30.0,4000.0,여,서울,0
5797,30.0,3000.0,남,대구,1
5798,50.0,,남,서울,0
5799,20.0,5000.0,nan,대구,0
5800,40.0,4000.0,남,서울,1
5801,50.0,4000.0,남,대구,0
5802,20.0,,남,서울,0
5803,20.0,5000.0,nan,대구,0
5804,30.0,3000.0,여,대구,1
5805,50.0,,nan,대구,0
5806,20.0,4000.0,남,서울,0
5807,20.0,4000.0,남,부산,0
5808,50.0,4000.0,남,대구,1
5809,40.0,,여,대구,0
5810,50.0,6000.0,nan,대구,0
5811,50.0,6000.0,nan,대구,0
5812,40.0,6000.0,여,대구,0
5813,50.0,5000.0,nan,부산,1
5814,20.0,,여,서울,0
5815,50.0,4000.0,여,부산,1
5816,40.0,5000.0,nan,서울,1
5817,,6000.0,nan,부산,1
5818,50.0,3000.0,여,서울,0
5819,30.0,5000.0,nan,대구,0
5820,20.0,5000.0,여,서울,0
5821,20.0,,nan,서울,1
5822,30.0,5000.0,nan,대구,1
5823,30.0,,nan,대구,0
5824,50.0,3000.0,nan,서울,1
5825,30.0,4000.0,nan,서울,1
5826,,4000.0,남,대구,1
5827,40.0,6000.0,남,부산,0
5828,30.0,6000.0,nan,대구,1
5829,30.0,3000.0,nan,서울,1
5830,,4000.0,nan,서울,0
5831,20.0,6000.0,여,서울,1
5832,20.0,5000.0,남,대구,0
5833,50.0,,여,대구,0
5834,,6000.0,남,부산,1
5835,40.0,3000.0,남,서울,0
5836,40.0,4000.0,nan,서울,1
5837,,3000.0,nan,대구,0
5838,40.0,,여,서울,0
5839,20.0,,여,부산,0
5840,40.0,3000.0,nan,대구,0
5841,40.0,6000.0,nan,서울,1
5842,,6000.0,남,대구,0
5843,,4000.0,남,대구,0
5844,40.0,4000.0,nan,부산,0
5845,30.0,5000.0,남,대구,1
5846,,5000.0,여,서울,0
5847,50.0,4000.0,남,부산,1
5848,50.0,5000.0,nan,대구,0
5849,20.0,3000.0,남,서울,0
5850,40.0,6000.0,nan,대구,1
5851,30.0,5000.0,남,대구,0
5852,20.0,5000.0,여,부산,0
5853,40.0,3000.0,여,부산,1
5854,,,nan,부산,0
5855,50.0,4000.0,nan,부산,1
5856,30.0,3000.0,nan,서울,1
5857,50.0,,남,대구,0
5858,,3000.0,남,부산,0
5859,40.0,6000.0,남,서울,0
5860,,3000.0,여,부산,1
5861,,3000.0,nan,대구,1
5862,50.0,6000.0,남,부산,0
5863,30.0,4000.0,여,대구,0
5864,,,nan,대구,0
5865,50.0,5000.0,여,서울,0
5866,30.0,4000.0,nan,부산,0
5867,40.0,3000.0,남,부산,1
5868,40.0,5000.0,여,대구,1
5869,20.0,6000.0,여,부산,1
5870,50.0,4000.0,여,대구,0
5871,30.0,,nan,서울,1
5872,,4000.0,nan,부산,1
5873,40.0,4000.0,여,대구,0
5874,30.0,5000.0,nan,부산,0
5875,50.0,6000.0,여,부산,1
5876,20.0,6000.0,남,서울,1
5877,40.0,4000.0,여,대구,0
5878,30.0,6000.0,여,서울,0
5879,30.0,5000.0,nan,서울,0
5880,30.0,5000.0,nan,서울,1
5881,50.0,,nan,대구,1
5882,50.0,6000.0,남,대구,0
5883,50.0,,남,부산,0
5884,,3000.0,남,대구,1
5885,30.0,5000.0,nan,서울,1
5886,40.0,4000.0,여,대구,1
5887,50.0,5000.0,여,부산,1
5888,50.0,3000.0,여,서울,0
5889,30.0,4000.0,nan,부산,1
5890,50.0,6000.0,nan,대구,0
5891,,6000.0,남,부산,1
5892,,5000.0,nan,부산,0
5893,50.0,4000.0,여,대구,1
5894,30.0,4000.0,남,부산,1
5895,30.0,,남,대구,0
5896,30.0,3000.0,nan,서울,0
5897,20.0,6000.0,남,부산,0
5898,50.0,5000.0,남,서울,1
5899,30.0,4000.0,nan,대구,1
5900,,6000.0,남,대구,1
5901,40.0,5000.0,여,부산,0
5902,40.0,6000.0,nan,부산,0
5903,30.0,5000.0,여,대구,0
5904,40.0,6000.0,여,대구,0
5905,40.0,,여,서울,0
5906,20.0,3000.0,여,서울,1
5907,,6000.0,남,부산,0
5908,,3000.0,남,부산,1
5909,20.0,6000.0,nan,부산,0
5910,20.0,4000.0,nan,부산,0
5911,40.0,,여,부산,0
5912,50.0,,여,부산,0
5913,40.0,3000.0,nan,부산,1
5914,20.0,4000.0,nan,부산,0
5915,,5000.0,nan,서울,0
5916,40.0,,nan,대구,1
5917,50.0,4000.0,여,대구,1
5918,40.0,4000.0,nan,부산,0
5919,30.0,3000.0,남,대구,0
5920,40.0,4000.0,여,부산,0
5921,20.0,4000.0,남,서울,0
5922,,5000.0,nan,부산,0
5923,,3000.0,남,서울,1
5924,20.0,3000.0,nan,서울,0
5925,30.0,4000.0,남,서울,0
5926,20.0,5000.0,여,부산,0
5927,40.0,6000.0,남,서울,1
5928,20.0,,여,부산,0
5929,20.0,3000.0,남,서울,0
5930,30.0,5000.0,남,서울,0
5931,40.0,5000.0,여,대구,0
5932,50.0,4000.0,여,부산,0
5933,50.0,,nan,대구,0
5934,,3000.0,여,서울,0
5935,20.0,6000.0,여,대구,0
5936,,4000.0,nan,서울,0
5937,30.0,3000.0,여,대구,1
5938,50.0,3000.0,여,대구,0
5939,20.0,5000.0,남,부산,1
5940,30.0,,nan,부산,0
5941,30.0,6000.0,nan,대구,1
5942,20.0,,남,대구,0
5943,30.0,5000.0,nan,부산,0
5944,20.0,6000.0,남,서울,1
5945,20.0,6000.0,여,서울,1
5946,40.0,4000.0,nan,서울,1
5947,,6000.0,여,서울,1
5948,30.0,3000.0,nan,대구,0
5949,30.0,,여,서울,0
5950,40.0,,nan,대구,0
5951,40.0,4000.0,nan,대구,0
5952,40.0,6000.0,여,서울,1
5953,50.0,5000.0,남,서울,0
5954,50.0,3000.0,nan,서울,1
5955,50.0,4000.0,남,부산,0
5956,20.0,6000.0,남,대구,0
5957,30.0,5000.0,남,서울,0
5958,,6000.0,남,부산,0
5959,20.0,4000.0,남,대구,1
5960,30.0,5000.0,남,대구,1
5961,30.0,5000.0,nan,대구,0
5962,40.0,5000.0,남,서울,1
5963,40.0,5000.0,nan,서울,0
5964,20.0,6000.0,nan,대구,1
5965,40.0,5000.0,nan,대구,0
5966,30.0,6000.0,여,부산,0
5967,40.0,5000.0,남,부산,0
5968,50.0,5000.0,여,대구,0
5969,40.0,4000.0,남,부산,0
5970,30.0,6000.0,여,대구,0
5971,20.0,6000.0,nan,부산,0
5972,,,여,대구,0
5973,40.0,4000.0,nan,서울,1
5974,30.0,6000.0,여,대구,1
5975,,4000.0,남,서울,1
5976,,4000.0,남,대구,0
5977,50.0,4000.0,여,서울,0
5978,,3000.0,여,부산,0
5979,30.0,6000.0,남,서울,0
5980,30.0,4000.0,여,부산,0
5981,40.0,3000.0,여,대구,0
5982,40.0,3000.0,남,부산,0
5983,40.0,5000.0,nan,부산,0
5984,,5000.0,남,부산,0
5985,,6000.0,남,대구,1
5986,50.0,5000.0,여,서울,1
5987,40.0,6000.0,남,부산,0
5988,20.0,3000.0,남,대구,0
5989,50.0,3000.0,여,부산,1
5990,20.0,6000.0,여,서울,1
5991,,5000.0,nan,부산,1
5992,50.0,5000.0,남,부산,0
5993,50.0,6000.0,nan,부산,0
5994,30.0,,nan,서울,0
5995,,5000.0,nan,서울,1
5996,,4000.0,nan,대구,1
5997,50.0,5000.0,남,부산,0
5998,,,남,부산,0
5999,50.0,3000.0,남,부산,0
6000,30.0,3000.0,nan,부산,1
6001,50.0,3000.0,여,서울,1
6002,,5000.0,남,서울,0
6003,,3000.0,nan,부산,0
6004,50.0,,nan,부산,0
6005,50.0,,nan,부산,1
6006,50.0,5000.0,nan,부산,1
6007,40.0,4000.0,nan,대구,0
6008,,5000.0,nan,대구,0
6009,,3000.0,남,부산,0
6010,40.0,5000.0,여,부산,0
6011,50.0,,남,부산,0
6012,30.0,5000.0,남,대구,0
6013,50.0,5000.0,nan,서울,1
6014,50.0,4000.0,남,대구,1
6015,40.0,,여,대구,0
6016,,6000.0,여,부산,0
6017,50.0,6000.0,nan,부산,0
6018,,,여,서울,1
6019,20.0,6000.0,nan,부산,1
6020,,3000.0,여,부산,0
6021,30.0,6000.0,여,서울,0
6022,30.0,3000.0,남,부산,0
6023,50.0,,여,부산,0
6024,,6000.0,nan,부산,0
6025,50.0,6000.0,여,대구,0
6026,40.0,3000.0,여,부산,0
6027,30.0,3000.0,남,대구,0
6028,50.0,5000.0,nan,부산,1
6029,40.0,4000.0,nan,부산,0
6030,50.0,6000.0,nan,대구,1
6031,,4000.0,남,대구,0
6032,,4000.0,여,부산,0
6033,,6000.0,nan,서울,0
6034,,3000.0,여,부산,0
6035,20.0,5000.0,여,대구,0
6036,40.0,,여,부산,0
6037,40.0,6000.0,남,부산,0
6038,,6000.0,여,대구,1
6039,20.0,,남,서울,0
6040,,4000.0,남,서울,0
6041,20.0,5000.0,남,대구,1
6042,,4000.0,nan,대구,1
6043,30.0,,남,부산,0
6044,30.0,,nan,대구,0
6045,50.0,5000.0,남,대구,0
6046,,,남,부산,0
6047,40.0,,남,부산,0
6048,50.0,5000.0,남,부산,0
6049,30.0,6000.0,여,서울,1
6050,,4000.0,여,서울,0
6051,50.0,6000.0,남,대구,0
6052,,6000.0,여,부산,0
6053,30.0,4000.0,nan,대구,0
6054,50.0,6000.0,여,대구,0
6055,30.0,5000.0,여,서울,0
6056,20.0,4000.0,여,서울,0
6057,30.0,3000.0,남,대구,1
6058,,6000.0,nan,부산,0
6059,40.0,,남,서울,0
6060,30.0,4000.0,nan,서울,1
6061,40.0,3000.0,남,서울,1
6062,20.0,,여,대구,0
6063,50.0,3000.0,nan,서울,1
6064,50.0,6000.0,여,부산,0
6065,40.0,,nan,서울,0
6066,50.0,6000.0,nan,대구,0
6067,30.0,,남,대구,0
6068,40.0,4000.0,남,대구,0
6069,,5000.0,여,대구,0
6070,30.0,5000.0,여,부산,1
6071,30.0,3000.0,nan,대구,0
6072,30.0,,nan,서울,0
6073,,6000.0,남,부산,0
6074,20.0,4000.0,남,대구,1
6075,50.0,4000.0,남,대구,1
6076,40.0,4000.0,남,부산,0
6077,20.0,5000.0,남,서울,1
6078,40.0,6000.0,nan,부산,1
6079,50.0,4000.0,nan,서울,1
6080,,4000.0,여,서울,0
6081,30.0,3000.0,nan,대구,0
6082,30.0,,남,부산,0
6083,,,nan,부산,1
6084,20.0,,nan,대구,1
6085,20.0,3000.0,nan,대구,1
6086,40.0,5000.0,여,서울,0
6087,,3000.0,여,대구,0
6088,20.0,4000.0,nan,부산,0
6089,,6000.0,nan,대구,0
6090,50.0,4000.0,남,대구,0
6091,30.0,4000.0,여,대구,0
6092,30.0,6000.0,남,대구,1
6093,30.0,,남,대구,0
6094,,3000.0,nan,서울,1
6095,,5000.0,nan,대구,1
6096,40.0,4000.0,nan,대구,0
6097,30.0,4000.0,남,부산,0
6098,40.0,5000.0,남,대구,1
6099,30.0,3000.0,남,부산,1
6100,40.0,4000.0,nan,부산,0
6101,40.0,5000.0,nan,부산,0
6102,50.0,4000.0,nan,부산,0
6103,40.0,,남,서울,0
6104,,,남,서울,0
6105,40.0,4000.0,여,부산,1
6106,30.0,4000.0,nan,서울,0
6107,40.0,,남,서울,0
6108,20.0,4000.0,여,대구,1
6109,30.0,3000.0,남,서울,0
6110,20.0,3000.0,남,부산,1
6111,30.0,6000.0,nan,부산,0
6112,,3000.0,여,부산,0
6113,,4000.0,남,부산,0
6114,,4000.0,여,대구,0
6115,20.0,5000.0,여,서울,1
6116,50.0,3000.0,nan,부산,1
6117,30.0,,여,대구,1
6118,,,nan,부산,0
6119,30.0,6000.0,nan,서울,1
6120,20.0,5000.0,nan,대구,0
6121,50.0,,여,서울,0
6122,20.0,6000.0,남,대구,0
6123,30.0,3000.0,nan,부산,0
6124,50.0,5000.0,남,부산,0
6125,50.0,5000.0,여,서울,0
6126,20.0,4000.0,남,서울,0
6127,,3000.0,남,대구,0
6128,30.0,5000.0,nan,서울,0
6129,40.0,6000.0,nan,서울,1
6130,40.0,,nan,부산,0
6131,20.0,3000.0,여,부산,0
6132,30.0,3000.0,남,부산,1
6133,30.0,5000.0,여,부산,0
6134,20.0,5000.0,여,부산,0
6135,30.0,5000.0,여,부산,1
6136,,6000.0,여,부산,0
6137,20.0,4000.0,nan,대구,1
6138,,5000.0,남,부산,0
6139,30.0,4000.0,nan,부산,0
6140,20.0,4000.0,nan,부산,0
6141,30.0,3000.0,여,부산,0
6142,20.0,,nan,부산,0
6143,30.0,,남,서울,0
6144,,6000.0,여,서울,0
6145,,6000.0,nan,부산,1
6146,30.0,,여,부산,1
6147,20.0,,남,부산,1
6148,40.0,3000.0,여,대구,0
6149,,3000.0,nan,부산,0
6150,,,nan,대구,0
6151,40.0,5000.0,남,대구,0
6152,30.0,5000.0,남,부산,1
6153,20.0,3000.0,여,서울,0
6154,30.0,4000.0,nan,부산,1
6155,50.0,,남,부산,1
6156,,6000.0,남,서울,1
6157,50.0,5000.0,nan,서울,0
6158,,4000.0,남,부산,1
6159,,5000.0,남,부산,1
6160,50.0,4000.0,nan,대구,1
6161,50.0,,남,서울,0
6162,30.0,,nan,대구,0
6163,50.0,,nan,대구,0
6164,30.0,3000.0,여,대구,1
6165,30.0,4000.0,nan,대구,1
6166,30.0,6000.0,남,서울,0
6167,,6000.0,여,서울,1
6168,,,여,서울,1
6169,50.0,6000.0,남,부산,0
6170,,5000.0,여,대구,0
6171,50.0,4000.0,남,부산,0
6172,,4000.0,여,서울,1
6173,20.0,4000.0,남,서울,0
6174,20.0,5000.0,nan,부산,1
6175,50.0,3000.0,nan,대구,0
6176,,5000.0,여,서울,0
6177,,4000.0,여,대구,0
6178,30.0,4000.0,nan,대구,0
6179,40.0,4000.0,남,서울,0
6180,50.0,6000.0,여,부산,0
6181,40.0,3000.0,nan,대구,0
6182,40.0,5000.0,여,부산,0
6183,50.0,4000.0,nan,대구,0
6184,,,nan,대구,0
6185,50.0,3000.0,nan,서울,0
6186,40.0,,남,부산,0
6187,,3000.0,여,대구,1
6188,20.0,4000.0,남,부산,0
6189,50.0,3000.0,남,대구,0
6190,50.0,3000.0,nan,부산,1
6191,,4000.0,남,부산,1
6192,20.0,,여,서울,0
6193,20.0,,여,대구,0
6194,,6000.0,nan,대구,1
6195,30.0,,nan,대구,1
6196,50.0,,여,대구,0
6197,50.0,3000.0,여,서울,0
6198,40.0,6000.0,nan,서울,0
6199,,4000.0,남,대구,0
6200,40.0,4000.0,여,부산,1
6201,40.0,5000.0,nan,서울,0
6202,20.0,6000.0,nan,부산,0
6203,50.0,3000.0,여,부산,1
6204,40.0,5000.0,nan,부산,0
6205,20.0,5000.0,여,대구,0
6206,,4000.0,nan,서울,0
6207,40.0,,nan,대구,0
6208,50.0,3000.0,남,부산,1
6209,40.0,6000.0,nan,대구,0
6210,,5000.0,여,부산,0
6211,40.0,3000.0,여,대구,0
6212,50.0,4000.0,남,대구,1
6213,20.0,5000.0,여,서울,0
6214,50.0,5000.0,nan,서울,0
6215,20.0,4000.0,남,부산,1
6216,30.0,4000.0,여,부산,1
6217,50.0,4000.0,nan,부산,1
6218,50.0,3000.0,남,대구,0
6219,,3000.0,nan,부산,0
6220,40.0,3000.0,여,서울,0
6221,20.0,,여,부산,1
6222,20.0,5000.0,여,부산,1
6223,,3000.0,여,대구,1
6224,,,남,서울,1
6225,40.0,5000.0,여,부산,0
6226,40.0,3000.0,남,서울,1
6227,50.0,4000.0,남,부산,1
6228,30.0,6000.0,nan,서울,1
6229,40.0,3000.0,여,부산,1
6230,,6000.0,nan,부산,0
6231,40.0,3000.0,nan,대구,0
6232,20.0,4000.0,nan,대구,0
6233,30.0,6000.0,nan,서울,0
6234,50.0,,nan,서울,0
6235,20.0,4000.0,여,서울,1
6236,20.0,6000.0,nan,서울,1
6237,30.0,6000.0,남,대구,1
6238,50.0,4000.0,남,서울,0
6239,,4000.0,여,부산,0
6240,50.0,4000.0,남,부산,0
6241,40.0,5000.0,nan,부산,0
6242,20.0,,남,대구,0
6243,40.0,3000.0,nan,서울,1
6244,,6000.0,여,부산,0
6245,40.0,3000.0,남,부산,0
6246,50.0,4000.0,남,대구,0
6247,40.0,,남,대구,1
6248,,,여,대구,1
6249,,5000.0,여,부산,1
6250,,4000.0,남,대구,1
6251,50.0,6000.0,여,부산,0
6252,,5000.0,nan,서울,1
6253,20.0,4000.0,여,부산,0
6254,,5000.0,남,서울,0
6255,40.0,3000.0,nan,부산,0
6256,40.0,4000.0,남,서울,1
6257,40.0,6000.0,남,부산,1
6258,50.0,6000.0,남,부산,0
6259,40.0,4000.0,여,부산,0
6260,50.0,5000.0,남,부산,1
6261,50.0,,nan,대구,0
6262,,4000.0,nan,부산,1
6263,20.0,6000.0,nan,부산,0
6264,,3000.0,남,대구,0
6265,,6000.0,nan,대구,0
6266,50.0,,nan,대구,0
6267,50.0,6000.0,nan,대구,1
6268,40.0,,nan,대구,1
6269,40.0,4000.0,여,대구,0
6270,,6000.0,남,대구,1
6271,30.0,5000.0,남,대구,1
6272,30.0,5000.0,nan,대구,0
6273,40.0,6000.0,남,대구,0
6274,30.0,6000.0,nan,대구,0
6275,40.0,3000.0,nan,서울,0
6276,50.0,6000.0,nan,부산,0
6277,,3000.0,남,부산,1
6278,20.0,3000.0,여,대구,0
6279,,3000.0,남,대구,0
6280,40.0,3000.0,남,서울,0
6281,40.0,4000.0,여,대구,0
6282,,5000.0,남,서울,0
6283,40.0,3000.0,여,부산,0
6284,30.0,5000.0,nan,부산,0
6285,30.0,3000.0,여,대구,0
6286,40.0,5000.0,nan,서울,0
6287,40.0,6000.0,여,서울,0
6288,30.0,6000.0,nan,부산,0
6289,40.0,5000.0,남,부산,0
6290,40.0,3000.0,여,서울,0
6291,,4000.0,남,서울,0
6292,20.0,5000.0,nan,부산,0
6293,30.0,,여,서울,0
6294,,4000.0,여,부산,0
6295,20.0,,여,서울,1
6296,40.0,5000.0,남,대구,0
6297,40.0,3000.0,nan,부산,0
6298,,,남,서울,0
6299,40.0,5000.0,여,부산,1
6300,50.0,4000.0,nan,서울,1
6301,,3000.0,nan,대구,0
6302,20.0,,남,대구,0
6303,,5000.0,남,대구,0
6304,30.0,3000.0,여,부산,0
6305,,3000.0,여,대구,0
6306,40.0,6000.0,여,부산,0
6307,40.0,3000.0,여,대구,0
6308,50.0,5000.0,nan,부산,0
6309,50.0,4000.0,여,대구,0
6310,50.0,6000.0,여,서울,1
6311,20.0,5000.0,여,서울,0
6312,50.0,5000.0,남,부산,1
6313,20.0,5000.0,남,대구,0
6314,50.0,,남,대구,0
6315,20.0,,여,서울,1
6316,,4000.0,nan,대구,0
6317,,5000.0,여,대구,0
6318,40.0,,남,부산,0
6319,20.0,,남,서울,0
6320,30.0,,여,대구,0
6321,40.0,4000.0,nan,대구,0
6322,,4000.0,nan,부산,0
6323,20.0,5000.0,nan,부산,0
6324,50.0,6000.0,남,부산,0
6325,30.0,5000.0,남,부산,0
6326,,,nan,대구,1
6327,40.0,,여,대구,0
6328,20.0,3000.0,nan,대구,0
6329,30.0,5000.0,여,부산,1
6330,20.0,,남,대구,0
6331,50.0,,남,서울,0
6332,40.0,6000.0,남,서울,0
6333,20.0,3000.0,nan,대구,0
6334,,5000.0,nan,부산,0
6335,40.0,4000.0,남,서울,0
6336,,5000.0,남,대구,0
6337,20.0,5000.0,남,서울,0
6338,40.0,6000.0,nan,서울,1
6339,,5000.0,nan,서울,0
6340,50.0,6000.0,남,서울,1
6341,50.0,6000.0,nan,대구,1
6342,20.0,,nan,서울,0
6343,40.0,4000.0,nan,대구,0
6344,30.0,6000.0,nan,서울,0
6345,40.0,3000.0,남,서울,0
6346,50.0,3000.0,남,서울,1
6347,,4000.0,nan,대구,0
6348,30.0,6000.0,남,서울,0
6349,20.0,4000.0,남,서울,0
6350,30.0,,남,부산,0
6351,20.0,3000.0,여,서울,0
6352,30.0,5000.0,남,부산,0
6353,20.0,3000.0,남,대구,0
6354,20.0,6000.0,nan,서울,0
6355,30.0,4000.0,nan,서울,0
6356,30.0,3000.0,여,부산,0
6357,20.0,5000.0,여,부산,0
6358,50.0,5000.0,남,서울,0
6359,30.0,4000.0,남,대구,0
6360,40.0,4000.0,nan,부산,0
6361,,3000.0,남,서울,0
6362,20.0,6000.0,남,부산,0
6363,20.0,,남,대구,0
6364,,5000.0,남,부산,0
6365,50.0,4000.0,남,서울,0
6366,,,남,부산,0
6367,30.0,,남,대구,0
6368,,,남,서울,0
6369,20.0,6000.0,nan,서울,1
6370,,4000.0,여,서울,0
6371,40.0,5000.0,남,서울,0
6372,30.0,4000.0,nan,대구,0
6373,,3000.0,남,서울,0
6374,20.0,5000.0,남,대구,0
6375,30.0,4000.0,여,대구,0
6376,20.0,5000.0,nan,부산,0
6377,50.0,3000.0,남,부산,1
6378,40.0,5000.0,여,서울,0
6379,50.0,,여,서울,1
6380,40.0,6000.0,남,대구,1
6381,,3000.0,남,부산,1
6382,30.0,5000.0,nan,서울,1
6383,,3000.0,nan,서울,0
6384,40.0,,남,대구,0
6385,40.0,6000.0,남,부산,0
6386,40.0,3000.0,여,서울,0
6387,20.0,,nan,서울,0
6388,30.0,,남,서울,1
6389,,,남,서울,0
6390,,5000.0,nan,서울,0
6391,50.0,4000.0,남,서울,0
6392,40.0,3000.0,여,부산,0
6393,40.0,4000.0,여,대구,0
6394,40.0,,남,대구,0
6395,,4000.0,nan,대구,1
6396,50.0,,여,서울,0
6397,20.0,,nan,대구,0
6398,30.0,6000.0,nan,부산,0
6399,20.0,6000.0,nan,서울,1
6400,,4000.0,여,부산,0
6401,40.0,3000.0,여,서울,1
6402,30.0,4000.0,남,서울,1
6403,,3000.0,nan,대구,0
6404,,4000.0,여,부산,0
6405,,5000.0,여,대구,0
6406,30.0,5000.0,남,서울,0
6407,30.0,3000.0,여,부산,1
6408,50.0,6000.0,여,부산,0
6409,50.0,3000.0,여,서울,1
6410,20.0,4000.0,남,대구,0
6411,30.0,,남,서울,0
6412,30.0,5000.0,nan,부산,0
6413,30.0,,여,부산,0
6414,50.0,5000.0,남,부산,0
6415,,4000.0,남,서울,0
6416,40.0,5000.0,남,부산,0
6417,50.0,3000.0,nan,부산,1
6418,30.0,,nan,대구,0
6419,50.0,,nan,대구,0
6420,20.0,4000.0,nan,부산,0
6421,30.0,,nan,대구,1
6422,20.0,4000.0,여,서울,0
6423,30.0,6000.0,여,대구,0
6424,50.0,3000.0,남,대구,1
6425,,5000.0,nan,대구,1
6426,40.0,5000.0,nan,대구,0
6427,20.0,5000.0,남,서울,1
6428,50.0,6000.0,여,대구,0
6429,,3000.0,nan,부산,1
6430,50.0,,nan,대구,0
6431,20.0,,nan,대구,0
6432,40.0,3000.0,여,부산,1
6433,50.0,3000.0,여,서울,0
6434,30.0,5000.0,nan,부산,0
6435,,,nan,부산,0
6436,50.0,3000.0,남,부산,0
6437,,,남,부산,0
6438,30.0,3000.0,여,대구,0
6439,40.0,4000.0,남,대구,1
6440,40.0,5000.0,nan,대구,0
6441,30.0,3000.0,여,대구,1
6442,,6000.0,남,서울,0
6443,50.0,3000.0,여,대구,0
6444,30.0,4000.0,nan,대구,0
6445,20.0,6000.0,남,서울,1
6446,,6000.0,남,부산,0
6447,40.0,3000.0,남,대구,0
6448,30.0,4000.0,nan,대구,0
6449,40.0,6000.0,여,부산,1
6450,,5000.0,남,대구,0
6451,40.0,5000.0,여,부산,0
6452,30.0,,여,부산,1
6453,,,여,부산,0
6454,20.0,4000.0,nan,대구,1
6455,30.0,6000.0,nan,부산,1
6456,50.0,5000.0,남,대구,0
6457,30.0,5000.0,남,서울,0
6458,,4000.0,여,부산,0
6459,30.0,6000.0,여,대구,1
6460,20.0,4000.0,여,부산,0
6461,20.0,3000.0,nan,대구,1
6462,50.0,5000.0,nan,대구,0
6463,40.0,4000.0,남,서울,0
6464,,4000.0,여,부산,0
6465,,3000.0,여,대구,0
6466,40.0,,nan,서울,0
6467,20.0,5000.0,남,대구,0
6468,20.0,4000.0,여,대구,0
6469,30.0,5000.0,여,서울,0
6470,50.0,,남,부산,0
6471,50.0,4000.0,여,서울,0
6472,50.0,3000.0,nan,부산,0
6473,30.0,5000.0,남,대구,0
6474,50.0,3000.0,여,대구,1
6475,40.0,,여,서울,0
6476,30.0,,nan,서울,1
6477,40.0,5000.0,nan,서울,0
6478,30.0,,nan,대구,1
6479,50.0,6000.0,여,부산,0
6480,40.0,5000.0,여,서울,0
6481,40.0,6000.0,여,부산,0
6482,40.0,,남,서울,0
6483,30.0,5000.0,nan,서울,0
6484,,6000.0,남,서울,0
6485,50.0,,nan,서울,0
6486,40.0,4000.0,여,대구,0
6487,,4000.0,남,대구,1
6488,50.0,3000.0,남,서울,0
6489,50.0,4000.0,nan,대구,0
6490,40.0,6000.0,남,대구,0
6491,40.0,4000.0,남,대구,0
6492,30.0,5000.0,여,대구,0
6493,,5000.0,nan,부산,0
6494,,5000.0,남,부산,0
6495,40.0,4000.0,여,대구,0
6496,50.0,4000.0,남,부산,0
6497,40.0,3000.0,여,서울,1
6498,50.0,,남,부산,1
6499,50.0,3000.0,여,서울,0
6500,40.0,6000.0,여,부산,0
6501,20.0,5000.0,nan,부산,0
6502,,4000.0,여,서울,0
6503,50.0,,남,서울,0
6504,50.0,,여,대구,0
6505,20.0,4000.0,여,부산,0
6506,30.0,3000.0,남,서울,1
6507,20.0,,남,대구,1
6508,20.0,3000.0,여,서울,1
6509,50.0,4000.0,남,대구,0
6510,,3000.0,여,대구,1
6511,20.0,5000.0,여,서울,0
6512,30.0,4000.0,여,서울,0
6513,40.0,4000.0,남,부산,1
6514,20.0,,nan,부산,1
6515,20.0,,nan,대구,1
6516,30.0,,여,서울,0
6517,,5000.0,여,부산,0
6518,20.0,5000.0,남,대구,0
6519,20.0,6000.0,nan,부산,1
6520,,4000.0,nan,대구,0
6521,30.0,,nan,부산,0
6522,20.0,4000.0,남,서울,0
6523,,3000.0,남,대구,0
6524,20.0,5000.0,남,대구,1
6525,40.0,6000.0,여,부산,0
6526,50.0,3000.0,남,부산,0
6527,40.0,4000.0,여,부산,1
6528,20.0,5000.0,여,서울,0
6529,30.0,,여,부산,1
6530,50.0,3000.0,여,부산,1
6531,40.0,5000.0,남,서울,0
6532,,4000.0,남,부산,0
6533,30.0,4000.0,nan,서울,0
6534,40.0,3000.0,nan,서울,0
6535,,3000.0,여,부산,0
6536,20.0,3000.0,nan,서울,0
6537,,6000.0,nan,부산,0
6538,40.0,,nan,서울,0
6539,40.0,5000.0,여,대구,0
6540,20.0,4000.0,nan,부산,0
6541,,4000.0,남,대구,0
6542,,,여,대구,0
6543,20.0,3000.0,남,대구,0
6544,,3000.0,여,대구,1
6545,20.0,4000.0,남,부산,0
6546,30.0,,nan,서울,1
6547,40.0,4000.0,여,부산,0
6548,30.0,3000.0,남,부산,0
6549,50.0,5000.0,여,서울,1
6550,50.0,3000.0,남,대구,0
6551,50.0,5000.0,nan,서울,0
6552,20.0,6000.0,여,대구,0
6553,,,여,부산,0
6554,30.0,6000.0,남,서울,0
6555,30.0,3000.0,남,서울,0
6556,30.0,,nan,대구,0
6557,30.0,3000.0,남,서울,1
6558,50.0,,남,부산,1
6559,30.0,,남,서울,0
6560,,3000.0,nan,서울,1
6561,50.0,3000.0,nan,부산,0
6562,30.0,,여,대구,0
6563,20.0,,nan,서울,1
6564,40.0,3000.0,남,대구,0
6565,40.0,3000.0,여,서울,0
6566,40.0,4000.0,nan,부산,0
6567,50.0,4000.0,nan,대구,0
6568,30.0,4000.0,남,서울,0
6569,50.0,6000.0,남,대구,1
6570,,,nan,서울,0
6571,20.0,5000.0,여,부산,0
6572,20.0,6000.0,남,부산,0
6573,40.0,,nan,서울,1
6574,40.0,5000.0,nan,서울,0
6575,40.0,4000.0,남,대구,0
6576,30.0,5000.0,여,서울,1
6577,,3000.0,여,대구,0
6578,,3000.0,여,서울,0
6579,,,남,부산,0
6580,,6000.0,남,대구,0
6581,40.0,4000.0,남,대구,0
6582,20.0,,여,부산,0
6583,40.0,4000.0,여,대구,0
6584,,3000.0,남,부산,1
6585,40.0,6000.0,남,부산,0
6586,,6000.0,남,부산,0
6587,50.0,3000.0,여,서울,1
6588,20.0,5000.0,nan,부산,0
6589,50.0,6000.0,nan,대구,0
6590,30.0,5000.0,여,서울,0
6591,40.0,4000.0,남,부산,0
6592,30.0,6000.0,남,부산,0
6593,40.0,3000.0,남,부산,0
6594,50.0,5000.0,남,대구,1
6595,,4000.0,여,서울,0
6596,,4000.0,nan,서울,0
6597,40.0,6000.0,nan,서울,0
6598,,6000.0,여,대구,1
6599,50.0,,남,부산,0
6600,,,nan,서울,1
6601,50.0,6000.0,여,부산,0
6602,30.0,,남,대구,0
6603,50.0,3000.0,nan,서울,0
6604,20.0,3000.0,여,대구,0
6605,20.0,,nan,서울,0
6606,20.0,6000.0,nan,서울,0
6607,40.0,3000.0,여,부산,1
6608,40.0,4000.0,여,대구,1
6609,40.0,6000.0,nan,서울,0
6610,50.0,5000.0,nan,서울,1
6611,40.0,5000.0,여,대구,0
6612,30.0,6000.0,남,부산,0
6613,20.0,,남,대구,0
6614,50.0,3000.0,남,서울,0
6615,20.0,3000.0,남,대구,0
6616,40.0,6000.0,여,부산,0
6617,50.0,4000.0,남,부산,1
6618,,,nan,부산,0
6619,30.0,4000.0,남,부산,1
6620,40.0,6000.0,여,부산,0
6621,40.0,6000.0,남,부산,0
6622,30.0,4000.0,남,부산,1
6623,30.0,5000.0,여,서울,0
6624,,6000.0,남,대구,1
6625,40.0,,여,부산,0
6626,40.0,4000.0,남,대구,1
6627,20.0,5000.0,여,대구,0
6628,50.0,4000.0,남,서울,0
6629,50.0,5000.0,nan,대구,0
6630,20.0,5000.0,nan,대구,1
6631,50.0,,여,부산,0
6632,30.0,6000.0,여,부산,1
6633,50.0,5000.0,여,대구,0
6634,50.0,6000.0,nan,부산,0
6635,20.0,,여,서울,0
6636,,6000.0,남,대구,0
6637,50.0,3000.0,여,대구,0
6638,50.0,5000.0,여,서울,0
6639,,,남,서울,1
6640,20.0,4000.0,남,서울,0
6641,,,nan,서울,0
6642,20.0,5000.0,남,대구,0
6643,30.0,,남,부산,1
6644,20.0,4000.0,여,부산,0
6645,30.0,3000.0,nan,부산,0
6646,30.0,5000.0,남,부산,0
6647,20.0,5000.0,nan,서울,1
6648,40.0,,남,부산,1
6649,20.0,6000.0,nan,부산,1
6650,50.0,6000.0,남,대구,1
6651,50.0,4000.0,여,대구,0
6652,40.0,3000.0,nan,부산,0
6653,30.0,3000.0,nan,서울,0
6654,40.0,,남,부산,0
6655,50.0,,nan,서울,0
6656,40.0,6000.0,남,대구,0
6657,20.0,3000.0,nan,서울,0
6658,40.0,3000.0,nan,부산,0
6659,30.0,3000.0,여,대구,0
6660,20.0,4000.0,여,부산,0
6661,,4000.0,nan,부산,1
6662,50.0,,여,서울,0
6663,50.0,6000.0,nan,부산,1
6664,40.0,5000.0,남,부산,0
6665,20.0,6000.0,nan,대구,0
6666,,4000.0,nan,서울,0
6667,20.0,4000.0,여,서울,0
6668,50.0,,여,대구,1
6669,20.0,5000.0,남,대구,0
6670,,3000.0,남,서울,1
6671,40.0,5000.0,남,대구,0
6672,30.0,5000.0,nan,서울,0
6673,20.0,5000.0,남,대구,0
6674,30.0,,남,서울,0
6675,50.0,4000.0,여,서울,0
6676,40.0,3000.0,여,대구,0
6677,40.0,5000.0,남,부산,1
6678,20.0,3000.0,남,부산,0
6679,40.0,5000.0,nan,대구,0
6680,20.0,4000.0,nan,서울,1
6681,20.0,3000.0,여,대구,0
6682,30.0,6000.0,남,부산,0
6683,40.0,4000.0,남,서울,0
6684,20.0,3000.0,남,서울,1
6685,30.0,5000.0,남,서울,0
6686,,5000.0,남,부산,0
6687,30.0,4000.0,nan,부산,1
6688,30.0,4000.0,nan,서울,1
6689,20.0,5000.0,남,서울,0
6690,50.0,3000.0,nan,부산,1
6691,50.0,6000.0,nan,부산,1
6692,50.0,,남,서울,0
6693,30.0,4000.0,nan,대구,0
6694,20.0,5000.0,남,대구,1
6695,40.0,3000.0,nan,대구,0
6696,30.0,4000.0,남,부산,0
6697,30.0,3000.0,남,대구,1
6698,20.0,4000.0,nan,대구,1
6699,,5000.0,nan,부산,0
6700,30.0,3000.0,여,대구,0
6701,,5000.0,남,서울,0
6702,,3000.0,남,부산,0
6703,50.0,4000.0,남,서울,1
6704,20.0,,남,대구,0
6705,,,nan,서울,0
6706,20.0,6000.0,nan,부산,1
6707,50.0,6000.0,여,대구,0
6708,20.0,5000.0,남,부산,0
6709,30.0,3000.0,여,대구,0
6710,,6000.0,여,부산,0
6711,20.0,4000.0,여,부산,0
6712,40.0,,여,서울,0
6713,20.0,3000.0,여,부산,0
6714,,,nan,부산,1
6715,50.0,3000.0,nan,서울,0
6716,50.0,6000.0,여,대구,0
6717,,6000.0,nan,대구,0
6718,30.0,5000.0,nan,부산,0
6719,30.0,3000.0,여,서울,0
6720,50.0,4000.0,nan,대구,1
6721,50.0,6000.0,nan,서울,0
6722,,5000.0,남,부산,0
6723,30.0,6000.0,여,서울,0
6724,50.0,,남,부산,0
6725,30.0,6000.0,남,대구,1
6726,50.0,3000.0,여,대구,1
6727,20.0,5000.0,남,대구,0
6728,40.0,3000.0,남,대구,1
6729,20.0,4000.0,nan,서울,0
6730,50.0,4000.0,남,서울,0
6731,40.0,6000.0,여,서울,1
6732,40.0,5000.0,nan,부산,0
6733,50.0,5000.0,nan,대구,0
6734,50.0,5000.0,nan,대구,0
6735,30.0,5000.0,여,대구,0
6736,50.0,6000.0,여,서울,0
6737,,3000.0,여,서울,1
6738,50.0,6000.0,남,대구,0
6739,,3000.0,남,부산,0
6740,50.0,,nan,서울,0
6741,30.0,,nan,대구,0
6742,,3000.0,여,대구,1
6743,20.0,6000.0,여,대구,1
6744,,4000.0,남,부산,1
6745,30.0,6000.0,남,대구,0
6746,,4000.0,여,서울,1
6747,50.0,6000.0,여,부산,0
6748,50.0,5000.0,남,부산,0
6749,30.0,5000.0,nan,대구,1
6750,40.0,,nan,서울,0
6751,50.0,,남,서울,0
6752,20.0,3000.0,남,대구,1
6753,30.0,4000.0,nan,대구,1
6754,,5000.0,남,서울,0
6755,,6000.0,nan,부산,1
6756,20.0,3000.0,nan,부산,1
6757,50.0,6000.0,남,대구,1
6758,30.0,5000.0,여,대구,0
6759,20.0,5000.0,여,서울,1
6760,50.0,5000.0,여,서울,1
6761,30.0,5000.0,여,서울,0
6762,,6000.0,여,서울,0
6763,30.0,3000.0,여,대구,0
6764,40.0,5000.0,여,대구,0
6765,30.0,,남,서울,1
6766,40.0,3000.0,남,대구,0
6767,30.0,,여,대구,0
6768,40.0,6000.0,남,서울,1
6769,,5000.0,nan,부산,0
6770,50.0,3000.0,여,부산,0
6771,40.0,5000.0,nan,서울,0
6772,40.0,5000.0,남,부산,0
6773,,3000.0,여,대구,1
6774,40.0,5000.0,nan,부산,1
6775,20.0,5000.0,남,서울,0
6776,,4000.0,여,서울,1
6777,20.0,4000.0,여,부산,0
6778,,3000.0,nan,부산,0
6779,40.0,3000.0,nan,대구,0
6780,20.0,5000.0,nan,부산,1
6781,40.0,,남,부산,0
6782,,3000.0,nan,부산,0
6783,40.0,5000.0,nan,대구,0
6784,20.0,,nan,부산,0
6785,20.0,4000.0,여,대구,1
6786,40.0,3000.0,nan,대구,0
6787,30.0,5000.0,nan,서울,1
6788,,4000.0,남,서울,0
6789,,6000.0,남,대구,1
6790,40.0,4000.0,nan,대구,1
6791,30.0,5000.0,남,대구,0
6792,20.0,,남,서울,0
6793,50.0,6000.0,남,대구,1
6794,50.0,6000.0,여,서울,1
6795,40.0,6000.0,nan,서울,0
6796,30.0,3000.0,nan,대구,0
6797,30.0,5000.0,nan,대구,1
6798,,6000.0,남,대구,0
6799,20.0,4000.0,남,서울,0
6800,30.0,,남,부산,1
6801,50.0,5000.0,여,대구,1
6802,20.0,4000.0,남,부산,1
6803,20.0,3000.0,여,부산,0
6804,40.0,6000.0,nan,부산,1
6805,30.0,4000.0,남,부산,0
6806,40.0,5000.0,여,부산,0
6807,30.0,4000.0,여,서울,0
6808,,3000.0,남,서울,1
6809,40.0,,여,서울,0
6810,40.0,6000.0,남,부산,1
6811,50.0,5000.0,여,서울,1
6812,40.0,6000.0,nan,대구,0
6813,30.0,6000.0,nan,부산,1
6814,50.0,6000.0,nan,대구,1
6815,40.0,4000.0,남,부산,0
6816,40.0,4000.0,nan,부산,0
6817,,,nan,부산,0
6818,40.0,3000.0,nan,부산,0
6819,20.0,5000.0,남,대구,1
6820,50.0,4000.0,여,부산,0
6821,20.0,6000.0,남,부산,1
6822,50.0,3000.0,남,서울,1
6823,,5000.0,nan,부산,0
6824,40.0,5000.0,여,부산,0
6825,40.0,5000.0,nan,부산,0
6826,40.0,5000.0,nan,부산,0
6827,50.0,,남,부산,0
6828,40.0,5000.0,남,부산,0
6829,20.0,3000.0,남,대구,0
6830,40.0,4000.0,nan,대구,0
6831,,3000.0,여,부산,1
6832,20.0,6000.0,여,대구,0
6833,40.0,,nan,서울,0
6834,40.0,,여,서울,0
6835,30.0,6000.0,nan,부산,0
6836,50.0,3000.0,여,부산,0
6837,20.0,3000.0,nan,대구,0
6838,30.0,6000.0,여,서울,0
6839,,5000.0,남,부산,0
6840,50.0,5000.0,남,서울,0
6841,20.0,4000.0,남,대구,0
6842,40.0,3000.0,남,부산,0
6843,20.0,3000.0,nan,부산,1
6844,40.0,6000.0,여,부산,0
6845,50.0,6000.0,nan,서울,0
6846,40.0,5000.0,남,대구,1
6847,,3000.0,여,서울,1
6848,40.0,3000.0,nan,서울,1
6849,,,남,부산,0
6850,50.0,4000.0,여,대구,0
6851,50.0,4000.0,여,대구,0
6852,20.0,5000.0,남,부산,1
6853,,3000.0,남,대구,1
6854,,,여,부산,0
6855,30.0,3000.0,남,부산,0
6856,30.0,6000.0,nan,대구,0
6857,30.0,5000.0,남,대구,0
6858,40.0,4000.0,남,대구,1
6859,30.0,3000.0,남,대구,0
6860,,5000.0,여,서울,0
6861,40.0,4000.0,여,부산,1
6862,50.0,3000.0,남,부산,0
6863,20.0,,여,부산,0
6864,30.0,5000.0,남,부산,0
6865,50.0,3000.0,nan,서울,0
6866,,4000.0,여,대구,0
6867,20.0,4000.0,남,대구,0
6868,50.0,,여,대구,0
6869,20.0,5000.0,nan,부산,0
6870,30.0,5000.0,nan,서울,0
6871,,3000.0,남,서울,1
6872,20.0,4000.0,여,대구,0
6873,50.0,4000.0,nan,부산,0
6874,30.0,,여,대구,0
6875,30.0,,남,부산,0
6876,50.0,5000.0,nan,대구,0
6877,50.0,4000.0,nan,대구,1
6878,20.0,3000.0,여,서울,0
6879,40.0,6000.0,nan,부산,0
6880,30.0,3000.0,남,서울,0
6881,20.0,,남,서울,1
6882,50.0,3000.0,nan,대구,1
6883,20.0,4000.0,남,부산,0
6884,50.0,5000.0,nan,부산,0
6885,,6000.0,nan,대구,0
6886,50.0,5000.0,nan,대구,1
6887,50.0,6000.0,nan,대구,0
6888,50.0,6000.0,여,부산,0
6889,40.0,4000.0,nan,대구,0
6890,50.0,4000.0,남,대구,0
6891,30.0,,여,서울,0
6892,30.0,,남,대구,0
6893,20.0,6000.0,nan,대구,1
6894,40.0,,남,부산,0
6895,20.0,4000.0,여,대구,0
6896,30.0,,남,부산,0
6897,30.0,6000.0,여,서울,0
6898,,5000.0,nan,서울,0
6899,50.0,3000.0,nan,부산,1
6900,30.0,,남,대구,0
6901,20.0,4000.0,남,부산,1
6902,20.0,5000.0,nan,대구,0
6903,50.0,4000.0,nan,대구,0
6904,50.0,,남,대구,0
6905,,6000.0,nan,부산,1
6906,40.0,3000.0,여,서울,0
6907,20.0,3000.0,여,부산,0
6908,50.0,5000.0,남,대구,0
6909,20.0,3000.0,남,부산,0
6910,50.0,6000.0,nan,서울,0
6911,30.0,4000.0,nan,부산,0
6912,20.0,6000.0,여,서울,1
6913,30.0,5000.0,남,서울,0
6914,20.0,5000.0,남,대구,0
6915,40.0,3000.0,남,서울,1
6916,,6000.0,남,부산,0
6917,30.0,4000.0,여,부산,0
6918,50.0,6000.0,여,대구,1
6919,40.0,4000.0,남,부산,0
6920,20.0,4000.0,여,대구,0
6921,30.0,6000.0,남,부산,0
6922,20.0,,여,부산,0
6923,20.0,6000.0,nan,서울,0
6924,20.0,4000.0,여,서울,0
6925,,5000.0,남,서울,0
6926,,5000.0,nan,부산,0
6927,50.0,3000.0,남,대구,1
6928,30.0,5000.0,nan,대구,0
6929,40.0,,nan,대구,1
6930,40.0,4000.0,여,서울,0
6931,40.0,6000.0,여,부산,0
6932,20.0,6000.0,nan,서울,0
6933,,,nan,부산,0
6934,30.0,5000.0,nan,부산,0
6935,20.0,4000.0,남,부산,1
6936,,5000.0,여,서울,0
6937,,3000.0,남,부산,0
6938,30.0,5000.0,여,서울,0
6939,30.0,3000.0,남,서울,0
6940,30.0,6000.0,여,부산,0
6941,20.0,4000.0,nan,부산,1
6942,50.0,3000.0,nan,부산,0
6943,30.0,5000.0,여,서울,0
6944,50.0,5000.0,nan,부산,0
6945,20.0,6000.0,nan,부산,1
6946,50.0,,남,대구,0
6947,40.0,,여,대구,0
6948,50.0,5000.0,nan,대구,0
6949,30.0,,여,부산,0
6950,20.0,4000.0,남,서울,1
6951,30.0,,여,대구,0
6952,40.0,4000.0,남,서울,1
6953,30.0,5000.0,남,대구,0
6954,30.0,5000.0,남,대구,0
6955,30.0,5000.0,nan,서울,0
6956,,6000.0,남,대구,1
6957,40.0,,여,서울,0
6958,30.0,3000.0,여,부산,0
6959,30.0,3000.0,nan,부산,1
6960,30.0,5000.0,nan,서울,0
6961,20.0,,남,서울,0
6962,,4000.0,남,부산,1
6963,20.0,3000.0,남,서울,0
6964,,5000.0,nan,부산,1
6965,30.0,3000.0,nan,부산,0
6966,40.0,3000.0,여,서울,0
6967,50.0,3000.0,남,대구,0
6968,50.0,5000.0,남,서울,0
6969,30.0,5000.0,여,부산,0
6970,20.0,6000.0,여,대구,0
6971,40.0,6000.0,여,대구,1
6972,,6000.0,여,부산,1
6973,30.0,3000.0,남,대구,0
6974,40.0,,nan,대구,0
6975,40.0,5000.0,남,서울,0
6976,,6000.0,여,부산,0
6977,40.0,,nan,대구,1
6978,20.0,6000.0,남,부산,0
6979,20.0,6000.0,여,서울,0
6980,20.0,,nan,서울,0
6981,40.0,6000.0,nan,서울,0
6982,20.0,3000.0,nan,대구,0
6983,,3000.0,남,서울,0
6984,40.0,3000.0,여,부산,0
6985,50.0,4000.0,남,서울,0
6986,40.0,6000.0,남,대구,0
6987,,4000.0,남,서울,1
6988,50.0,5000.0,nan,대구,0
6989,40.0,,여,부산,0
6990,20.0,5000.0,남,서울,0
6991,30.0,4000.0,여,서울,0
6992,30.0,3000.0,nan,부산,1
6993,20.0,6000.0,남,부산,1
6994,30.0,6000.0,여,대구,1
6995,30.0,3000.0,nan,서울,1
6996,20.0,6000.0,남,서울,1
6997,20.0,,남,서울,0
6998,40.0,,여,서울,0
6999,40.0,,여,부산,0
7000,20.0,5000.0,남,서울,1
7001,,3000.0,남,서울,0
7002,30.0,,nan,서울,0
7003,40.0,4000.0,nan,대구,1
7004,30.0,,남,대구,0
7005,50.0,5000.0,여,대구,0
7006,20.0,4000.0,여,부산,1
7007,,3000.0,남,부산,1
7008,50.0,3000.0,nan,부산,1
7009,50.0,,남,서울,1
7010,50.0,4000.0,여,서울,0
7011,20.0,4000.0,남,부산,0
7012,40.0,,남,대구,0
7013,20.0,,nan,서울,1
7014,40.0,6000.0,여,대구,0
7015,50.0,6000.0,여,서울,0
7016,50.0,,남,서울,0
7017,,5000.0,여,대구,0
7018,40.0,6000.0,여,부산,0
7019,50.0,,여,대구,1
7020,30.0,4000.0,여,부산,0
7021,,6000.0,nan,부산,0
7022,20.0,5000.0,nan,서울,0
7023,,3000.0,nan,서울,0
7024,30.0,4000.0,nan,서울,0
7025,40.0,5000.0,nan,부산,0
7026,20.0,5000.0,여,부산,1
7027,20.0,5000.0,남,대구,1
7028,40.0,4000.0,남,서울,1
7029,,5000.0,nan,서울,0
7030,50.0,3000.0,여,부산,1
7031,,6000.0,nan,서울,1
7032,30.0,4000.0,남,부산,1
7033,50.0,5000.0,여,대구,0
7034,,,여,대구,0
7035,40.0,6000.0,여,서울,0
7036,30.0,4000.0,남,대구,1
7037,30.0,,남,서울,0
7038,30.0,,nan,서울,0
7039,50.0,5000.0,nan,부산,0
7040,20.0,4000.0,남,부산,1
7041,50.0,5000.0,nan,서울,1
7042,,3000.0,남,대구,1
7043,20.0,,여,대구,1
7044,,3000.0,nan,서울,0
7045,20.0,5000.0,남,서울,0
7046,50.0,6000.0,남,대구,1
7047,30.0,,남,대구,1
7048,40.0,6000.0,nan,부산,0
7049,30.0,4000.0,nan,부산,0
7050,50.0,,여,대구,0
7051,20.0,3000.0,nan,부산,0
7052,30.0,6000.0,nan,부산,0
7053,50.0,4000.0,nan,서울,0
7054,,,여,부산,1
7055,40.0,4000.0,여,부산,0
7056,30.0,3000.0,여,서울,0
7057,20.0,,nan,대구,0
7058,,4000.0,남,부산,1
7059,50.0,5000.0,nan,부산,0
7060,40.0,,여,대구,0
7061,20.0,,nan,부산,0
7062,50.0,,nan,대구,0
7063,50.0,,남,서울,0
7064,30.0,5000.0,남,대구,0
7065,30.0,3000.0,nan,대구,0
7066,20.0,5000.0,여,대구,0
7067,50.0,5000.0,nan,서울,0
7068,30.0,4000.0,nan,대구,1
7069,40.0,6000.0,nan,대구,1
7070,40.0,6000.0,여,서울,0
7071,50.0,4000.0,여,부산,0
7072,30.0,5000.0,여,부산,0
7073,20.0,4000.0,여,대구,0
7074,20.0,,여,서울,1
7075,20.0,4000.0,nan,서울,0
7076,40.0,4000.0,여,대구,1
7077,30.0,,nan,대구,1
7078,30.0,6000.0,nan,부산,0
7079,40.0,,nan,부산,0
7080,20.0,3000.0,남,대구,0
7081,20.0,4000.0,여,서울,0
7082,50.0,4000.0,여,대구,1
7083,,6000.0,nan,서울,0
7084,30.0,5000.0,남,부산,0
7085,30.0,,여,대구,1
7086,30.0,5000.0,nan,서울,1
7087,,3000.0,남,부산,0
7088,50.0,,nan,대구,1
7089,,3000.0,남,대구,0
7090,20.0,3000.0,nan,부산,1
7091,20.0,3000.0,여,대구,0
7092,30.0,,nan,부산,1
7093,40.0,,nan,서울,0
7094,30.0,6000.0,남,대구,0
7095,40.0,4000.0,남,부산,0
7096,,5000.0,여,부산,0
7097,20.0,5000.0,nan,서울,0
7098,40.0,3000.0,남,대구,1
7099,,,여,부산,1
7100,20.0,,여,부산,1
7101,40.0,3000.0,남,부산,1
7102,30.0,4000.0,남,대구,1
7103,30.0,5000.0,nan,대구,1
7104,30.0,6000.0,여,서울,0
7105,,4000.0,남,서울,1
7106,30.0,,여,서울,0
7107,50.0,3000.0,nan,대구,1
7108,20.0,5000.0,남,부산,0
7109,,3000.0,여,대구,0
7110,30.0,,남,대구,0
7111,20.0,3000.0,nan,대구,0
7112,40.0,5000.0,nan,서울,0
7113,30.0,3000.0,nan,부산,1
7114,20.0,5000.0,nan,대구,0
7115,50.0,3000.0,남,서울,0
7116,40.0,3000.0,남,대구,0
7117,50.0,5000.0,여,부산,0
7118,20.0,3000.0,여,서울,0
7119,50.0,4000.0,남,대구,0
7120,20.0,6000.0,남,서울,0
7121,20.0,4000.0,여,부산,0
7122,50.0,6000.0,남,부산,0
7123,20.0,4000.0,nan,서울,1
7124,30.0,6000.0,nan,대구,0
7125,20.0,3000.0,nan,부산,0
7126,,5000.0,여,부산,0
7127,20.0,5000.0,남,대구,0
7128,,,여,서울,0
7129,20.0,6000.0,여,서울,0
7130,20.0,,남,대구,1
7131,50.0,,여,부산,0
7132,30.0,6000.0,nan,부산,0
7133,30.0,5000.0,남,대구,0
7134,40.0,6000.0,nan,대구,0
7135,50.0,3000.0,nan,서울,0
7136,50.0,,남,서울,0
7137,30.0,,nan,대구,1
7138,50.0,6000.0,nan,부산,0
7139,30.0,,nan,서울,0
7140,50.0,5000.0,남,대구,1
7141,20.0,,남,부산,0
7142,30.0,6000.0,남,서울,0
7143,30.0,5000.0,여,대구,0
7144,,5000.0,nan,대구,0
7145,50.0,,여,부산,1
7146,50.0,6000.0,여,부산,0
7147,30.0,,nan,대구,0
7148,20.0,3000.0,남,부산,1
7149,20.0,3000.0,여,대구,0
7150,20.0,5000.0,남,부산,0
7151,50.0,,남,부산,0
7152,,3000.0,nan,서울,1
7153,30.0,4000.0,여,서울,1
7154,40.0,3000.0,여,부산,0
7155,,,남,대구,1
7156,40.0,,nan,부산,1
7157,,3000.0,여,서울,1
7158,20.0,,남,대구,0
7159,50.0,,남,부산,1
7160,40.0,4000.0,남,부산,0
7161,,5000.0,nan,부산,1
7162,50.0,,nan,부산,0
7163,40.0,6000.0,남,서울,0
7164,30.0,5000.0,남,서울,1
7165,,5000.0,nan,서울,1
7166,30.0,6000.0,남,서울,0
7167,20.0,3000.0,남,대구,0
7168,30.0,4000.0,nan,대구,0
7169,30.0,,남,대구,0
7170,,3000.0,남,부산,0
7171,20.0,6000.0,남,대구,0
7172,30.0,4000.0,nan,서울,0
7173,50.0,4000.0,nan,서울,0
7174,40.0,4000.0,nan,부산,0
7175,30.0,6000.0,여,대구,1
7176,20.0,3000.0,여,부산,0
7177,30.0,,여,부산,0
7178,40.0,4000.0,여,대구,1
7179,20.0,4000.0,nan,부산,0
7180,,3000.0,남,대구,0
7181,20.0,4000.0,nan,대구,0
7182,,4000.0,여,부산,0
7183,20.0,6000.0,nan,서울,0
7184,40.0,5000.0,남,대구,0
7185,40.0,3000.0,여,서울,1
7186,20.0,3000.0,남,서울,0
7187,30.0,3000.0,남,대구,1
7188,40.0,6000.0,남,서울,0
7189,,6000.0,여,부산,0
7190,,,nan,부산,0
7191,50.0,6000.0,여,서울,0
7192,,3000.0,여,부산,1
7193,50.0,,nan,대구,0
7194,20.0,5000.0,nan,대구,0
7195,20.0,4000.0,nan,서울,0
7196,20.0,4000.0,nan,부산,0
7197,30.0,,남,서울,1
7198,30.0,5000.0,여,부산,1
7199,50.0,4000.0,여,대구,1
7200,,,여,부산,0
7201,,6000.0,nan,부산,0
7202,20.0,3000.0,여,서울,0
7203,40.0,5000.0,남,대구,0
7204,30.0,4000.0,여,부산,0
7205,30.0,3000.0,여,대구,1
7206,20.0,,남,부산,1
7207,30.0,4000.0,남,대구,1
7208,20.0,3000.0,여,부산,0
7209,50.0,6000.0,nan,대구,0
7210,,5000.0,nan,부산,1
7211,40.0,,여,대구,1
7212,,4000.0,여,부산,1
7213,,6000.0,여,부산,0
7214,50.0,5000.0,여,대구,1
7215,30.0,5000.0,nan,서울,0
7216,40.0,6000.0,여,부산,0
7217,30.0,4000.0,남,부산,1
7218,,5000.0,nan,서울,0
7219,20.0,,nan,부산,0
7220,,3000.0,남,대구,0
7221,30.0,,여,서울,0
7222,,5000.0,여,부산,0
7223,20.0,3000.0,여,대구,0
7224,50.0,6000.0,여,대구,0
7225,30.0,3000.0,여,서울,0
7226,,3000.0,남,서울,1
7227,30.0,3000.0,여,서울,0
7228,50.0,5000.0,남,대구,1
7229,,4000.0,남,부산,0
7230,,5000.0,남,대구,0
7231,30.0,4000.0,여,대구,0
7232,30.0,6000.0,여,서울,0
7233,20.0,6000.0,nan,부산,1
7234,50.0,6000.0,nan,대구,0
7235,20.0,6000.0,남,서울,1
7236,,6000.0,nan,서울,0
7237,30.0,,남,부산,1
7238,,5000.0,nan,부산,0
7239,,4000.0,여,서울,0
7240,40.0,6000.0,여,부산,0
7241,40.0,,남,부산,0
7242,,,남,대구,0
7243,30.0,,여,부산,0
7244,,5000.0,여,서울,0
7245,40.0,6000.0,여,부산,1
7246,30.0,,nan,대구,1
7247,,,nan,부산,0
7248,50.0,6000.0,nan,대구,0
7249,50.0,5000.0,nan,부산,0
7250,,,남,부산,1
7251,30.0,4000.0,남,서울,0
7252,,3000.0,nan,서울,0
7253,,3000.0,남,부산,0
7254,40.0,3000.0,nan,부산,0
7255,50.0,5000.0,nan,대구,0
7256,40.0,,여,대구,0
7257,40.0,3000.0,nan,서울,0
7258,,3000.0,남,부산,0
7259,40.0,6000.0,nan,부산,0
7260,50.0,,여,대구,0
7261,40.0,,남,부산,0
7262,50.0,6000.0,여,부산,0
7263,40.0,,nan,부산,0
7264,50.0,4000.0,nan,대구,0
7265,40.0,5000.0,nan,대구,0
7266,40.0,6000.0,nan,대구,0
7267,30.0,3000.0,남,부산,1
7268,50.0,,nan,대구,0
7269,50.0,4000.0,여,서울,0
7270,50.0,4000.0,남,서울,0
7271,20.0,5000.0,남,대구,0
7272,40.0,4000.0,남,대구,1
7273,50.0,,여,부산,1
7274,20.0,,여,대구,0
7275,30.0,4000.0,여,대구,0
7276,50.0,,여,서울,1
7277,50.0,,nan,서울,1
7278,20.0,3000.0,nan,서울,0
7279,40.0,6000.0,여,서울,0
7280,30.0,,여,대구,1
7281,50.0,,nan,서울,1
7282,40.0,5000.0,nan,부산,0
7283,30.0,6000.0,여,부산,0
7284,,6000.0,남,대구,0
7285,,6000.0,남,부산,0
7286,30.0,4000.0,여,서울,0
7287,20.0,3000.0,남,서울,0
7288,30.0,3000.0,nan,부산,1
7289,30.0,5000.0,남,대구,0
7290,20.0,6000.0,여,서울,0
7291,20.0,6000.0,남,서울,1
7292,40.0,,남,부산,0
7293,40.0,4000.0,남,대구,1
7294,20.0,4000.0,nan,대구,1
7295,,5000.0,nan,부산,0
7296,,3000.0,nan,서울,0
7297,30.0,6000.0,여,부산,1
7298,50.0,5000.0,남,부산,0
7299,30.0,4000.0,nan,부산,0
7300,30.0,4000.0,nan,서울,1
7301,50.0,4000.0,남,서울,0
7302,20.0,6000.0,여,부산,0
7303,,6000.0,남,대구,0
7304,30.0,6000.0,여,부산,0
7305,50.0,,남,서울,0
7306,40.0,3000.0,nan,대구,0
7307,30.0,4000.0,nan,대구,0
7308,,4000.0,nan,서울,0
7309,20.0,,여,서울,1
7310,30.0,4000.0,남,부산,0
7311,30.0,4000.0,여,서울,0
7312,50.0,6000.0,nan,대구,0
7313,40.0,6000.0,여,부산,1
7314,40.0,3000.0,여,부산,0
7315,20.0,4000.0,여,대구,0
7316,,5000.0,남,서울,1
7317,20.0,4000.0,여,부산,1
7318,30.0,4000.0,여,대구,0
7319,30.0,3000.0,여,대구,1
7320,40.0,5000.0,nan,대구,1
7321,,4000.0,nan,서울,1
7322,50.0,5000.0,남,서울,0
7323,,6000.0,nan,서울,0
7324,30.0,6000.0,남,서울,0
7325,50.0,5000.0,nan,대구,0
7326,,4000.0,남,부산,0
7327,,5000.0,남,대구,0
7328,50.0,5000.0,남,부산,0
7329,30.0,6000.0,nan,부산,0
7330,,5000.0,여,부산,0
7331,50.0,,nan,서울,0
7332,30.0,,여,대구,0
7333,50.0,6000.0,nan,부산,0
7334,50.0,4000.0,여,대구,1
7335,,4000.0,nan,서울,1
7336,30.0,6000.0,남,부산,0
7337,,4000.0,남,서울,0
7338,20.0,3000.0,남,서울,0
7339,20.0,,여,대구,0
7340,30.0,3000.0,여,부산,0
7341,50.0,3000.0,남,서울,0
7342,,3000.0,여,대구,0
7343,,6000.0,남,부산,0
7344,30.0,3000.0,nan,부산,0
7345,30.0,5000.0,여,서울,1
7346,20.0,4000.0,여,서울,1
7347,40.0,6000.0,nan,서울,0
7348,30.0,5000.0,여,서울,1
7349,40.0,5000.0,여,부산,1
7350,30.0,,여,서울,1
7351,50.0,,nan,서울,1
7352,50.0,5000.0,남,서울,1
7353,20.0,,남,부산,0
7354,20.0,4000.0,nan,대구,0
7355,40.0,4000.0,nan,대구,1
7356,30.0,,nan,부산,0
7357,,3000.0,남,대구,1
7358,20.0,5000.0,nan,부산,1
7359,,4000.0,남,서울,0
7360,,,nan,대구,0
7361,30.0,,여,부산,0
7362,40.0,4000.0,남,부산,0
7363,30.0,4000.0,남,서울,0
7364,20.0,3000.0,nan,부산,0
7365,,,여,대구,0
7366,30.0,,남,서울,0
7367,30.0,6000.0,nan,부산,0
7368,30.0,3000.0,여,서울,1
7369,20.0,4000.0,남,부산,1
7370,40.0,4000.0,nan,대구,0
7371,30.0,5000.0,여,대구,0
7372,20.0,4000.0,남,서울,1
7373,,,남,부산,0
7374,50.0,4000.0,여,서울,0
7375,20.0,,nan,서울,0
7376,50.0,,nan,대구,0
7377,30.0,3000.0,여,서울,0
7378,30.0,4000.0,남,부산,0
7379,20.0,3000.0,여,대구,0
7380,50.0,,여,부산,0
7381,30.0,4000.0,여,서울,0
7382,,4000.0,남,대구,0
7383,40.0,3000.0,여,부산,0
7384,40.0,3000.0,여,부산,0
7385,30.0,,남,서울,1
7386,50.0,,남,부산,0
7387,30.0,4000.0,여,서울,0
7388,50.0,4000.0,nan,서울,0
7389,,6000.0,여,서울,1
7390,50.0,6000.0,남,서울,1
7391,30.0,5000.0,남,대구,0
7392,,,남,부산,0
7393,20.0,5000.0,nan,부산,0
7394,40.0,5000.0,남,대구,0
7395,30.0,3000.0,nan,서울,1
7396,30.0,3000.0,남,서울,0
7397,30.0,6000.0,남,서울,0
7398,,5000.0,여,서울,0
7399,20.0,6000.0,nan,대구,0
7400,50.0,,여,부산,0
7401,20.0,4000.0,nan,서울,0
7402,,3000.0,남,서울,0
7403,30.0,,남,서울,0
7404,40.0,,nan,부산,0
7405,30.0,3000.0,여,부산,0
7406,50.0,3000.0,nan,대구,0
7407,40.0,5000.0,nan,부산,0
7408,30.0,6000.0,nan,부산,1
7409,40.0,,남,서울,0
7410,20.0,5000.0,nan,부산,0
7411,,5000.0,남,서울,1
7412,30.0,,여,대구,1
7413,50.0,,남,서울,1
7414,20.0,4000.0,여,대구,0
7415,30.0,6000.0,여,부산,0
7416,20.0,,여,대구,0
7417,50.0,3000.0,남,서울,0
7418,30.0,4000.0,nan,부산,0
7419,50.0,6000.0,남,부산,1
7420,40.0,3000.0,여,서울,0
7421,50.0,3000.0,nan,부산,0
7422,40.0,6000.0,남,서울,0
7423,30.0,4000.0,여,대구,0
7424,40.0,3000.0,여,대구,1
7425,30.0,5000.0,nan,부산,0
7426,30.0,6000.0,남,서울,0
7427,,6000.0,nan,서울,0
7428,30.0,,nan,대구,1
7429,40.0,4000.0,nan,서울,1
7430,,5000.0,nan,부산,0
7431,,5000.0,남,부산,0
7432,30.0,,nan,대구,0
7433,50.0,3000.0,여,서울,1
7434,50.0,3000.0,여,부산,0
7435,,5000.0,여,부산,0
7436,30.0,4000.0,nan,부산,0
7437,50.0,3000.0,여,서울,1
7438,30.0,6000.0,남,대구,1
7439,30.0,,nan,대구,0
7440,,4000.0,nan,부산,0
7441,,3000.0,nan,대구,0
7442,20.0,5000.0,남,부산,0
7443,50.0,,nan,부산,0
7444,50.0,3000.0,nan,서울,1
7445,50.0,5000.0,여,부산,1
7446,40.0,3000.0,여,부산,1
7447,30.0,,nan,서울,0
7448,,6000.0,남,서울,0
7449,50.0,6000.0,여,대구,1
7450,20.0,5000.0,nan,서울,0
7451,50.0,6000.0,여,부산,0
7452,30.0,,여,서울,0
7453,30.0,5000.0,남,서울,1
7454,,3000.0,nan,대구,1
7455,40.0,4000.0,여,서울,0
7456,,3000.0,nan,부산,0
7457,50.0,,남,부산,1
7458,20.0,5000.0,남,부산,1
7459,,3000.0,여,서울,0
7460,40.0,5000.0,남,서울,0
7461,,6000.0,여,부산,0
7462,30.0,4000.0,nan,서울,0
7463,50.0,,여,대구,1
7464,50.0,3000.0,여,대구,0
7465,50.0,4000.0,남,대구,0
7466,50.0,,nan,대구,0
7467,50.0,,nan,부산,0
7468,50.0,6000.0,여,서울,0
7469,20.0,5000.0,nan,대구,1
7470,40.0,5000.0,nan,부산,0
7471,50.0,4000.0,여,대구,0
7472,40.0,6000.0,여,서울,0
7473,50.0,,nan,대구,1
7474,,6000.0,여,대구,1
7475,50.0,6000.0,남,대구,0
7476,30.0,4000.0,nan,대구,0
7477,20.0,5000.0,여,서울,0
7478,,6000.0,nan,부산,0
7479,,6000.0,nan,대구,0
7480,30.0,6000.0,남,부산,1
7481,50.0,3000.0,남,서울,0
7482,20.0,6000.0,nan,서울,1
7483,,6000.0,남,대구,0
7484,20.0,,여,부산,0
7485,,3000.0,nan,대구,0
7486,50.0,6000.0,남,서울,0
7487,,6000.0,nan,대구,0
7488,,4000.0,nan,대구,1
7489,40.0,4000.0,여,부산,0
7490,50.0,3000.0,여,서울,0
7491,30.0,,여,대구,1
7492,30.0,3000.0,남,대구,1
7493,50.0,3000.0,남,대구,0
7494,30.0,4000.0,남,부산,1
7495,50.0,4000.0,여,서울,0
7496,30.0,,nan,대구,0
7497,40.0,6000.0,여,대구,0
7498,30.0,,남,대구,1
7499,,6000.0,남,서울,0
7500,50.0,5000.0,남,부산,0
7501,20.0,4000.0,여,부산,0
7502,20.0,5000.0,남,대구,0
7503,50.0,5000.0,여,대구,0
7504,40.0,4000.0,nan,부산,0
7505,30.0,5000.0,여,부산,0
7506,40.0,3000.0,남,부산,0
7507,20.0,6000.0,nan,대구,0
7508,50.0,,남,대구,0
7509,50.0,4000.0,nan,부산,0
7510,40.0,3000.0,남,부산,0
7511,40.0,,여,서울,1
7512,30.0,,남,대구,0
7513,,,여,서울,0
7514,,5000.0,여,부산,1
7515,30.0,5000.0,nan,대구,0
7516,,5000.0,여,대구,0
7517,20.0,5000.0,여,서울,1
7518,,3000.0,여,서울,0
7519,30.0,5000.0,nan,서울,0
7520,,4000.0,남,서울,1
7521,50.0,,남,대구,0
7522,40.0,3000.0,여,부산,0
7523,20.0,5000.0,여,부산,0
7524,50.0,,남,부산,0
7525,50.0,3000.0,여,서울,0
7526,30.0,,남,부산,0
7527,40.0,3000.0,nan,서울,1
7528,40.0,6000.0,여,서울,1
7529,20.0,3000.0,여,부산,0
7530,30.0,5000.0,남,부산,1
7531,20.0,,남,부산,0
7532,,,nan,대구,0
7533,50.0,,여,서울,1
7534,20.0,4000.0,남,대구,0
7535,50.0,4000.0,nan,부산,0
7536,30.0,5000.0,남,대구,0
7537,,6000.0,남,대구,0
7538,30.0,4000.0,nan,부산,0
7539,,3000.0,nan,부산,0
7540,,5000.0,nan,서울,1
7541,50.0,6000.0,nan,서울,0
7542,30.0,3000.0,nan,대구,0
7543,30.0,,nan,부산,0
7544,20.0,4000.0,여,서울,0
7545,30.0,3000.0,nan,서울,1
7546,20.0,6000.0,여,대구,1
7547,40.0,5000.0,남,대구,1
7548,40.0,3000.0,남,대구,0
7549,40.0,5000.0,nan,부산,1
7550,30.0,,남,서울,0
7551,30.0,6000.0,nan,서울,0
7552,20.0,6000.0,nan,서울,0
7553,,4000.0,여,대구,1
7554,20.0,6000.0,남,부산,0
7555,40.0,3000.0,nan,대구,0
7556,20.0,3000.0,남,대구,0
7557,,3000.0,여,부산,0
7558,30.0,,남,부산,1
7559,20.0,6000.0,여,대구,0
7560,40.0,6000.0,여,부산,0
7561,40.0,3000.0,여,대구,0
7562,30.0,4000.0,nan,서울,1
7563,20.0,4000.0,nan,부산,0
7564,,6000.0,남,서울,0
7565,30.0,6000.0,nan,부산,0
7566,20.0,5000.0,nan,대구,0
7567,50.0,6000.0,남,대구,1
7568,40.0,3000.0,여,대구,1
7569,,,여,대구,0
7570,,6000.0,남,대구,0
7571,,6000.0,nan,대구,0
7572,40.0,3000.0,남,부산,0
7573,20.0,5000.0,남,부산,0
7574,30.0,6000.0,nan,서울,0
7575,20.0,4000.0,남,부산,1
7576,30.0,4000.0,nan,부산,1
7577,,4000.0,nan,서울,1
7578,20.0,,남,서울,0
7579,,,여,대구,1
7580,50.0,6000.0,nan,서울,0
7581,,6000.0,여,서울,0
7582,,6000.0,nan,부산,1
7583,30.0,,여,대구,1
7584,50.0,6000.0,남,서울,1
7585,,3000.0,nan,대구,1
7586,,5000.0,남,대구,1
7587,50.0,4000.0,남,서울,0
7588,50.0,4000.0,남,서울,1
7589,20.0,3000.0,nan,서울,0
7590,30.0,6000.0,남,서울,0
7591,50.0,,남,대구,1
7592,50.0,6000.0,nan,부산,1
7593,40.0,6000.0,남,대구,0
7594,50.0,4000.0,nan,대구,1
7595,30.0,4000.0,남,대구,0
7596,,,여,서울,1
7597,,4000.0,남,서울,0
7598,,6000.0,여,부산,0
7599,,3000.0,nan,부산,1
7600,40.0,,여,부산,1
7601,50.0,3000.0,nan,대구,1
7602,,6000.0,남,부산,1
7603,20.0,,여,대구,0
7604,,3000.0,남,서울,0
7605,50.0,,여,대구,1
7606,,6000.0,nan,서울,1
7607,40.0,,nan,서울,0
7608,30.0,6000.0,nan,부산,0
7609,30.0,,nan,서울,0
7610,50.0,,남,부산,0
7611,30.0,4000.0,남,부산,1
7612,30.0,6000.0,남,부산,0
7613,20.0,5000.0,남,대구,0
7614,50.0,,남,부산,1
7615,50.0,3000.0,nan,부산,0
7616,30.0,4000.0,남,서울,1
7617,30.0,4000.0,남,대구,0
7618,30.0,,남,부산,0
7619,40.0,5000.0,nan,부산,0
7620,,4000.0,nan,부산,0
7621,40.0,6000.0,nan,서울,0
7622,50.0,,nan,서울,1
7623,20.0,,남,서울,0
7624,,5000.0,남,부산,0
7625,20.0,6000.0,여,부산,1
7626,50.0,6000.0,남,부산,0
7627,50.0,5000.0,nan,부산,1
7628,20.0,3000.0,nan,부산,0
7629,20.0,6000.0,남,서울,0
7630,20.0,3000.0,여,부산,0
7631,50.0,3000.0,nan,대구,0
7632,30.0,,여,부산,0
7633,20.0,,nan,서울,0
7634,,4000.0,nan,부산,0
7635,50.0,,남,대구,1
7636,40.0,6000.0,nan,부산,1
7637,40.0,6000.0,여,대구,0
7638,,3000.0,여,대구,0
7639,30.0,6000.0,남,서울,0
7640,20.0,,nan,대구,0
7641,50.0,,여,부산,1
7642,20.0,,남,대구,0
7643,50.0,5000.0,여,부산,0
7644,40.0,6000.0,남,부산,0
7645,20.0,4000.0,여,부산,0
7646,,6000.0,nan,부산,1
7647,30.0,6000.0,여,서울,0
7648,,5000.0,여,부산,1
7649,30.0,6000.0,남,서울,0
7650,20.0,3000.0,남,대구,0
7651,20.0,,남,부산,0
7652,30.0,,여,대구,1
7653,40.0,5000.0,남,서울,0
7654,50.0,,nan,부산,0
7655,,3000.0,남,부산,0
7656,,5000.0,남,서울,0
7657,,4000.0,nan,대구,1
7658,20.0,,남,서울,0
7659,,6000.0,남,대구,0
7660,50.0,3000.0,여,대구,0
7661,50.0,3000.0,여,대구,0
7662,30.0,,남,부산,1
7663,20.0,4000.0,nan,서울,0
7664,50.0,6000.0,남,부산,0
7665,40.0,4000.0,남,서울,1
7666,20.0,4000.0,남,대구,0
7667,20.0,,여,부산,1
7668,50.0,6000.0,nan,부산,1
7669,40.0,,nan,부산,0
7670,30.0,,nan,대구,0
7671,50.0,3000.0,여,서울,0
7672,40.0,,여,대구,0
7673,20.0,5000.0,남,부산,0
7674,40.0,6000.0,여,부산,1
7675,20.0,3000.0,남,대구,1
7676,50.0,6000.0,여,부산,0
7677,50.0,3000.0,남,부산,1
7678,,5000.0,여,서울,0
7679,,,nan,서울,0
7680,,3000.0,남,서울,0
7681,50.0,3000.0,여,서울,0
7682,30.0,3000.0,여,서울,1
7683,50.0,5000.0,남,서울,0
7684,40.0,6000.0,여,부산,0
7685,50.0,5000.0,nan,부산,0
7686,50.0,3000.0,남,서울,0
7687,20.0,3000.0,남,대구,1
7688,20.0,,남,서울,1
7689,20.0,5000.0,남,부산,0
7690,50.0,5000.0,남,대구,0
7691,30.0,4000.0,nan,대구,0
7692,40.0,6000.0,남,대구,0
7693,40.0,4000.0,nan,부산,0
7694,30.0,4000.0,nan,대구,0
7695,30.0,6000.0,nan,부산,1
7696,40.0,,남,부산,0
7697,,,nan,서울,0
7698,20.0,6000.0,남,부산,0
7699,20.0,6000.0,nan,대구,0
7700,40.0,5000.0,남,부산,0
7701,30.0,5000.0,여,부산,0
7702,,5000.0,여,서울,0
7703,40.0,5000.0,nan,서울,0
7704,20.0,3000.0,여,부산,0
7705,50.0,3000.0,nan,부산,0
7706,30.0,,nan,부산,1
7707,50.0,3000.0,nan,서울,1
7708,40.0,3000.0,여,서울,1
7709,20.0,5000.0,nan,대구,0
7710,,5000.0,여,대구,0
7711,50.0,6000.0,여,대구,0
7712,,5000.0,남,대구,0
7713,20.0,6000.0,여,서울,1
7714,50.0,6000.0,남,서울,0
7715,,3000.0,nan,부산,1
7716,,5000.0,nan,대구,1
7717,50.0,3000.0,남,부산,1
7718,20.0,5000.0,nan,부산,1
7719,,3000.0,남,서울,0
7720,40.0,3000.0,남,부산,0
7721,50.0,3000.0,nan,부산,0
7722,30.0,,남,서울,0
7723,30.0,3000.0,남,서울,0
7724,20.0,4000.0,남,서울,0
7725,40.0,4000.0,nan,서울,1
7726,,4000.0,nan,대구,0
7727,30.0,6000.0,nan,대구,1
7728,20.0,3000.0,nan,대구,0
7729,40.0,4000.0,nan,부산,1
7730,40.0,6000.0,여,대구,0
7731,20.0,4000.0,여,서울,0
7732,20.0,5000.0,남,대구,0
7733,,,여,서울,1
7734,20.0,3000.0,nan,대구,0
7735,,,nan,대구,1
7736,,,nan,서울,0
7737,50.0,5000.0,남,서울,0
7738,40.0,5000.0,남,부산,0
7739,40.0,5000.0,남,부산,1
7740,40.0,6000.0,남,부산,0
7741,50.0,4000.0,남,대구,1
7742,,3000.0,남,대구,0
7743,,5000.0,여,서울,0
7744,20.0,3000.0,nan,서울,0
7745,50.0,3000.0,여,부산,0
7746,20.0,3000.0,남,서울,0
7747,50.0,5000.0,nan,대구,1
7748,20.0,5000.0,nan,서울,1
7749,30.0,4000.0,nan,서울,0
7750,40.0,5000.0,여,서울,0
7751,40.0,5000.0,nan,서울,0
7752,,3000.0,남,서울,1
7753,30.0,4000.0,남,부산,1
7754,40.0,,여,부산,0
7755,,5000.0,여,대구,0
7756,30.0,5000.0,남,부산,1
7757,40.0,,여,서울,0
7758,20.0,3000.0,nan,부산,1
7759,50.0,4000.0,여,대구,0
7760,30.0,3000.0,nan,부산,0
7761,,6000.0,nan,대구,0
7762,30.0,5000.0,nan,대구,0
7763,,6000.0,nan,대구,1
7764,30.0,5000.0,nan,서울,0
7765,,6000.0,남,대구,0
7766,40.0,,남,부산,1
7767,20.0,5000.0,남,부산,0
7768,40.0,5000.0,nan,부산,0
7769,20.0,6000.0,여,대구,0
7770,40.0,4000.0,여,대구,0
7771,40.0,6000.0,nan,서울,0
7772,30.0,5000.0,여,대구,0
7773,50.0,5000.0,nan,부산,0
7774,,4000.0,여,서울,0
7775,,3000.0,nan,부산,0
7776,,4000.0,여,서울,0
7777,20.0,3000.0,여,대구,0
7778,,5000.0,남,서울,0
7779,,,여,대구,0
7780,30.0,,여,대구,0
7781,40.0,6000.0,nan,부산,0
7782,,4000.0,여,대구,1
7783,50.0,4000.0,여,대구,0
7784,,,여,대구,0
7785,20.0,3000.0,여,부산,1
7786,20.0,4000.0,여,대구,1
7787,20.0,3000.0,남,부산,1
7788,,3000.0,여,서울,0
7789,30.0,3000.0,nan,부산,0
7790,50.0,3000.0,nan,부산,0
7791,,6000.0,여,대구,0
7792,30.0,6000.0,여,부산,0
7793,30.0,,여,서울,1
7794,,6000.0,남,부산,0
7795,,4000.0,nan,대구,0
7796,30.0,6000.0,남,서울,0
7797,30.0,4000.0,남,대구,1
7798,30.0,4000.0,여,대구,0
7799,,3000.0,여,부산,1
7800,30.0,,nan,대구,1
7801,20.0,3000.0,여,서울,1
7802,,3000.0,nan,서울,1
7803,20.0,6000.0,남,서울,0
7804,40.0,6000.0,nan,서울,1
7805,,4000.0,nan,부산,0
7806,40.0,6000.0,nan,서울,0
7807,30.0,6000.0,남,부산,0
7808,30.0,5000.0,남,대구,0
7809,50.0,4000.0,여,대구,0
7810,30.0,4000.0,여,부산,0
7811,40.0,5000.0,nan,대구,0
7812,30.0,4000.0,nan,대구,1
7813,,,남,서울,0
7814,30.0,,남,대구,0
7815,50.0,5000.0,남,대구,0
7816,30.0,6000.0,nan,부산,0
7817,40.0,,nan,서울,0
7818,40.0,5000.0,남,대구,1
7819,30.0,,nan,대구,0
7820,40.0,3000.0,남,부산,0
7821,40.0,5000.0,여,대구,1
7822,50.0,4000.0,남,서울,0
7823,,,nan,서울,0
7824,50.0,4000.0,nan,서울,1
7825,20.0,5000.0,nan,부산,0
7826,50.0,,nan,서울,0
7827,30.0,4000.0,남,서울,0
7828,,6000.0,남,서울,0
7829,30.0,6000.0,여,서울,0
7830,20.0,3000.0,남,서울,1
7831,,5000.0,여,서울,0
7832,40.0,4000.0,남,부산,0
7833,50.0,3000.0,남,서울,0
7834,30.0,5000.0,nan,대구,1
7835,20.0,6000.0,여,부산,1
7836,40.0,4000.0,nan,대구,1
7837,50.0,,nan,대구,0
7838,40.0,6000.0,남,서울,1
7839,50.0,,남,대구,1
7840,,,여,대구,0
7841,40.0,4000.0,여,대구,1
7842,40.0,4000.0,남,서울,1
7843,40.0,,여,서울,1
7844,,3000.0,남,서울,1
7845,20.0,,남,부산,1
7846,50.0,,남,서울,1
7847,40.0,4000.0,여,서울,0
7848,,5000.0,nan,대구,1
7849,20.0,6000.0,여,서울,0
7850,50.0,4000.0,nan,대구,1
7851,,3000.0,여,서울,1
7852,50.0,6000.0,nan,서울,1
7853,40.0,4000.0,nan,서울,1
7854,20.0,4000.0,여,서울,0
7855,,5000.0,여,서울,0
7856,20.0,3000.0,nan,서울,0
7857,40.0,3000.0,남,서울,0
7858,20.0,4000.0,nan,대구,0
7859,20.0,5000.0,nan,부산,0
7860,30.0,4000.0,남,부산,0
7861,20.0,,nan,서울,0
7862,50.0,,남,부산,0
7863,,5000.0,남,대구,1
7864,30.0,4000.0,여,대구,0
7865,,5000.0,nan,대구,0
7866,,4000.0,nan,부산,1
7867,40.0,4000.0,남,부산,0
7868,40.0,,nan,부산,0
7869,30.0,6000.0,남,서울,0
7870,40.0,3000.0,nan,대구,1
7871,40.0,3000.0,nan,대구,0
7872,40.0,5000.0,남,서울,1
7873,,3000.0,남,부산,0
7874,30.0,,nan,대구,0
7875,,6000.0,nan,부산,0
7876,50.0,4000.0,남,서울,0
7877,,4000.0,여,부산,1
7878,50.0,,여,서울,0
7879,20.0,3000.0,nan,부산,1
7880,20.0,4000.0,nan,서울,0
7881,50.0,3000.0,nan,대구,0
7882,50.0,,남,서울,0
7883,,4000.0,nan,부산,1
7884,50.0,5000.0,nan,대구,0
7885,30.0,6000.0,nan,부산,0
7886,20.0,3000.0,여,부산,0
7887,20.0,3000.0,nan,서울,0
7888,50.0,3000.0,nan,서울,0
7889,40.0,3000.0,남,부산,0
7890,40.0,,여,서울,1
7891,50.0,,남,부산,0
7892,30.0,,nan,서울,1
7893,40.0,,nan,서울,0
7894,50.0,4000.0,nan,부산,0
7895,30.0,,nan,대구,1
7896,30.0,4000.0,nan,서울,0
7897,,5000.0,남,부산,0
7898,30.0,,nan,대구,0
7899,40.0,5000.0,nan,서울,1
7900,40.0,,여,서울,0
7901,50.0,5000.0,여,부산,1
7902,50.0,6000.0,nan,서울,0
7903,30.0,5000.0,nan,부산,0
7904,20.0,4000.0,nan,부산,0
7905,,3000.0,nan,서울,1
7906,20.0,5000.0,nan,대구,1
7907,30.0,3000.0,nan,서울,0
7908,30.0,6000.0,남,대구,0
7909,20.0,6000.0,남,서울,0
7910,,4000.0,남,대구,0
7911,20.0,4000.0,여,서울,0
7912,50.0,5000.0,nan,대구,1
7913,40.0,,여,대구,0
7914,50.0,6000.0,여,서울,1
7915,40.0,3000.0,여,서울,0
7916,30.0,,남,부산,0
7917,,6000.0,nan,대구,1
7918,20.0,5000.0,nan,서울,0
7919,,6000.0,여,부산,0
7920,20.0,4000.0,남,서울,1
7921,50.0,3000.0,여,대구,0
7922,50.0,3000.0,여,서울,0
7923,20.0,4000.0,nan,서울,0
7924,,,남,부산,0
7925,20.0,4000.0,nan,서울,0
7926,30.0,3000.0,여,부산,0
7927,50.0,5000.0,nan,대구,0
7928,30.0,,여,대구,0
7929,50.0,6000.0,남,서울,1
7930,50.0,5000.0,nan,부산,0
7931,40.0,,nan,대구,0
7932,30.0,3000.0,nan,서울,0
7933,30.0,3000.0,nan,서울,1
7934,40.0,5000.0,nan,서울,0
7935,,,남,서울,0
7936,30.0,6000.0,남,서울,0
7937,20.0,6000.0,nan,부산,1
7938,40.0,4000.0,여,서울,0
7939,30.0,5000.0,여,서울,0
7940,,,nan,서울,0
7941,30.0,5000.0,nan,서울,0
7942,50.0,6000.0,남,서울,1
7943,20.0,,남,서울,1
7944,40.0,3000.0,nan,서울,0
7945,50.0,3000.0,nan,대구,1
7946,,,여,대구,0
7947,50.0,5000.0,남,서울,1
7948,50.0,5000.0,nan,부산,0
7949,,3000.0,남,서울,0
7950,50.0,3000.0,nan,부산,1
7951,40.0,6000.0,nan,부산,1
7952,30.0,,nan,부산,1
7953,50.0,5000.0,nan,부산,1
7954,40.0,6000.0,여,부산,0
7955,30.0,5000.0,nan,대구,0
7956,30.0,3000.0,여,서울,0
7957,50.0,,여,대구,0
7958,40.0,4000.0,nan,대구,0
7959,50.0,,남,서울,0
7960,,4000.0,남,대구,0
7961,30.0,6000.0,nan,서울,0
7962,50.0,4000.0,nan,서울,0
7963,30.0,4000.0,nan,서울,0
7964,40.0,6000.0,남,서울,0
7965,20.0,,남,부산,1
7966,50.0,6000.0,nan,부산,0
7967,50.0,3000.0,남,대구,0
7968,30.0,3000.0,여,서울,0
7969,40.0,4000.0,남,서울,1
7970,,6000.0,남,서울,0
7971,40.0,6000.0,nan,서울,1
7972,50.0,6000.0,여,부산,0
7973,,,nan,부산,0
7974,40.0,5000.0,남,부산,0
7975,20.0,5000.0,여,대구,1
7976,30.0,5000.0,nan,서울,0
7977,40.0,,남,부산,0
7978,40.0,6000.0,여,부산,0
7979,20.0,5000.0,nan,서울,0
7980,50.0,6000.0,여,부산,1
7981,30.0,4000.0,남,서울,0
7982,40.0,5000.0,nan,서울,0
7983,,4000.0,남,부산,0
7984,40.0,,여,대구,0
7985,30.0,3000.0,남,서울,0
7986,40.0,,여,대구,0
7987,20.0,,nan,부산,0
7988,40.0,,남,서울,1
7989,40.0,5000.0,nan,서울,0
7990,,4000.0,nan,부산,1
7991,20.0,5000.0,nan,대구,1
7992,20.0,3000.0,nan,부산,0
7993,40.0,,남,부산,0
7994,,6000.0,남,부산,1
7995,40.0,3000.0,nan,대구,1
7996,40.0,4000.0,nan,서울,0
7997,30.0,3000.0,여,서울,0
7998,30.0,5000.0,nan,부산,0
7999,,6000.0,여,부산,0
8000,50.0,5000.0,여,대구,1
8001,30.0,,nan,부산,0
8002,50.0,,남,대구,1
8003,20.0,3000.0,여,대구,0
8004,30.0,,남,대구,0
8005,30.0,,nan,부산,0
8006,,4000.0,nan,서울,0
8007,50.0,4000.0,nan,대구,1
8008,30.0,5000.0,nan,서울,0
8009,30.0,5000.0,여,대구,1
8010,,4000.0,여,부산,1
8011,,3000.0,남,대구,0
8012,50.0,4000.0,남,대구,0
8013,20.0,5000.0,여,서울,1
8014,20.0,6000.0,nan,부산,0
8015,40.0,,남,대구,1
8016,30.0,6000.0,여,부산,0
8017,50.0,6000.0,남,서울,0
8018,30.0,,여,부산,1
8019,50.0,4000.0,nan,부산,1
8020,50.0,3000.0,여,서울,1
8021,50.0,6000.0,남,대구,0
8022,30.0,3000.0,여,대구,1
8023,,5000.0,남,부산,0
8024,30.0,6000.0,남,대구,0
8025,50.0,5000.0,남,서울,1
8026,40.0,4000.0,nan,부산,0
8027,20.0,6000.0,nan,부산,0
8028,50.0,5000.0,여,대구,0
8029,40.0,5000.0,여,대구,0
8030,,4000.0,남,대구,1
8031,50.0,3000.0,nan,부산,0
8032,40.0,3000.0,여,대구,1
8033,50.0,6000.0,여,부산,1
8034,30.0,4000.0,nan,대구,0
8035,40.0,6000.0,남,부산,0
8036,30.0,3000.0,여,부산,0
8037,30.0,4000.0,남,부산,1
8038,40.0,,nan,대구,0
8039,20.0,4000.0,nan,대구,1
8040,40.0,4000.0,여,서울,0
8041,20.0,,여,부산,0
8042,50.0,5000.0,nan,대구,0
8043,50.0,5000.0,남,서울,0
8044,40.0,5000.0,남,서울,1
8045,50.0,3000.0,nan,대구,1
8046,,4000.0,여,부산,0
8047,30.0,,nan,서울,0
8048,30.0,3000.0,여,서울,0
8049,20.0,,남,부산,0
8050,50.0,3000.0,여,대구,0
8051,20.0,3000.0,남,부산,0
8052,30.0,3000.0,nan,부산,0
8053,30.0,,여,대구,0
8054,50.0,6000.0,남,서울,1
8055,,3000.0,여,부산,0
8056,,5000.0,남,서울,0
8057,50.0,4000.0,남,서울,0
8058,50.0,6000.0,nan,서울,1
8059,20.0,6000.0,nan,대구,0
8060,50.0,,여,서울,0
8061,,6000.0,남,부산,1
8062,50.0,,nan,부산,0
8063,20.0,,여,부산,0
8064,20.0,5000.0,nan,대구,0
8065,20.0,3000.0,여,부산,1
8066,20.0,6000.0,nan,대구,0
8067,40.0,3000.0,nan,서울,0
8068,50.0,3000.0,남,서울,0
8069,30.0,3000.0,남,대구,0
8070,50.0,,nan,대구,0
8071,40.0,3000.0,남,대구,0
8072,20.0,6000.0,nan,서울,0
8073,40.0,,여,대구,0
8074,,6000.0,nan,서울,0
8075,,,nan,서울,0
8076,50.0,4000.0,여,부산,0
8077,50.0,4000.0,여,서울,0
8078,30.0,4000.0,남,대구,0
8079,30.0,4000.0,여,대구,0
8080,,,남,대구,1
8081,20.0,3000.0,nan,서울,1
8082,40.0,5000.0,여,서울,1
8083,30.0,5000.0,nan,부산,0
8084,30.0,4000.0,남,부산,0
8085,20.0,3000.0,여,대구,1
8086,20.0,6000.0,남,서울,0
8087,50.0,3000.0,남,대구,0
8088,40.0,6000.0,여,대구,1
8089,20.0,5000.0,여,대구,0
8090,30.0,3000.0,남,부산,0
8091,30.0,3000.0,여,대구,0
8092,,5000.0,남,부산,1
8093,20.0,3000.0,nan,서울,1
8094,50.0,6000.0,nan,대구,1
8095,40.0,3000.0,여,부산,0
8096,50.0,6000.0,여,서울,0
8097,30.0,4000.0,nan,부산,0
8098,50.0,3000.0,남,대구,0
8099,30.0,6000.0,남,서울,1
8100,30.0,5000.0,남,서울,0
8101,30.0,4000.0,여,서울,0
8102,30.0,3000.0,남,부산,0
8103,30.0,6000.0,여,부산,0
8104,,3000.0,여,부산,0
8105,50.0,6000.0,여,서울,0
8106,,3000.0,nan,대구,0
8107,,4000.0,남,대구,0
8108,20.0,4000.0,여,서울,0
8109,20.0,3000.0,남,대구,1
8110,20.0,3000.0,nan,서울,0
8111,40.0,,남,대구,0
8112,20.0,3000.0,nan,대구,0
8113,50.0,3000.0,여,대구,0
8114,,4000.0,여,부산,1
8115,50.0,3000.0,nan,부산,1
8116,20.0,5000.0,여,서울,0
8117,40.0,3000.0,남,부산,0
8118,40.0,,남,서울,0
8119,,6000.0,nan,부산,0
8120,50.0,4000.0,남,대구,1
8121,30.0,5000.0,여,부산,0
8122,50.0,6000.0,여,부산,0
8123,20.0,5000.0,여,부산,0
8124,30.0,4000.0,남,서울,0
8125,40.0,,여,서울,0
8126,,4000.0,남,대구,1
8127,,5000.0,nan,대구,0
8128,40.0,5000.0,여,대구,1
8129,20.0,4000.0,nan,부산,0
8130,40.0,3000.0,남,대구,1
8131,20.0,4000.0,남,서울,0
8132,30.0,,nan,대구,0
8133,40.0,4000.0,여,대구,0
8134,20.0,6000.0,여,대구,0
8135,30.0,3000.0,여,대구,0
8136,40.0,6000.0,nan,대구,0
8137,,4000.0,남,서울,0
8138,40.0,3000.0,nan,부산,0
8139,50.0,6000.0,남,대구,1
8140,40.0,6000.0,여,부산,0
8141,50.0,3000.0,여,대구,0
8142,30.0,3000.0,남,부산,0
8143,40.0,5000.0,여,서울,1
8144,30.0,3000.0,nan,부산,1
8145,30.0,4000.0,남,대구,0
8146,20.0,,여,부산,1
8147,30.0,5000.0,여,부산,1
8148,30.0,3000.0,여,대구,0
8149,40.0,,여,부산,0
8150,40.0,5000.0,남,대구,0
8151,,4000.0,남,서울,0
8152,20.0,,여,대구,0
8153,30.0,3000.0,nan,서울,0
8154,20.0,3000.0,nan,부산,0
8155,50.0,4000.0,nan,대구,0
8156,30.0,5000.0,nan,부산,1
8157,20.0,,남,서울,0
8158,,4000.0,남,서울,0
8159,,5000.0,nan,부산,1
8160,30.0,6000.0,남,대구,0
8161,50.0,6000.0,nan,대구,0
8162,,5000.0,여,대구,0
8163,,3000.0,여,대구,1
8164,50.0,3000.0,nan,서울,0
8165,20.0,6000.0,남,대구,1
8166,,3000.0,nan,부산,1
8167,40.0,3000.0,남,서울,0
8168,,5000.0,여,부산,0
8169,20.0,5000.0,남,부산,0
8170,20.0,3000.0,nan,부산,0
8171,30.0,5000.0,여,서울,0
8172,40.0,,여,대구,1
8173,20.0,6000.0,남,부산,0
8174,50.0,,여,부산,0
8175,40.0,,여,대구,0
8176,40.0,3000.0,남,대구,0
8177,50.0,3000.0,여,대구,0
8178,,,nan,대구,0
8179,50.0,,남,부산,1
8180,50.0,4000.0,남,서울,0
8181,,4000.0,남,대구,1
8182,,6000.0,남,대구,1
8183,,,nan,부산,0
8184,,5000.0,남,대구,0
8185,,4000.0,nan,부산,0
8186,50.0,3000.0,남,부산,0
8187,30.0,,남,부산,0
8188,30.0,5000.0,여,부산,0
8189,20.0,5000.0,여,대구,0
8190,30.0,5000.0,nan,서울,0
8191,30.0,3000.0,여,대구,0
8192,50.0,4000.0,남,서울,0
8193,,5000.0,nan,대구,0
8194,,4000.0,여,부산,0
8195,50.0,6000.0,남,대구,1
8196,30.0,3000.0,여,부산,0
8197,50.0,4000.0,여,대구,1
8198,20.0,4000.0,여,부산,0
8199,,5000.0,여,서울,0
8200,40.0,5000.0,남,부산,0
8201,20.0,3000.0,여,대구,1
8202,20.0,4000.0,nan,부산,0
8203,50.0,,nan,서울,1
8204,30.0,5000.0,여,서울,0
8205,,5000.0,nan,대구,0
8206,40.0,6000.0,여,부산,0
8207,20.0,3000.0,남,대구,1
8208,40.0,4000.0,남,부산,1
8209,30.0,4000.0,nan,서울,0
8210,30.0,4000.0,nan,대구,1
8211,40.0,5000.0,여,서울,1
8212,,3000.0,여,부산,0
8213,30.0,4000.0,여,서울,0
8214,40.0,,남,부산,0
8215,20.0,6000.0,여,대구,0
8216,40.0,6000.0,남,부산,1
8217,40.0,4000.0,nan,부산,0
8218,50.0,5000.0,남,대구,1
8219,30.0,6000.0,nan,대구,1
8220,,6000.0,남,서울,1
8221,,6000.0,남,부산,0
8222,50.0,6000.0,여,부산,0
8223,,4000.0,nan,서울,0
8224,40.0,3000.0,남,부산,1
8225,50.0,3000.0,남,부산,0
8226,20.0,5000.0,nan,대구,0
8227,30.0,,남,대구,0
8228,30.0,3000.0,nan,대구,0
8229,30.0,,nan,서울,0
8230,40.0,3000.0,nan,대구,0
8231,20.0,3000.0,남,서울,0
8232,50.0,5000.0,남,대구,1
8233,50.0,6000.0,여,부산,0
8234,30.0,5000.0,nan,부산,1
8235,20.0,3000.0,남,대구,0
8236,20.0,6000.0,남,대구,1
8237,20.0,6000.0,nan,서울,1
8238,,6000.0,nan,부산,1
8239,,,nan,대구,0
8240,30.0,3000.0,여,대구,1
8241,20.0,4000.0,여,부산,0
8242,20.0,5000.0,여,대구,0
8243,50.0,,nan,부산,0
8244,50.0,5000.0,남,대구,0
8245,30.0,4000.0,nan,부산,0
8246,20.0,6000.0,남,서울,0
8247,30.0,4000.0,여,대구,1
8248,50.0,5000.0,여,대구,0
8249,50.0,4000.0,여,대구,0
8250,,3000.0,남,서울,0
8251,30.0,4000.0,남,대구,0
8252,30.0,3000.0,nan,대구,0
8253,20.0,4000.0,nan,부산,0
8254,20.0,3000.0,nan,대구,1
8255,,3000.0,여,대구,1
8256,40.0,4000.0,nan,부산,0
8257,40.0,,여,서울,0
8258,40.0,6000.0,남,서울,0
8259,30.0,6000.0,여,부산,0
8260,30.0,6000.0,여,서울,0
8261,50.0,3000.0,여,서울,0
8262,30.0,6000.0,남,대구,0
8263,30.0,3000.0,남,대구,0
8264,30.0,,nan,대구,0
8265,,4000.0,nan,서울,1
8266,30.0,4000.0,nan,대구,1
8267,20.0,3000.0,남,서울,1
8268,20.0,3000.0,남,대구,1
8269,50.0,,남,서울,0
8270,,6000.0,남,부산,1
8271,20.0,,남,부산,0
8272,,4000.0,여,대구,1
8273,,4000.0,nan,서울,1
8274,50.0,6000.0,여,부산,0
8275,,4000.0,nan,부산,0
8276,30.0,3000.0,여,대구,0
8277,,4000.0,남,대구,0
8278,50.0,5000.0,nan,서울,1
8279,50.0,6000.0,여,부산,1
8280,50.0,6000.0,nan,서울,0
8281,20.0,6000.0,남,서울,0
8282,30.0,5000.0,남,대구,0
8283,20.0,,nan,서울,1
8284,40.0,3000.0,nan,서울,1
8285,30.0,6000.0,남,부산,0
8286,,4000.0,남,서울,0
8287,50.0,3000.0,남,부산,1
8288,40.0,4000.0,여,부산,0
8289,30.0,3000.0,nan,서울,1
8290,20.0,3000.0,남,서울,0
8291,50.0,4000.0,nan,부산,0
8292,20.0,4000.0,여,서울,0
8293,30.0,3000.0,여,부산,0
8294,30.0,6000.0,남,서울,0
8295,40.0,4000.0,nan,부산,0
8296,,5000.0,여,부산,1
8297,20.0,5000.0,nan,대구,1
8298,40.0,3000.0,nan,서울,0
8299,50.0,,남,부산,0
8300,,3000.0,여,부산,0
8301,40.0,3000.0,여,서울,0
8302,20.0,6000.0,여,서울,0
8303,30.0,6000.0,nan,서울,1
8304,50.0,,여,대구,1
8305,20.0,,여,서울,0
8306,,,nan,대구,1
8307,,,여,서울,1
8308,30.0,,여,대구,1
8309,30.0,3000.0,nan,서울,0
8310,50.0,3000.0,여,대구,1
8311,50.0,5000.0,남,부산,0
8312,30.0,5000.0,nan,대구,0
8313,30.0,4000.0,여,대구,0
8314,,3000.0,남,부산,0
8315,30.0,,nan,서울,0
8316,40.0,4000.0,여,부산,0
8317,20.0,6000.0,nan,부산,1
8318,30.0,3000.0,남,부산,1
8319,50.0,5000.0,nan,대구,1
8320,40.0,3000.0,여,부산,0
8321,50.0,3000.0,남,서울,1
8322,40.0,3000.0,nan,대구,0
8323,30.0,3000.0,여,대구,0
8324,20.0,6000.0,여,부산,0
8325,50.0,5000.0,남,대구,1
8326,40.0,3000.0,남,서울,0
8327,,6000.0,nan,대구,1
8328,30.0,4000.0,여,부산,1
8329,20.0,3000.0,남,부산,1
8330,30.0,6000.0,여,부산,1
8331,,,nan,대구,0
8332,20.0,4000.0,남,부산,1
8333,,5000.0,nan,대구,1
8334,30.0,3000.0,nan,부산,1
8335,40.0,3000.0,남,부산,1
8336,30.0,6000.0,nan,부산,1
8337,30.0,5000.0,여,서울,0
8338,30.0,,남,서울,1
8339,50.0,4000.0,여,부산,0
8340,,5000.0,nan,부산,0
8341,,3000.0,남,대구,0
8342,,6000.0,여,대구,0
8343,50.0,,여,서울,0
8344,40.0,6000.0,여,대구,1
8345,30.0,4000.0,여,대구,1
8346,40.0,5000.0,여,대구,0
8347,50.0,6000.0,nan,대구,0
8348,,6000.0,nan,서울,1
8349,30.0,3000.0,nan,서울,0
8350,20.0,6000.0,nan,대구,0
8351,20.0,,nan,대구,0
8352,40.0,5000.0,nan,서울,1
8353,,4000.0,nan,부산,0
8354,20.0,6000.0,여,대구,1
8355,40.0,,nan,부산,0
8356,50.0,4000.0,여,대구,0
8357,40.0,,남,서울,0
8358,40.0,6000.0,nan,대구,0
8359,40.0,6000.0,여,부산,0
8360,30.0,5000.0,남,서울,0
8361,40.0,3000.0,남,대구,0
8362,40.0,,여,대구,0
8363,30.0,3000.0,여,서울,1
8364,30.0,3000.0,여,대구,1
8365,50.0,4000.0,nan,서울,1
8366,,4000.0,남,대구,1
8367,20.0,,nan,서울,0
8368,20.0,3000.0,nan,대구,0
8369,40.0,5000.0,nan,서울,0
8370,50.0,3000.0,남,서울,0
8371,40.0,4000.0,남,대구,0
8372,20.0,3000.0,남,서울,1
8373,30.0,6000.0,여,대구,1
8374,,6000.0,nan,대구,0
8375,50.0,5000.0,여,대구,0
8376,30.0,,여,서울,0
8377,,3000.0,nan,대구,1
8378,50.0,6000.0,남,서울,0
8379,50.0,,nan,부산,0
8380,20.0,6000.0,여,부산,1
8381,30.0,,남,부산,1
8382,50.0,,남,대구,0
8383,50.0,6000.0,여,서울,0
8384,,4000.0,남,대구,0
8385,20.0,,남,서울,1
8386,40.0,3000.0,nan,부산,0
8387,20.0,6000.0,nan,부산,1
8388,40.0,4000.0,여,부산,0
8389,30.0,6000.0,여,대구,0
8390,30.0,5000.0,여,대구,1
8391,50.0,3000.0,남,서울,0
8392,30.0,5000.0,여,서울,0
8393,50.0,,nan,부산,0
8394,20.0,,남,대구,1
8395,30.0,5000.0,여,대구,0
8396,20.0,5000.0,남,서울,0
8397,20.0,,남,서울,0
8398,30.0,4000.0,남,대구,0
8399,20.0,3000.0,여,대구,1
8400,30.0,6000.0,남,서울,0
8401,30.0,5000.0,남,대구,0
8402,30.0,3000.0,남,대구,0
8403,40.0,6000.0,nan,부산,1
8404,20.0,6000.0,여,대구,0
8405,,5000.0,nan,대구,1
8406,30.0,4000.0,남,대구,0
8407,20.0,4000.0,남,서울,0
8408,50.0,3000.0,nan,부산,0
8409,30.0,3000.0,남,서울,0
8410,30.0,,nan,부산,0
8411,,4000.0,남,부산,0
8412,40.0,3000.0,남,대구,0
8413,40.0,,남,부산,1
8414,30.0,6000.0,남,부산,1
8415,20.0,3000.0,여,대구,0
8416,50.0,,여,대구,0
8417,50.0,4000.0,여,부산,1
8418,20.0,6000.0,nan,서울,0
8419,30.0,3000.0,nan,부산,1
8420,50.0,4000.0,nan,서울,0
8421,40.0,6000.0,nan,서울,1
8422,20.0,5000.0,여,부산,0
8423,,4000.0,nan,서울,0
8424,30.0,5000.0,nan,부산,0
8425,20.0,3000.0,nan,서울,0
8426,50.0,,남,서울,0
8427,30.0,3000.0,nan,부산,0
8428,40.0,4000.0,남,대구,0
8429,30.0,5000.0,nan,대구,0
8430,30.0,5000.0,nan,부산,0
8431,40.0,6000.0,남,부산,0
8432,40.0,3000.0,nan,대구,0
8433,30.0,3000.0,남,대구,0
8434,40.0,4000.0,nan,서울,0
8435,20.0,5000.0,nan,서울,1
8436,40.0,4000.0,남,서울,1
8437,40.0,4000.0,여,대구,0
8438,30.0,5000.0,남,부산,0
8439,20.0,4000.0,여,서울,0
8440,,5000.0,남,부산,0
8441,,4000.0,여,대구,0
8442,50.0,,nan,서울,0
8443,40.0,4000.0,여,대구,0
8444,40.0,4000.0,nan,부산,0
8445,20.0,,남,서울,0
8446,,3000.0,여,부산,0
8447,50.0,5000.0,nan,부산,0
8448,20.0,6000.0,남,서울,0
8449,40.0,,여,서울,0
8450,,3000.0,nan,대구,0
8451,50.0,4000.0,여,서울,0
8452,30.0,3000.0,여,서울,0
8453,,,nan,서울,1
8454,50.0,4000.0,nan,서울,0
8455,20.0,3000.0,남,서울,0
8456,30.0,6000.0,nan,대구,0
8457,50.0,5000.0,nan,부산,0
8458,50.0,5000.0,여,대구,1
8459,40.0,,nan,부산,1
8460,,4000.0,여,서울,0
8461,40.0,4000.0,여,대구,0
8462,30.0,5000.0,nan,부산,0
8463,50.0,3000.0,nan,부산,1
8464,40.0,4000.0,nan,서울,1
8465,,6000.0,nan,서울,0
8466,30.0,6000.0,남,부산,0
8467,20.0,4000.0,여,대구,1
8468,40.0,4000.0,남,부산,0
8469,30.0,5000.0,남,대구,0
8470,20.0,,여,대구,0
8471,40.0,5000.0,남,부산,0
8472,30.0,,nan,대구,1
8473,30.0,6000.0,nan,부산,1
8474,40.0,,nan,부산,0
8475,30.0,5000.0,nan,서울,0
8476,50.0,4000.0,여,부산,0
8477,40.0,,nan,부산,0
8478,30.0,5000.0,여,서울,0
8479,20.0,6000.0,여,서울,0
8480,20.0,,여,대구,1
8481,50.0,6000.0,여,대구,0
8482,40.0,6000.0,남,서울,0
8483,30.0,3000.0,남,서울,0
8484,30.0,,nan,서울,0
8485,20.0,5000.0,여,부산,0
8486,50.0,,nan,부산,0
8487,20.0,,nan,부산,0
8488,20.0,6000.0,nan,서울,0
8489,50.0,6000.0,nan,대구,0
8490,40.0,6000.0,여,대구,0
8491,30.0,6000.0,여,부산,0
8492,40.0,5000.0,남,부산,0
8493,,4000.0,여,서울,0
8494,,3000.0,여,서울,0
8495,,6000.0,nan,대구,0
8496,50.0,6000.0,여,대구,0
8497,20.0,3000.0,nan,서울,0
8498,40.0,6000.0,여,대구,0
8499,30.0,4000.0,남,대구,0
8500,,,nan,부산,0
8501,40.0,3000.0,여,서울,0
8502,,5000.0,여,서울,1
8503,,3000.0,nan,서울,0
8504,30.0,4000.0,남,부산,1
8505,50.0,5000.0,남,서울,0
8506,20.0,,여,대구,0
8507,50.0,6000.0,여,부산,1
8508,40.0,3000.0,여,부산,1
8509,50.0,5000.0,nan,서울,0
8510,40.0,3000.0,nan,대구,0
8511,40.0,,nan,서울,0
8512,20.0,3000.0,여,대구,1
8513,30.0,5000.0,남,서울,0
8514,20.0,4000.0,nan,대구,0
8515,50.0,5000.0,남,대구,0
8516,40.0,3000.0,여,대구,0
8517,,,nan,부산,1
8518,,6000.0,nan,서울,1
8519,40.0,6000.0,nan,서울,0
8520,20.0,,여,서울,0
8521,30.0,3000.0,여,부산,1
8522,20.0,,여,대구,0
8523,40.0,3000.0,남,부산,0
8524,40.0,5000.0,남,부산,0
8525,30.0,4000.0,nan,대구,0
8526,50.0,3000.0,nan,서울,1
8527,50.0,6000.0,여,부산,0
8528,30.0,6000.0,여,대구,0
8529,50.0,4000.0,여,대구,1
8530,,3000.0,nan,서울,0
8531,50.0,4000.0,여,대구,0
8532,50.0,5000.0,남,대구,1
8533,50.0,4000.0,남,대구,0
8534,,5000.0,nan,서울,0
8535,50.0,6000.0,nan,서울,0
8536,,5000.0,남,대구,0
8537,30.0,3000.0,여,대구,1
8538,20.0,3000.0,nan,서울,0
8539,30.0,3000.0,nan,서울,1
8540,20.0,3000.0,nan,서울,0
8541,30.0,,남,부산,1
8542,20.0,5000.0,nan,서울,0
8543,20.0,3000.0,남,대구,0
8544,40.0,4000.0,남,서울,1
8545,20.0,4000.0,여,대구,0
8546,20.0,,여,대구,0
8547,40.0,5000.0,여,대구,1
8548,50.0,5000.0,nan,서울,1
8549,50.0,5000.0,남,서울,1
8550,40.0,,nan,서울,0
8551,,5000.0,남,서울,0
8552,20.0,5000.0,nan,서울,0
8553,20.0,3000.0,남,부산,0
8554,40.0,5000.0,여,서울,0
8555,40.0,3000.0,여,부산,0
8556,,3000.0,nan,대구,0
8557,50.0,5000.0,남,대구,0
8558,30.0,4000.0,여,대구,0
8559,50.0,6000.0,남,대구,0
8560,20.0,4000.0,nan,부산,1
8561,40.0,5000.0,여,부산,0
8562,,5000.0,nan,대구,0
8563,50.0,4000.0,nan,서울,0
8564,,5000.0,남,대구,0
8565,50.0,3000.0,nan,대구,0
8566,20.0,,nan,부산,0
8567,30.0,5000.0,남,대구,0
8568,,5000.0,남,부산,1
8569,,4000.0,nan,부산,0
8570,30.0,3000.0,여,대구,0
8571,,4000.0,여,서울,0
8572,,4000.0,남,부산,1
8573,50.0,5000.0,nan,부산,0
8574,50.0,3000.0,여,부산,1
8575,30.0,5000.0,남,대구,1
8576,20.0,5000.0,남,대구,0
8577,,5000.0,남,부산,0
8578,20.0,5000.0,nan,서울,0
8579,30.0,,남,대구,0
8580,30.0,6000.0,여,서울,0
8581,50.0,3000.0,nan,서울,1
8582,,,여,대구,0
8583,40.0,6000.0,여,부산,0
8584,30.0,6000.0,여,서울,0
8585,,6000.0,nan,부산,0
8586,20.0,,여,서울,1
8587,50.0,3000.0,남,부산,0
8588,20.0,4000.0,남,대구,0
8589,30.0,6000.0,여,서울,0
8590,30.0,4000.0,남,서울,1
8591,20.0,4000.0,nan,서울,0
8592,30.0,5000.0,nan,부산,0
8593,,4000.0,남,서울,1
8594,30.0,5000.0,남,서울,1
8595,50.0,3000.0,nan,부산,0
8596,,3000.0,여,부산,0
8597,40.0,5000.0,nan,대구,1
8598,30.0,3000.0,여,부산,1
8599,30.0,6000.0,남,서울,0
8600,50.0,3000.0,남,서울,0
8601,50.0,5000.0,여,대구,0
8602,20.0,6000.0,여,대구,0
8603,20.0,4000.0,nan,서울,0
8604,20.0,4000.0,여,부산,0
8605,50.0,4000.0,남,서울,1
8606,20.0,5000.0,남,대구,0
8607,20.0,4000.0,남,서울,1
8608,40.0,3000.0,여,서울,0
8609,20.0,4000.0,여,서울,0
8610,30.0,,남,대구,0
8611,50.0,,여,대구,0
8612,,4000.0,nan,대구,0
8613,40.0,4000.0,nan,부산,0
8614,50.0,,여,대구,1
8615,50.0,4000.0,여,부산,0
8616,30.0,6000.0,남,부산,1
8617,20.0,,여,대구,1
8618,30.0,5000.0,남,부산,1
8619,20.0,,nan,부산,0
8620,20.0,3000.0,여,서울,1
8621,50.0,6000.0,nan,부산,0
8622,20.0,5000.0,여,부산,1
8623,40.0,4000.0,여,대구,0
8624,40.0,3000.0,남,서울,0
8625,40.0,3000.0,남,부산,1
8626,50.0,6000.0,여,부산,0
8627,30.0,5000.0,여,부산,0
8628,,3000.0,남,대구,0
8629,20.0,5000.0,nan,대구,0
8630,,5000.0,여,서울,1
8631,30.0,3000.0,남,부산,0
8632,30.0,5000.0,여,서울,1
8633,50.0,6000.0,남,대구,0
8634,40.0,3000.0,nan,부산,0
8635,40.0,6000.0,여,부산,0
8636,30.0,6000.0,여,서울,0
8637,50.0,5000.0,nan,부산,1
8638,50.0,5000.0,여,대구,1
8639,20.0,3000.0,여,서울,0
8640,40.0,4000.0,여,서울,0
8641,30.0,3000.0,남,부산,0
8642,,6000.0,남,대구,0
8643,40.0,5000.0,여,부산,1
8644,20.0,6000.0,nan,서울,1
8645,50.0,,nan,서울,0
8646,30.0,,여,대구,1
8647,40.0,6000.0,남,서울,0
8648,,4000.0,남,대구,0
8649,20.0,4000.0,여,부산,1
8650,20.0,3000.0,남,대구,0
8651,40.0,3000.0,남,부산,0
8652,,3000.0,nan,부산,0
8653,20.0,5000.0,여,서울,0
8654,30.0,4000.0,남,부산,0
8655,20.0,6000.0,남,서울,0
8656,,,남,대구,0
8657,50.0,4000.0,여,대구,0
8658,50.0,4000.0,여,부산,0
8659,40.0,4000.0,남,대구,0
8660,,3000.0,nan,부산,0
8661,20.0,5000.0,nan,대구,1
8662,20.0,6000.0,여,부산,1
8663,50.0,3000.0,nan,부산,0
8664,50.0,5000.0,남,대구,1
8665,30.0,4000.0,여,대구,0
8666,50.0,5000.0,여,대구,0
8667,30.0,3000.0,nan,대구,0
8668,20.0,4000.0,여,부산,0
8669,30.0,3000.0,nan,부산,0
8670,30.0,6000.0,nan,대구,0
8671,40.0,4000.0,남,대구,0
8672,50.0,5000.0,nan,서울,0
8673,30.0,3000.0,nan,부산,0
8674,20.0,,여,부산,0
8675,,5000.0,남,대구,0
8676,30.0,5000.0,남,서울,0
8677,50.0,4000.0,nan,대구,0
8678,40.0,5000.0,여,부산,1
8679,20.0,3000.0,여,부산,0
8680,40.0,,여,서울,0
8681,,6000.0,남,대구,0
8682,30.0,,남,서울,1
8683,30.0,3000.0,nan,대구,0
8684,50.0,4000.0,nan,서울,0
8685,30.0,3000.0,여,대구,0
8686,20.0,5000.0,nan,대구,0
8687,,4000.0,여,대구,0
8688,40.0,6000.0,남,부산,0
8689,,6000.0,nan,대구,0
8690,30.0,3000.0,여,부산,0
8691,40.0,5000.0,남,서울,0
8692,50.0,6000.0,여,대구,1
8693,,,nan,부산,0
8694,40.0,4000.0,여,서울,1
8695,40.0,,남,대구,1
8696,40.0,6000.0,nan,서울,1
8697,20.0,6000.0,남,부산,1
8698,,3000.0,nan,부산,0
8699,40.0,3000.0,여,대구,1
8700,,4000.0,남,부산,0
8701,40.0,3000.0,남,부산,1
8702,50.0,5000.0,여,서울,0
8703,50.0,4000.0,남,대구,0
8704,50.0,5000.0,남,대구,1
8705,30.0,3000.0,남,대구,0
8706,40.0,4000.0,남,서울,1
8707,30.0,6000.0,여,부산,0
8708,,,남,대구,0
8709,30.0,6000.0,남,대구,0
8710,,5000.0,남,서울,0
8711,,6000.0,nan,서울,1
8712,,6000.0,nan,대구,1
8713,30.0,,여,대구,1
8714,40.0,,여,서울,1
8715,30.0,6000.0,여,서울,0
8716,40.0,,남,서울,0
8717,40.0,6000.0,nan,서울,0
8718,,4000.0,nan,부산,0
8719,30.0,6000.0,여,부산,0
8720,40.0,3000.0,nan,대구,0
8721,50.0,,여,부산,0
8722,40.0,,남,서울,0
8723,50.0,5000.0,nan,대구,0
8724,30.0,5000.0,남,서울,0
8725,30.0,3000.0,남,부산,1
8726,30.0,,nan,서울,0
8727,40.0,,여,대구,0
8728,20.0,5000.0,nan,부산,1
8729,40.0,5000.0,남,대구,0
8730,40.0,6000.0,여,부산,0
8731,,,남,서울,1
8732,,,여,대구,0
8733,40.0,6000.0,nan,부산,0
8734,50.0,,남,부산,0
8735,,3000.0,여,부산,0
8736,40.0,5000.0,여,부산,0
8737,20.0,5000.0,nan,서울,0
8738,50.0,5000.0,여,서울,1
8739,30.0,4000.0,여,부산,0
8740,40.0,3000.0,남,서울,0
8741,40.0,3000.0,nan,서울,0
8742,50.0,6000.0,nan,부산,1
8743,,4000.0,남,서울,0
8744,,,남,대구,0
8745,,3000.0,남,대구,0
8746,30.0,4000.0,여,서울,0
8747,50.0,4000.0,nan,부산,0
8748,50.0,3000.0,nan,대구,0
8749,,6000.0,nan,서울,0
8750,,4000.0,여,서울,0
8751,20.0,5000.0,nan,부산,0
8752,20.0,4000.0,nan,부산,0
8753,40.0,,nan,서울,0
8754,40.0,3000.0,nan,부산,0
8755,50.0,,남,대구,1
8756,50.0,6000.0,여,대구,0
8757,30.0,5000.0,nan,서울,1
8758,30.0,3000.0,nan,서울,0
8759,20.0,4000.0,nan,부산,0
8760,40.0,5000.0,nan,대구,1
8761,20.0,4000.0,nan,부산,0
8762,20.0,6000.0,남,서울,0
8763,40.0,3000.0,남,서울,0
8764,30.0,6000.0,여,서울,0
8765,40.0,6000.0,여,서울,1
8766,,6000.0,nan,서울,0
8767,,6000.0,nan,서울,1
8768,,4000.0,남,부산,1
8769,50.0,,여,부산,0
8770,30.0,4000.0,nan,부산,0
8771,30.0,5000.0,nan,대구,0
8772,50.0,6000.0,nan,부산,0
8773,20.0,5000.0,여,서울,0
8774,,4000.0,남,부산,0
8775,,6000.0,남,부산,0
8776,20.0,4000.0,nan,대구,0
8777,40.0,6000.0,nan,서울,0
8778,40.0,4000.0,nan,대구,0
8779,30.0,3000.0,nan,대구,0
8780,50.0,,nan,대구,1
8781,30.0,,여,부산,1
8782,40.0,6000.0,남,서울,0
8783,20.0,3000.0,여,서울,1
8784,30.0,5000.0,여,대구,0
8785,,3000.0,nan,서울,1
8786,,6000.0,여,서울,0
8787,20.0,3000.0,남,대구,0
8788,40.0,5000.0,nan,부산,0
8789,,6000.0,남,대구,0
8790,,,여,대구,1
8791,50.0,3000.0,nan,부산,0
8792,30.0,,남,부산,0
8793,40.0,,남,부산,0
8794,30.0,4000.0,nan,부산,0
8795,40.0,5000.0,남,대구,0
8796,,3000.0,nan,부산,1
8797,50.0,,nan,서울,0
8798,30.0,,여,대구,0
8799,,5000.0,남,대구,1
8800,40.0,,nan,부산,0
8801,30.0,,여,부산,0
8802,30.0,,여,서울,0
8803,,,nan,부산,0
8804,30.0,4000.0,nan,대구,0
8805,50.0,4000.0,남,부산,0
8806,50.0,6000.0,남,서울,0
8807,,3000.0,남,대구,1
8808,40.0,5000.0,nan,대구,0
8809,,6000.0,여,부산,1
8810,50.0,4000.0,여,서울,0
8811,20.0,4000.0,nan,서울,0
8812,20.0,4000.0,남,부산,0
8813,30.0,6000.0,여,대구,0
8814,30.0,4000.0,여,대구,0
8815,20.0,6000.0,남,대구,0
8816,50.0,4000.0,여,부산,1
8817,30.0,,남,대구,0
8818,,,여,대구,0
8819,,3000.0,여,부산,0
8820,50.0,4000.0,여,대구,1
8821,30.0,3000.0,남,부산,0
8822,,6000.0,여,서울,0
8823,30.0,3000.0,여,서울,1
8824,30.0,4000.0,여,부산,1
8825,,6000.0,nan,부산,0
8826,20.0,6000.0,여,부산,0
8827,,,여,대구,0
8828,50.0,6000.0,남,대구,1
8829,40.0,6000.0,남,부산,0
8830,,3000.0,nan,부산,0
8831,30.0,6000.0,남,대구,0
8832,30.0,5000.0,남,대구,0
8833,,,남,부산,0
8834,40.0,,nan,대구,0
8835,,6000.0,nan,대구,0
8836,40.0,3000.0,여,서울,1
8837,40.0,,여,부산,1
8838,50.0,,남,부산,1
8839,30.0,5000.0,여,대구,1
8840,30.0,6000.0,여,서울,0
8841,40.0,,nan,부산,0
8842,30.0,,nan,부산,0
8843,20.0,,여,대구,0
8844,40.0,,여,부산,0
8845,30.0,3000.0,여,대구,0
8846,20.0,4000.0,남,서울,1
8847,50.0,5000.0,nan,서울,0
8848,30.0,3000.0,여,부산,0
8849,20.0,5000.0,여,대구,0
8850,,,남,서울,1
8851,,5000.0,nan,부산,1
8852,20.0,6000.0,남,부산,0
8853,40.0,6000.0,남,부산,0
8854,40.0,4000.0,여,대구,0
8855,30.0,4000.0,남,대구,1
8856,,5000.0,남,서울,0
8857,40.0,3000.0,여,대구,1
8858,40.0,3000.0,nan,대구,0
8859,,,여,부산,0
8860,50.0,3000.0,nan,부산,0
8861,40.0,4000.0,남,서울,1
8862,20.0,3000.0,남,부산,1
8863,30.0,,여,부산,1
8864,40.0,6000.0,여,부산,0
8865,40.0,3000.0,여,대구,0
8866,50.0,3000.0,남,부산,1
8867,20.0,4000.0,남,서울,0
8868,30.0,5000.0,nan,서울,1
8869,40.0,6000.0,여,부산,0
8870,30.0,5000.0,남,부산,1
8871,,,nan,서울,1
8872,40.0,,여,대구,0
8873,40.0,5000.0,여,부산,0
8874,,4000.0,nan,서울,0
8875,50.0,4000.0,nan,대구,0
8876,40.0,4000.0,nan,서울,0
8877,30.0,6000.0,남,대구,0
8878,20.0,,여,서울,0
8879,30.0,,여,서울,0
8880,50.0,,nan,대구,1
8881,20.0,6000.0,남,부산,0
8882,30.0,,nan,서울,1
8883,30.0,5000.0,남,부산,0
8884,,3000.0,여,서울,1
8885,50.0,6000.0,여,대구,0
8886,,3000.0,남,부산,0
8887,20.0,5000.0,여,대구,0
8888,,4000.0,여,대구,1
8889,50.0,4000.0,nan,부산,0
8890,40.0,4000.0,남,부산,0
8891,40.0,6000.0,여,부산,1
8892,20.0,4000.0,여,대구,0
8893,40.0,6000.0,남,대구,0
8894,,6000.0,여,대구,0
8895,20.0,3000.0,남,부산,0
8896,50.0,4000.0,남,서울,0
8897,20.0,,nan,부산,0
8898,20.0,4000.0,남,서울,0
8899,30.0,4000.0,nan,대구,0
8900,30.0,4000.0,여,서울,0
8901,20.0,,남,부산,1
8902,40.0,,nan,부산,1
8903,30.0,6000.0,남,부산,0
8904,50.0,,여,서울,1
8905,,6000.0,nan,부산,1
8906,30.0,3000.0,nan,서울,0
8907,20.0,6000.0,nan,대구,1
8908,40.0,4000.0,여,서울,0
8909,,5000.0,nan,대구,1
8910,30.0,5000.0,여,서울,0
8911,40.0,4000.0,여,대구,0
8912,40.0,6000.0,남,부산,1
8913,40.0,4000.0,여,서울,0
8914,20.0,,nan,대구,0
8915,50.0,6000.0,nan,부산,0
8916,40.0,4000.0,여,부산,1
8917,,,여,대구,1
8918,30.0,,남,대구,0
8919,,6000.0,남,서울,0
8920,20.0,3000.0,nan,대구,0
8921,20.0,3000.0,여,대구,0
8922,,,nan,부산,1
8923,50.0,3000.0,여,대구,1
8924,20.0,,nan,대구,0
8925,20.0,3000.0,nan,대구,1
8926,,,nan,부산,1
8927,20.0,,여,부산,0
8928,50.0,,남,부산,0
8929,50.0,,남,부산,0
8930,50.0,5000.0,여,서울,0
8931,30.0,3000.0,남,부산,1
8932,50.0,,nan,부산,0
8933,50.0,4000.0,여,서울,1
8934,30.0,6000.0,여,서울,0
8935,40.0,4000.0,남,서울,1
8936,20.0,4000.0,남,대구,0
8937,50.0,5000.0,nan,부산,0
8938,20.0,3000.0,여,대구,0
8939,,5000.0,남,서울,1
8940,20.0,3000.0,여,서울,1
8941,30.0,,nan,서울,0
8942,20.0,5000.0,nan,서울,0
8943,20.0,6000.0,nan,대구,0
8944,20.0,3000.0,여,서울,1
8945,40.0,5000.0,여,부산,0
8946,40.0,6000.0,여,부산,0
8947,,4000.0,여,부산,0
8948,30.0,,여,대구,0
8949,20.0,,nan,서울,0
8950,20.0,4000.0,nan,대구,1
8951,20.0,5000.0,nan,부산,1
8952,20.0,4000.0,남,서울,1
8953,40.0,6000.0,nan,대구,0
8954,,3000.0,여,서울,0
8955,50.0,5000.0,nan,서울,1
8956,30.0,3000.0,남,대구,0
8957,20.0,4000.0,남,부산,0
8958,,,남,대구,0
8959,50.0,3000.0,남,대구,0
8960,,3000.0,남,부산,0
8961,40.0,,여,대구,1
8962,50.0,3000.0,nan,서울,1
8963,,3000.0,여,부산,0
8964,40.0,,여,대구,0
8965,,,남,서울,0
8966,,4000.0,nan,부산,0
8967,50.0,4000.0,nan,대구,1
8968,40.0,3000.0,nan,부산,0
8969,20.0,5000.0,남,서울,0
8970,30.0,4000.0,여,서울,0
8971,50.0,4000.0,nan,부산,1
8972,40.0,5000.0,여,서울,0
8973,,5000.0,nan,서울,0
8974,40.0,,nan,부산,0
8975,30.0,4000.0,nan,부산,0
8976,30.0,6000.0,nan,대구,0
8977,20.0,6000.0,남,대구,1
8978,20.0,3000.0,남,부산,0
8979,30.0,4000.0,여,서울,0
8980,50.0,6000.0,남,서울,1
8981,50.0,4000.0,nan,부산,0
8982,,4000.0,여,부산,1
8983,20.0,6000.0,여,부산,1
8984,,4000.0,여,서울,0
8985,20.0,5000.0,nan,대구,1
8986,30.0,3000.0,nan,대구,0
8987,50.0,,여,서울,0
8988,50.0,6000.0,남,대구,1
8989,30.0,,nan,부산,1
8990,,3000.0,nan,부산,0
8991,,5000.0,남,서울,0
8992,40.0,5000.0,여,서울,0
8993,20.0,5000.0,남,부산,1
8994,,5000.0,nan,부산,1
8995,30.0,6000.0,여,서울,0
8996,,6000.0,여,서울,0
8997,50.0,4000.0,남,부산,1
8998,20.0,4000.0,nan,부산,0
8999,40.0,3000.0,nan,대구,0
9000,20.0,4000.0,여,대구,0
9001,50.0,3000.0,nan,부산,0
9002,50.0,3000.0,여,서울,1
9003,50.0,3000.0,여,대구,1
9004,50.0,5000.0,여,대구,0
9005,30.0,,nan,부산,1
9006,40.0,,남,서울,0
9007,50.0,6000.0,여,서울,1
9008,50.0,3000.0,남,부산,0
9009,,5000.0,남,서울,1
9010,40.0,4000.0,남,부산,0
9011,20.0,4000.0,남,서울,0
9012,40.0,6000.0,남,부산,1
9013,40.0,6000.0,여,서울,0
9014,40.0,3000.0,nan,부산,1
9015,50.0,3000.0,남,부산,0
9016,50.0,4000.0,nan,서울,0
9017,30.0,4000.0,nan,부산,1
9018,20.0,4000.0,여,대구,0
9019,,4000.0,남,서울,0
9020,40.0,,nan,부산,0
9021,20.0,3000.0,nan,서울,0
9022,20.0,3000.0,남,서울,0
9023,30.0,4000.0,여,부산,0
9024,,5000.0,여,대구,0
9025,40.0,4000.0,남,서울,0
9026,,6000.0,nan,대구,1
9027,30.0,5000.0,여,대구,0
9028,50.0,6000.0,여,부산,0
9029,20.0,5000.0,nan,부산,0
9030,40.0,6000.0,nan,서울,0
9031,50.0,4000.0,nan,부산,0
9032,30.0,4000.0,nan,서울,0
9033,,5000.0,남,서울,1
9034,20.0,6000.0,nan,대구,1
9035,40.0,,여,부산,0
9036,50.0,5000.0,nan,부산,0
9037,50.0,5000.0,nan,서울,0
9038,20.0,3000.0,남,대구,0
9039,,5000.0,남,부산,1
9040,30.0,,nan,대구,1
9041,,4000.0,남,대구,0
9042,,6000.0,남,서울,1
9043,,3000.0,남,부산,1
9044,20.0,6000.0,남,부산,0
9045,20.0,4000.0,nan,부산,0
9046,30.0,5000.0,남,대구,1
9047,,,남,부산,0
9048,20.0,3000.0,여,서울,1
9049,30.0,,nan,대구,0
9050,30.0,,남,부산,0
9051,,,여,대구,0
9052,40.0,,남,대구,0
9053,,4000.0,nan,대구,0
9054,40.0,,여,서울,1
9055,30.0,,여,부산,1
9056,20.0,4000.0,nan,부산,1
9057,50.0,6000.0,여,대구,0
9058,30.0,4000.0,여,부산,0
9059,20.0,5000.0,남,대구,0
9060,30.0,4000.0,여,대구,0
9061,,6000.0,nan,대구,0
9062,40.0,5000.0,남,서울,0
9063,30.0,5000.0,여,부산,0
9064,20.0,3000.0,남,대구,0
9065,,,nan,부산,0
9066,50.0,5000.0,여,서울,0
9067,,5000.0,nan,서울,1
9068,40.0,6000.0,nan,대구,1
9069,,5000.0,여,서울,0
9070,50.0,6000.0,여,서울,1
9071,20.0,,남,서울,0
9072,30.0,3000.0,nan,서울,0
9073,40.0,3000.0,여,서울,0
9074,50.0,,nan,서울,1
9075,40.0,,여,부산,0
9076,,4000.0,nan,서울,0
9077,40.0,5000.0,남,부산,0
9078,50.0,5000.0,nan,대구,0
9079,30.0,5000.0,여,서울,0
9080,30.0,6000.0,남,서울,1
9081,40.0,4000.0,남,부산,1
9082,20.0,5000.0,여,서울,1
9083,40.0,6000.0,남,부산,1
9084,,6000.0,nan,부산,0
9085,30.0,3000.0,nan,서울,0
9086,30.0,6000.0,여,대구,0
9087,30.0,,nan,대구,0
9088,20.0,6000.0,여,대구,0
9089,20.0,,남,부산,1
9090,50.0,,nan,부산,0
9091,40.0,3000.0,여,서울,1
9092,40.0,3000.0,nan,부산,0
9093,,6000.0,남,대구,0
9094,30.0,3000.0,남,서울,0
9095,20.0,3000.0,nan,대구,0
9096,,5000.0,남,서울,0
9097,,6000.0,여,대구,0
9098,20.0,6000.0,nan,서울,0
9099,40.0,6000.0,nan,대구,0
9100,30.0,3000.0,남,부산,1
9101,40.0,3000.0,여,대구,0
9102,,,nan,서울,1
9103,30.0,4000.0,nan,대구,0
9104,50.0,4000.0,남,부산,0
9105,,4000.0,남,서울,1
9106,40.0,5000.0,여,부산,1
9107,40.0,3000.0,여,대구,1
9108,40.0,,남,서울,0
9109,20.0,,여,대구,0
9110,,4000.0,남,서울,0
9111,30.0,5000.0,nan,부산,0
9112,40.0,5000.0,남,부산,1
9113,40.0,4000.0,남,부산,0
9114,20.0,4000.0,남,대구,0
9115,30.0,3000.0,nan,서울,0
9116,,5000.0,여,부산,1
9117,50.0,,여,대구,0
9118,20.0,4000.0,여,대구,1
9119,,3000.0,남,서울,0
9120,50.0,,남,부산,1
9121,40.0,5000.0,여,대구,0
9122,40.0,4000.0,nan,부산,1
9123,30.0,4000.0,nan,서울,0
9124,50.0,3000.0,nan,부산,1
9125,40.0,3000.0,nan,부산,0
9126,40.0,5000.0,남,대구,0
9127,30.0,4000.0,여,대구,0
9128,,3000.0,nan,서울,1
9129,40.0,4000.0,남,서울,0
9130,20.0,5000.0,남,서울,0
9131,20.0,4000.0,남,대구,0
9132,,,여,서울,0
9133,50.0,4000.0,남,서울,0
9134,30.0,6000.0,여,대구,0
9135,20.0,6000.0,여,서울,0
9136,20.0,5000.0,여,대구,0
9137,,5000.0,여,서울,0
9138,50.0,5000.0,남,대구,0
9139,50.0,,남,부산,0
9140,,,남,대구,0
9141,20.0,4000.0,nan,대구,0
9142,30.0,3000.0,nan,대구,1
9143,20.0,6000.0,여,서울,0
9144,50.0,6000.0,여,대구,1
9145,20.0,6000.0,여,대구,0
9146,30.0,4000.0,여,서울,1
9147,40.0,4000.0,여,부산,0
9148,20.0,5000.0,nan,대구,0
9149,,3000.0,여,서울,0
9150,40.0,5000.0,남,부산,1
9151,,4000.0,여,대구,0
9152,,,남,부산,0
9153,,5000.0,남,대구,0
9154,20.0,4000.0,남,대구,1
9155,50.0,4000.0,남,부산,1
9156,40.0,,여,부산,0
9157,30.0,,여,부산,1
9158,50.0,,여,대구,0
9159,20.0,3000.0,여,대구,1
9160,,4000.0,여,서울,0
9161,30.0,,nan,서울,0
9162,40.0,3000.0,남,서울,0
9163,50.0,6000.0,남,대구,1
9164,50.0,6000.0,nan,부산,1
9165,30.0,6000.0,nan,서울,1
9166,20.0,4000.0,여,대구,0
9167,40.0,3000.0,여,부산,0
9168,30.0,3000.0,남,서울,0
9169,,6000.0,여,부산,1
9170,40.0,5000.0,남,부산,1
9171,50.0,6000.0,여,서울,0
9172,30.0,4000.0,여,서울,0
9173,50.0,6000.0,남,대구,1
9174,50.0,6000.0,nan,부산,0
9175,50.0,3000.0,nan,서울,0
9176,20.0,6000.0,여,서울,0
9177,50.0,,nan,부산,0
9178,,,여,부산,1
9179,,5000.0,nan,부산,1
9180,40.0,4000.0,nan,서울,0
9181,50.0,4000.0,남,서울,0
9182,50.0,3000.0,nan,대구,0
9183,30.0,4000.0,여,부산,1
9184,20.0,5000.0,남,서울,0
9185,40.0,,nan,서울,0
9186,50.0,3000.0,남,부산,1
9187,30.0,,nan,서울,1
9188,20.0,5000.0,여,부산,1
9189,40.0,3000.0,여,서울,1
9190,40.0,6000.0,남,부산,0
9191,50.0,4000.0,nan,부산,1
9192,40.0,5000.0,nan,서울,0
9193,30.0,3000.0,남,부산,0
9194,40.0,,남,대구,0
9195,,3000.0,여,대구,0
9196,30.0,6000.0,남,부산,0
9197,20.0,5000.0,nan,대구,1
9198,20.0,3000.0,남,서울,0
9199,50.0,5000.0,여,서울,1
9200,50.0,5000.0,남,부산,0
9201,,,nan,서울,0
9202,20.0,4000.0,남,서울,0
9203,20.0,6000.0,남,대구,1
9204,20.0,3000.0,남,서울,0
9205,20.0,4000.0,여,서울,1
9206,40.0,,여,대구,1
9207,30.0,4000.0,여,부산,1
9208,30.0,5000.0,여,부산,0
9209,,5000.0,nan,대구,0
9210,40.0,6000.0,nan,대구,1
9211,20.0,3000.0,여,서울,0
9212,20.0,3000.0,여,서울,0
9213,50.0,,여,부산,0
9214,50.0,6000.0,남,부산,1
9215,,3000.0,nan,대구,0
9216,20.0,5000.0,남,서울,0
9217,,6000.0,여,대구,0
9218,40.0,4000.0,nan,부산,1
9219,30.0,6000.0,여,부산,0
9220,20.0,6000.0,남,대구,0
9221,40.0,3000.0,nan,서울,0
9222,20.0,,남,서울,0
9223,50.0,,nan,대구,0
9224,,3000.0,여,부산,0
9225,50.0,3000.0,nan,대구,0
9226,30.0,3000.0,남,대구,0
9227,50.0,,남,서울,0
9228,20.0,3000.0,남,부산,1
9229,50.0,4000.0,남,부산,0
9230,20.0,4000.0,여,서울,0
9231,30.0,5000.0,남,부산,0
9232,50.0,4000.0,여,부산,0
9233,,6000.0,nan,서울,1
9234,,5000.0,남,부산,1
9235,,4000.0,nan,부산,0
9236,50.0,6000.0,nan,대구,1
9237,50.0,4000.0,여,부산,1
9238,50.0,6000.0,남,대구,0
9239,20.0,3000.0,여,대구,0
9240,30.0,6000.0,남,대구,0
9241,,3000.0,nan,서울,1
9242,20.0,6000.0,여,서울,0
9243,,6000.0,남,부산,0
9244,20.0,4000.0,nan,대구,1
9245,50.0,6000.0,여,부산,0
9246,,4000.0,여,부산,0
9247,50.0,6000.0,여,부산,0
9248,,,여,부산,0
9249,40.0,5000.0,nan,부산,0
9250,20.0,4000.0,nan,대구,0
9251,40.0,4000.0,nan,대구,0
9252,20.0,3000.0,nan,대구,1
9253,30.0,,남,대구,0
9254,,3000.0,nan,서울,0
9255,30.0,,여,대구,0
9256,30.0,,여,대구,1
9257,20.0,6000.0,여,대구,1
9258,40.0,3000.0,여,서울,0
9259,50.0,5000.0,남,부산,0
9260,20.0,,여,서울,1
9261,50.0,,여,대구,0
9262,30.0,4000.0,여,대구,0
9263,50.0,6000.0,nan,서울,0
9264,40.0,5000.0,nan,부산,1
9265,20.0,,남,서울,1
9266,40.0,4000.0,남,서울,0
9267,40.0,3000.0,남,대구,0
9268,20.0,,여,서울,1
9269,40.0,4000.0,남,서울,0
9270,,3000.0,nan,서울,0
9271,,6000.0,nan,서울,0
9272,,3000.0,nan,서울,0
9273,50.0,,여,서울,1
9274,40.0,5000.0,여,대구,0
9275,20.0,3000.0,남,대구,0
9276,20.0,5000.0,남,대구,0
9277,50.0,5000.0,남,대구,1
9278,20.0,3000.0,남,서울,1
9279,,6000.0,여,서울,0
9280,40.0,3000.0,nan,서울,1
9281,20.0,4000.0,여,서울,0
9282,20.0,5000.0,남,대구,1
9283,30.0,,여,대구,0
9284,30.0,5000.0,nan,서울,0
9285,30.0,,여,서울,0
9286,40.0,4000.0,nan,서울,0
9287,,4000.0,남,서울,1
9288,,4000.0,여,부산,1
9289,,3000.0,남,부산,0
9290,40.0,5000.0,남,부산,0
9291,40.0,,nan,부산,1
9292,30.0,4000.0,nan,서울,0
9293,20.0,4000.0,남,서울,0
9294,50.0,,nan,서울,1
9295,50.0,5000.0,nan,부산,0
9296,20.0,5000.0,남,부산,0
9297,30.0,,남,서울,0
9298,20.0,6000.0,nan,부산,0
9299,20.0,5000.0,남,대구,1
9300,50.0,,남,부산,0
9301,30.0,,nan,부산,0
9302,40.0,4000.0,여,부산,0
9303,50.0,,여,부산,0
9304,40.0,3000.0,남,서울,0
9305,30.0,4000.0,nan,대구,1
9306,20.0,4000.0,남,서울,0
9307,,5000.0,nan,부산,1
9308,,6000.0,남,부산,0
9309,30.0,5000.0,남,부산,0
9310,,3000.0,nan,부산,1
9311,40.0,4000.0,남,부산,0
9312,,4000.0,여,대구,0
9313,30.0,,여,서울,0
9314,30.0,6000.0,nan,부산,0
9315,40.0,6000.0,남,대구,1
9316,,,여,서울,0
9317,,3000.0,nan,서울,1
9318,20.0,6000.0,nan,서울,0
9319,50.0,4000.0,nan,부산,0
9320,30.0,3000.0,여,부산,1
9321,20.0,5000.0,여,대구,1
9322,30.0,5000.0,여,대구,1
9323,20.0,3000.0,여,서울,0
9324,50.0,4000.0,남,부산,0
9325,20.0,5000.0,여,서울,0
9326,30.0,4000.0,nan,서울,0
9327,,,남,대구,0
9328,30.0,6000.0,여,부산,1
9329,40.0,3000.0,남,대구,1
9330,40.0,6000.0,nan,부산,0
9331,40.0,,여,서울,0
9332,40.0,5000.0,남,서울,1
9333,50.0,4000.0,여,서울,0
9334,,4000.0,남,부산,0
9335,,,남,서울,0
9336,30.0,3000.0,nan,부산,0
9337,20.0,6000.0,nan,부산,0
9338,30.0,5000.0,여,대구,0
9339,30.0,3000.0,여,서울,0
9340,30.0,,남,대구,0
9341,30.0,,nan,부산,0
9342,,4000.0,nan,서울,0
9343,20.0,5000.0,남,서울,1
9344,30.0,3000.0,nan,부산,0
9345,,4000.0,nan,서울,0
9346,30.0,5000.0,남,부산,1
9347,40.0,6000.0,여,서울,0
9348,30.0,6000.0,여,서울,0
9349,30.0,4000.0,여,부산,1
9350,50.0,3000.0,남,대구,0
9351,40.0,5000.0,여,부산,1
9352,20.0,6000.0,남,서울,1
9353,30.0,6000.0,남,부산,0
9354,20.0,3000.0,nan,부산,0
9355,40.0,4000.0,nan,부산,0
9356,30.0,,여,서울,0
9357,50.0,5000.0,남,대구,1
9358,,6000.0,여,대구,0
9359,50.0,,여,서울,0
9360,50.0,3000.0,nan,대구,0
9361,,4000.0,여,부산,0
9362,,5000.0,여,부산,0
9363,,3000.0,nan,대구,0
9364,30.0,4000.0,여,대구,1
9365,20.0,3000.0,여,대구,0
9366,20.0,6000.0,남,부산,0
9367,,6000.0,여,부산,0
9368,50.0,,nan,서울,0
9369,40.0,3000.0,nan,서울,0
9370,,6000.0,남,부산,0
9371,50.0,4000.0,nan,부산,0
9372,50.0,,nan,서울,0
9373,30.0,5000.0,nan,서울,0
9374,30.0,3000.0,여,부산,1
9375,20.0,6000.0,남,대구,0
9376,20.0,4000.0,남,부산,1
9377,40.0,3000.0,남,대구,0
9378,40.0,4000.0,남,부산,1
9379,40.0,,nan,서울,0
9380,40.0,6000.0,여,서울,0
9381,50.0,6000.0,nan,서울,1
9382,50.0,,nan,부산,1
9383,20.0,4000.0,nan,부산,1
9384,30.0,3000.0,nan,부산,0
9385,30.0,4000.0,남,대구,0
9386,,3000.0,남,부산,0
9387,50.0,,여,대구,0
9388,40.0,5000.0,nan,대구,1
9389,40.0,3000.0,남,대구,0
9390,,6000.0,여,서울,0
9391,30.0,6000.0,nan,대구,0
9392,40.0,6000.0,nan,대구,0
9393,30.0,4000.0,남,서울,0
9394,,4000.0,nan,대구,0
9395,30.0,4000.0,nan,부산,0
9396,30.0,6000.0,남,부산,0
9397,30.0,3000.0,여,서울,0
9398,40.0,6000.0,여,서울,0
9399,20.0,3000.0,남,대구,1
9400,50.0,4000.0,남,대구,0
9401,30.0,5000.0,여,대구,0
9402,30.0,4000.0,여,서울,0
9403,30.0,,남,대구,1
9404,20.0,3000.0,남,부산,0
9405,,5000.0,남,부산,1
9406,40.0,4000.0,nan,대구,0
9407,20.0,5000.0,남,서울,0
9408,30.0,6000.0,nan,부산,0
9409,20.0,3000.0,여,서울,0
9410,20.0,,여,부산,0
9411,20.0,6000.0,남,대구,0
9412,,5000.0,남,대구,0
9413,50.0,4000.0,여,서울,0
9414,40.0,3000.0,여,대구,0
9415,,,여,서울,1
9416,,4000.0,여,서울,0
9417,50.0,,남,부산,0
9418,,3000.0,nan,부산,0
9419,20.0,5000.0,여,대구,0
9420,20.0,,여,서울,1
9421,30.0,3000.0,nan,부산,0
9422,,,남,대구,0
9423,30.0,4000.0,nan,대구,0
9424,40.0,,남,부산,0
9425,20.0,4000.0,남,대구,1
9426,40.0,4000.0,남,부산,0
9427,50.0,3000.0,남,서울,1
9428,20.0,6000.0,남,대구,1
9429,40.0,,여,서울,1
9430,50.0,5000.0,남,부산,0
9431,40.0,4000.0,여,서울,0
9432,50.0,6000.0,남,부산,0
9433,50.0,4000.0,여,대구,1
9434,20.0,6000.0,nan,대구,0
9435,30.0,6000.0,nan,대구,1
9436,50.0,5000.0,여,서울,1
9437,50.0,6000.0,남,서울,1
9438,20.0,5000.0,여,서울,0
9439,30.0,3000.0,여,부산,0
9440,,4000.0,남,대구,0
9441,,5000.0,nan,서울,0
9442,30.0,4000.0,여,부산,1
9443,40.0,,nan,서울,1
9444,20.0,3000.0,nan,부산,0
9445,30.0,,nan,대구,0
9446,,,여,서울,0
9447,50.0,6000.0,여,대구,0
9448,,6000.0,남,서울,0
9449,50.0,,남,부산,0
9450,20.0,6000.0,여,대구,1
9451,50.0,4000.0,남,서울,1
9452,30.0,6000.0,nan,서울,0
9453,50.0,,nan,대구,0
9454,40.0,6000.0,여,부산,0
9455,30.0,6000.0,nan,대구,1
9456,20.0,5000.0,여,서울,0
9457,30.0,5000.0,여,대구,0
9458,40.0,,여,대구,0
9459,20.0,4000.0,nan,부산,0
9460,,3000.0,여,부산,1
9461,40.0,3000.0,여,대구,1
9462,20.0,,남,부산,0
9463,50.0,4000.0,nan,부산,1
9464,30.0,4000.0,여,서울,0
9465,20.0,4000.0,남,부산,0
9466,30.0,5000.0,여,대구,1
9467,50.0,,nan,대구,0
9468,20.0,3000.0,남,서울,0
9469,,4000.0,남,서울,1
9470,40.0,,여,서울,0
9471,20.0,3000.0,여,대구,0
9472,50.0,5000.0,nan,대구,0
9473,20.0,6000.0,nan,부산,0
9474,30.0,3000.0,여,서울,0
9475,20.0,3000.0,남,부산,0
9476,,3000.0,nan,부산,0
9477,20.0,6000.0,nan,대구,1
9478,40.0,4000.0,남,부산,1
9479,20.0,6000.0,여,서울,0
9480,30.0,3000.0,nan,서울,1
9481,20.0,5000.0,남,대구,0
9482,,3000.0,nan,대구,1
9483,50.0,5000.0,남,대구,1
9484,20.0,,nan,서울,0
9485,20.0,5000.0,여,대구,0
9486,40.0,3000.0,남,서울,1
9487,,6000.0,nan,부산,0
9488,50.0,3000.0,nan,대구,0
9489,30.0,3000.0,남,대구,0
9490,20.0,,남,대구,0
9491,50.0,4000.0,여,서울,0
9492,30.0,3000.0,남,부산,0
9493,,,nan,대구,0
9494,,6000.0,여,부산,0
9495,50.0,,남,대구,0
9496,30.0,,nan,서울,1
9497,,5000.0,남,부산,1
9498,50.0,4000.0,nan,부산,0
9499,,4000.0,nan,대구,1
9500,,6000.0,여,부산,1
9501,,,여,서울,1
9502,40.0,6000.0,남,부산,1
9503,30.0,6000.0,여,부산,1
9504,50.0,4000.0,남,부산,0
9505,50.0,4000.0,여,부산,0
9506,30.0,4000.0,여,대구,0
9507,30.0,3000.0,남,대구,0
9508,30.0,,여,부산,1
9509,30.0,6000.0,여,부산,0
9510,20.0,,여,서울,1
9511,50.0,6000.0,여,대구,1
9512,20.0,6000.0,남,대구,0
9513,,6000.0,nan,대구,0
9514,,6000.0,남,부산,0
9515,50.0,5000.0,남,대구,0
9516,,5000.0,남,서울,1
9517,30.0,3000.0,여,서울,1
9518,20.0,4000.0,여,서울,0
9519,30.0,6000.0,nan,서울,0
9520,,,여,서울,0
9521,20.0,5000.0,nan,대구,0
9522,30.0,4000.0,nan,부산,1
9523,50.0,3000.0,여,부산,0
9524,30.0,4000.0,nan,부산,0
9525,,6000.0,남,부산,0
9526,20.0,4000.0,남,대구,0
9527,50.0,6000.0,남,대구,0
9528,20.0,5000.0,nan,대구,0
9529,50.0,5000.0,nan,서울,0
9530,20.0,6000.0,남,부산,0
9531,,,여,대구,0
9532,50.0,5000.0,남,대구,0
9533,40.0,,여,대구,1
9534,20.0,6000.0,여,부산,1
9535,20.0,6000.0,nan,부산,0
9536,30.0,5000.0,nan,서울,1
9537,50.0,,여,서울,1
9538,40.0,6000.0,여,서울,0
9539,,5000.0,여,부산,1
9540,30.0,6000.0,nan,서울,0
9541,40.0,4000.0,남,서울,1
9542,50.0,4000.0,여,대구,0
9543,40.0,5000.0,nan,부산,1
9544,20.0,6000.0,남,서울,0
9545,20.0,5000.0,nan,서울,0
9546,30.0,3000.0,남,부산,0
9547,50.0,5000.0,nan,서울,0
9548,50.0,5000.0,남,부산,0
9549,40.0,4000.0,여,부산,0
9550,30.0,4000.0,nan,부산,0
9551,50.0,6000.0,남,서울,0
9552,20.0,5000.0,남,서울,0
9553,40.0,5000.0,남,서울,0
9554,,6000.0,여,부산,0
9555,20.0,,nan,서울,0
9556,30.0,6000.0,남,대구,0
9557,50.0,4000.0,여,부산,0
9558,20.0,4000.0,여,서울,0
9559,,5000.0,여,부산,0
9560,,4000.0,여,서울,0
9561,30.0,6000.0,여,부산,0
9562,20.0,5000.0,여,대구,0
9563,40.0,6000.0,여,부산,0
9564,20.0,6000.0,nan,부산,0
9565,,5000.0,nan,부산,1
9566,30.0,,여,서울,1
9567,30.0,4000.0,남,부산,1
9568,40.0,3000.0,남,서울,0
9569,30.0,3000.0,남,부산,0
9570,30.0,3000.0,여,서울,1
9571,30.0,4000.0,남,서울,0
9572,30.0,,nan,서울,0
9573,30.0,6000.0,nan,서울,0
9574,,5000.0,nan,부산,0
9575,20.0,,nan,부산,0
9576,50.0,3000.0,여,서울,1
9577,30.0,4000.0,nan,서울,1
9578,50.0,4000.0,남,서울,0
9579,50.0,5000.0,남,대구,1
9580,,6000.0,nan,대구,0
9581,30.0,,nan,부산,0
9582,50.0,,nan,대구,0
9583,30.0,,남,대구,0
9584,40.0,6000.0,남,서울,0
9585,40.0,6000.0,nan,서울,0
9586,40.0,6000.0,남,대구,0
9587,50.0,5000.0,남,대구,0
9588,40.0,4000.0,여,대구,1
9589,,3000.0,nan,서울,1
9590,,6000.0,nan,부산,0
9591,50.0,4000.0,여,대구,0
9592,30.0,6000.0,여,부산,1
9593,20.0,3000.0,남,부산,1
9594,30.0,6000.0,여,대구,0
9595,30.0,4000.0,nan,부산,0
9596,30.0,5000.0,nan,서울,0
9597,30.0,3000.0,nan,대구,0
9598,20.0,4000.0,남,대구,1
9599,40.0,,남,대구,0
9600,30.0,,nan,대구,1
9601,,,nan,서울,0
9602,50.0,5000.0,남,서울,0
9603,50.0,6000.0,남,부산,0
9604,,6000.0,여,대구,0
9605,30.0,6000.0,남,대구,0
9606,20.0,5000.0,남,부산,0
9607,40.0,,nan,서울,1
9608,50.0,6000.0,nan,대구,0
9609,40.0,5000.0,nan,부산,0
9610,20.0,5000.0,여,서울,0
9611,50.0,4000.0,남,부산,0
9612,40.0,6000.0,여,부산,0
9613,20.0,,남,서울,0
9614,40.0,3000.0,남,대구,0
9615,30.0,5000.0,nan,서울,1
9616,20.0,4000.0,남,대구,0
9617,40.0,3000.0,여,서울,0
9618,30.0,5000.0,nan,대구,0
9619,30.0,4000.0,여,대구,0
9620,20.0,6000.0,여,부산,0
9621,,4000.0,nan,부산,0
9622,50.0,5000.0,남,대구,0
9623,20.0,6000.0,여,서울,0
9624,30.0,,남,대구,1
9625,30.0,4000.0,nan,서울,0
9626,20.0,3000.0,남,대구,0
9627,,6000.0,남,서울,0
9628,50.0,6000.0,nan,부산,0
9629,40.0,,남,서울,0
9630,20.0,4000.0,여,부산,0
9631,50.0,3000.0,여,서울,1
9632,50.0,,여,부산,0
9633,30.0,4000.0,남,서울,0
9634,40.0,3000.0,여,대구,0
9635,20.0,3000.0,남,서울,0
9636,30.0,5000.0,남,부산,0
9637,30.0,3000.0,남,부산,1
9638,,4000.0,남,서울,1
9639,50.0,,nan,대구,1
9640,20.0,,여,서울,0
9641,20.0,5000.0,여,서울,0
9642,20.0,4000.0,남,부산,1
9643,30.0,3000.0,nan,대구,1
9644,,5000.0,남,대구,0
9645,40.0,6000.0,여,대구,1
9646,30.0,4000.0,여,대구,1
9647,40.0,5000.0,nan,서울,0
9648,,,남,대구,0
9649,50.0,5000.0,nan,대구,0
9650,20.0,6000.0,남,대구,1
9651,40.0,4000.0,nan,부산,0
9652,30.0,5000.0,여,부산,0
9653,40.0,3000.0,nan,부산,0
9654,50.0,4000.0,여,대구,0
9655,20.0,5000.0,여,서울,0
9656,40.0,5000.0,남,서울,0
9657,50.0,4000.0,nan,부산,0
9658,30.0,,nan,부산,1
9659,,3000.0,nan,대구,0
9660,30.0,4000.0,nan,부산,0
9661,20.0,3000.0,남,부산,0
9662,30.0,3000.0,남,부산,0
9663,30.0,4000.0,남,부산,1
9664,30.0,5000.0,여,서울,0
9665,30.0,,여,대구,0
9666,20.0,3000.0,여,서울,0
9667,50.0,3000.0,남,부산,0
9668,40.0,5000.0,여,대구,1
9669,,4000.0,nan,대구,0
9670,40.0,,여,서울,0
9671,40.0,3000.0,남,서울,1
9672,,3000.0,남,부산,0
9673,20.0,4000.0,남,서울,0
9674,,5000.0,남,부산,0
9675,20.0,6000.0,nan,부산,1
9676,40.0,5000.0,여,부산,1
9677,20.0,3000.0,여,대구,0
9678,50.0,3000.0,남,대구,0
9679,,,여,서울,0
9680,50.0,5000.0,nan,서울,0
9681,40.0,6000.0,남,대구,1
9682,,,여,서울,0
9683,40.0,6000.0,여,부산,0
9684,50.0,,여,부산,0
9685,40.0,5000.0,여,대구,0
9686,,3000.0,남,서울,0
9687,,6000.0,남,서울,0
9688,40.0,5000.0,nan,대구,0
9689,,6000.0,남,부산,0
9690,,5000.0,여,부산,0
9691,40.0,,여,서울,0
9692,50.0,5000.0,여,대구,0
9693,,,nan,대구,0
9694,,3000.0,남,부산,0
9695,,,남,부산,1
9696,,4000.0,남,서울,0
9697,40.0,3000.0,여,대구,1
9698,50.0,5000.0,여,서울,1
9699,50.0,5000.0,여,서울,0
9700,20.0,4000.0,nan,대구,1
9701,,5000.0,nan,대구,1
9702,,3000.0,여,부산,1
9703,20.0,3000.0,nan,대구,0
9704,50.0,,nan,서울,0
9705,30.0,6000.0,nan,서울,0
9706,30.0,5000.0,남,대구,0
9707,50.0,4000.0,nan,서울,1
9708,,3000.0,여,대구,0
9709,30.0,3000.0,남,부산,0
9710,40.0,3000.0,nan,부산,1
9711,40.0,6000.0,여,대구,1
9712,20.0,6000.0,nan,서울,0
9713,50.0,5000.0,여,대구,1
9714,50.0,4000.0,여,대구,0
9715,30.0,6000.0,nan,부산,0
9716,,,nan,대구,1
9717,50.0,6000.0,남,부산,1
9718,30.0,3000.0,nan,부산,0
9719,30.0,4000.0,여,대구,0
9720,50.0,5000.0,남,대구,0
9721,30.0,6000.0,여,대구,0
9722,20.0,3000.0,여,대구,0
9723,20.0,,nan,부산,0
9724,50.0,,여,대구,0
9725,,5000.0,nan,부산,0
9726,20.0,5000.0,여,부산,1
9727,20.0,6000.0,남,서울,0
9728,50.0,5000.0,nan,부산,1
9729,40.0,3000.0,남,서울,0
9730,30.0,3000.0,nan,대구,0
9731,20.0,3000.0,남,서울,0
9732,40.0,6000.0,nan,대구,1
9733,,6000.0,남,부산,1
9734,40.0,5000.0,남,서울,0
9735,50.0,6000.0,nan,대구,0
9736,,3000.0,nan,대구,0
9737,,4000.0,여,서울,0
9738,40.0,3000.0,여,서울,0
9739,50.0,4000.0,nan,대구,0
9740,20.0,5000.0,nan,대구,0
9741,40.0,,남,부산,0
9742,20.0,6000.0,남,대구,0
9743,40.0,6000.0,여,서울,0
9744,20.0,3000.0,여,대구,0
9745,40.0,3000.0,여,대구,0
9746,,4000.0,남,서울,1
9747,30.0,6000.0,남,부산,0
9748,,5000.0,남,대구,0
9749,20.0,3000.0,여,서울,0
9750,50.0,6000.0,nan,서울,0
9751,,,여,서울,0
9752,30.0,4000.0,남,서울,0
9753,20.0,3000.0,여,부산,1
9754,,3000.0,여,서울,1
9755,40.0,5000.0,여,대구,1
9756,50.0,3000.0,여,부산,0
9757,20.0,6000.0,남,서울,0
9758,,6000.0,여,대구,0
9759,20.0,6000.0,남,부산,0
9760,40.0,,여,대구,0
9761,30.0,,남,부산,1
9762,,3000.0,nan,서울,0
9763,20.0,,남,대구,0
9764,20.0,,남,서울,0
9765,20.0,5000.0,nan,부산,0
9766,30.0,,nan,서울,0
9767,20.0,4000.0,nan,서울,0
9768,50.0,4000.0,nan,대구,0
9769,50.0,4000.0,nan,서울,1
9770,20.0,3000.0,nan,서울,0
9771,50.0,6000.0,여,서울,0
9772,,5000.0,여,부산,0
9773,50.0,3000.0,nan,대구,1
9774,20.0,6000.0,남,대구,0
9775,40.0,5000.0,남,서울,1
9776,,5000.0,nan,대구,0
9777,30.0,5000.0,여,부산,1
9778,20.0,4000.0,여,부산,0
9779,30.0,4000.0,남,서울,0
9780,40.0,4000.0,nan,서울,0
9781,30.0,5000.0,여,부산,1
9782,20.0,5000.0,nan,부산,1
9783,20.0,4000.0,nan,부산,0
9784,40.0,5000.0,남,서울,0
9785,20.0,4000.0,nan,부산,0
9786,40.0,4000.0,nan,서울,0
9787,40.0,4000.0,남,부산,0
9788,20.0,6000.0,여,부산,0
9789,50.0,5000.0,nan,대구,0
9790,40.0,3000.0,남,부산,1
9791,20.0,4000.0,여,서울,0
9792,50.0,3000.0,nan,부산,0
9793,40.0,6000.0,여,대구,0
9794,50.0,5000.0,남,부산,0
9795,,4000.0,nan,부산,0
9796,,4000.0,남,부산,0
9797,50.0,4000.0,남,서울,1
9798,40.0,3000.0,nan,부산,0
9799,20.0,6000.0,남,부산,0
9800,30.0,5000.0,여,부산,0
9801,20.0,6000.0,남,대구,0
9802,30.0,4000.0,nan,서울,0
9803,30.0,6000.0,nan,서울,0
9804,40.0,3000.0,여,대구,0
9805,50.0,,nan,서울,1
9806,20.0,,남,대구,1
9807,50.0,5000.0,남,부산,0
9808,,5000.0,nan,서울,0
9809,40.0,6000.0,여,부산,0
9810,40.0,5000.0,여,부산,0
9811,,3000.0,nan,서울,0
9812,20.0,4000.0,남,부산,0
9813,,4000.0,nan,부산,0
9814,20.0,6000.0,nan,대구,0
9815,30.0,4000.0,여,서울,1
9816,40.0,6000.0,남,부산,1
9817,20.0,5000.0,여,대구,0
9818,50.0,5000.0,여,서울,0
9819,50.0,3000.0,남,부산,0
9820,40.0,4000.0,남,부산,1
9821,,3000.0,남,부산,1
9822,,,nan,부산,1
9823,20.0,3000.0,남,부산,0
9824,,6000.0,nan,서울,0
9825,40.0,6000.0,여,서울,0
9826,20.0,3000.0,남,대구,1
9827,30.0,5000.0,nan,대구,1
9828,,,nan,대구,0
9829,,3000.0,nan,서울,0
9830,20.0,5000.0,nan,서울,1
9831,50.0,3000.0,여,서울,0
9832,,4000.0,남,부산,1
9833,40.0,6000.0,남,서울,0
9834,,4000.0,남,서울,0
9835,30.0,4000.0,남,부산,0
9836,,,남,대구,0
9837,50.0,5000.0,남,대구,0
9838,,6000.0,nan,대구,1
9839,20.0,4000.0,남,부산,1
9840,,6000.0,nan,부산,0
9841,50.0,5000.0,여,부산,0
9842,20.0,3000.0,nan,서울,0
9843,40.0,4000.0,여,대구,0
9844,20.0,5000.0,남,부산,1
9845,30.0,6000.0,여,부산,0
9846,20.0,5000.0,여,대구,0
9847,40.0,3000.0,nan,대구,1
9848,,5000.0,nan,서울,0
9849,20.0,6000.0,여,대구,1
9850,20.0,4000.0,여,부산,0
9851,20.0,4000.0,남,서울,1
9852,20.0,,nan,대구,1
9853,40.0,6000.0,여,서울,1
9854,50.0,,nan,부산,1
9855,50.0,,남,부산,0
9856,20.0,3000.0,남,부산,0
9857,40.0,6000.0,여,부산,0
9858,40.0,4000.0,남,서울,1
9859,20.0,6000.0,여,서울,0
9860,30.0,3000.0,nan,부산,1
9861,20.0,6000.0,nan,서울,0
9862,30.0,6000.0,여,부산,1
9863,20.0,,여,부산,0
9864,30.0,6000.0,여,대구,0
9865,30.0,,nan,서울,0
9866,20.0,,nan,대구,0
9867,30.0,5000.0,남,부산,0
9868,,3000.0,남,대구,0
9869,50.0,,nan,부산,0
9870,40.0,6000.0,nan,부산,1
9871,30.0,,여,부산,0
9872,30.0,,nan,서울,0
9873,40.0,,nan,부산,1
9874,30.0,4000.0,남,부산,1
9875,40.0,4000.0,남,서울,0
9876,20.0,4000.0,여,서울,1
9877,,4000.0,남,부산,1
9878,,5000.0,여,서울,1
9879,50.0,,nan,부산,1
9880,30.0,5000.0,nan,대구,0
9881,50.0,6000.0,여,서울,0
9882,20.0,3000.0,남,대구,0
9883,,5000.0,남,부산,0
9884,20.0,4000.0,nan,서울,0
9885,20.0,4000.0,남,서울,0
9886,30.0,6000.0,여,부산,0
9887,20.0,,nan,서울,0
9888,,3000.0,남,서울,0
9889,50.0,5000.0,nan,서울,0
9890,,,nan,대구,1
9891,30.0,,남,부산,0
9892,,5000.0,여,부산,1
9893,40.0,5000.0,남,부산,0
9894,50.0,5000.0,남,서울,0
9895,40.0,5000.0,남,서울,0
9896,40.0,4000.0,남,서울,0
9897,30.0,,남,부산,0
9898,20.0,,남,대구,1
9899,40.0,4000.0,여,부산,1
9900,,,nan,부산,1
9901,20.0,5000.0,여,대구,0
9902,,3000.0,남,서울,0
9903,,,여,서울,0
9904,20.0,3000.0,nan,부산,0
9905,20.0,3000.0,여,대구,0
9906,,4000.0,남,부산,0
9907,30.0,6000.0,nan,부산,1
9908,50.0,,남,대구,0
9909,50.0,4000.0,남,대구,1
9910,30.0,4000.0,nan,서울,0
9911,20.0,3000.0,nan,부산,0
9912,,,남,대구,1
9913,50.0,4000.0,여,대구,0
9914,,5000.0,nan,대구,0
9915,30.0,4000.0,여,대구,0
9916,,5000.0,여,부산,0
9917,30.0,6000.0,nan,부산,0
9918,20.0,5000.0,여,부산,0
9919,30.0,5000.0,nan,대구,0
9920,30.0,3000.0,nan,서울,1
9921,50.0,4000.0,nan,대구,0
9922,,6000.0,nan,부산,0
9923,50.0,4000.0,여,부산,0
9924,40.0,5000.0,여,부산,1
9925,30.0,5000.0,nan,서울,0
9926,40.0,4000.0,nan,서울,0
9927,50.0,6000.0,nan,부산,0
9928,,6000.0,nan,대구,1
9929,50.0,3000.0,남,부산,0
9930,,5000.0,여,부산,0
9931,,5000.0,여,서울,0
9932,20.0,3000.0,nan,서울,0
9933,30.0,4000.0,남,서울,0
9934,50.0,5000.0,남,서울,1
9935,,4000.0,남,부산,0
9936,50.0,6000.0,nan,대구,0
9937,50.0,,남,부산,0
9938,,3000.0,nan,부산,0
9939,40.0,5000.0,남,대구,0
9940,30.0,3000.0,nan,부산,0
9941,30.0,6000.0,nan,대구,1
9942,20.0,6000.0,여,서울,0
9943,20.0,6000.0,nan,서울,0
9944,20.0,6000.0,남,서울,0
9945,30.0,,여,대구,1
9946,40.0,4000.0,남,부산,1
9947,30.0,4000.0,nan,서울,1
9948,30.0,,여,서울,0
9949,30.0,4000.0,nan,부산,0
9950,30.0,6000.0,nan,서울,0
9951,40.0,4000.0,남,서울,0
9952,20.0,3000.0,남,대구,0
9953,50.0,4000.0,남,부산,1
9954,20.0,3000.0,여,대구,0
9955,20.0,5000.0,남,서울,0
9956,50.0,3000.0,nan,서울,0
9957,30.0,3000.0,여,부산,0
9958,40.0,6000.0,남,서울,0
9959,40.0,6000.0,남,대구,0
9960,20.0,6000.0,남,대구,0
9961,50.0,3000.0,nan,부산,1
9962,,,남,부산,1
9963,30.0,6000.0,nan,서울,0
9964,20.0,6000.0,여,부산,0
9965,40.0,3000.0,남,부산,0
9966,50.0,5000.0,nan,서울,0
9967,50.0,5000.0,남,서울,1
9968,20.0,4000.0,남,대구,0
9969,,5000.0,여,대구,0
9970,40.0,6000.0,여,부산,0
9971,20.0,,nan,서울,0
9972,,4000.0,nan,부산,0
9973,50.0,,nan,대구,0
9974,30.0,,여,부산,1
9975,40.0,6000.0,nan,대구,0
9976,40.0,3000.0,여,대구,0
9977,,3000.0,여,부산,1
9978,20.0,3000.0,남,대구,0
9979,50.0,5000.0,남,대구,1
9980,,3000.0,nan,서울,0
9981,30.0,6000.0,여,부산,1
9982,30.0,5000.0,여,부산,0
9983,30.0,3000.0,여,부산,0
9984,,,남,대구,1
9985,50.0,6000.0,여,대구,1
9986,40.0,6000.0,nan,대구,0
9987,20.0,4000.0,nan,부산,0
9988,40.0,6000.0,남,서울,1
9989,50.0,,nan,부산,0
9990,40.0,6000.0,여,부산,0
9991,,4000.0,여,부산,0
9992,30.0,6000.0,nan,서울,0
9993,50.0,6000.0,남,부산,0
9994,50.0,4000.0,여,서울,1
9995,40.0,6000.0,여,서울,1
9996,,5000.0,남,부산,1
9997,40.0,6000.0,여,부산,0
9998,40.0,3000.0,nan,부산,0
9999,50.0,3000.0,nan,대구,0
10000,40.0,5000.0,남,서울,0
10001,30.0,6000.0,남,부산,0
10002,40.0,,nan,서울,0
10003,30.0,6000.0,남,대구,0
10004,50.0,3000.0,nan,대구,0
10005,,4000.0,남,부산,0
10006,30.0,5000.0,nan,서울,1
10007,,4000.0,여,대구,1
10008,,,여,대구,1
10009,30.0,6000.0,nan,서울,1
10010,50.0,,여,대구,0
10011,20.0,4000.0,nan,서울,1
10012,,6000.0,남,부산,1
10013,,,여,서울,0
10014,50.0,3000.0,여,부산,1
10015,50.0,3000.0,여,서울,0
10016,40.0,5000.0,nan,대구,0
10017,50.0,3000.0,여,부산,0
10018,,3000.0,남,서울,0
10019,30.0,4000.0,여,부산,0
10020,20.0,3000.0,남,서울,0
10021,40.0,3000.0,여,서울,0
10022,30.0,4000.0,여,부산,0
10023,20.0,3000.0,남,부산,1
10024,20.0,3000.0,여,부산,1
10025,20.0,5000.0,남,대구,1
10026,30.0,3000.0,남,서울,0
10027,40.0,3000.0,남,서울,0
10028,40.0,5000.0,여,부산,0
10029,20.0,4000.0,여,서울,0
10030,30.0,3000.0,남,서울,0
10031,20.0,,여,서울,0
10032,50.0,4000.0,nan,부산,0
10033,40.0,4000.0,남,서울,0
10034,,3000.0,남,서울,0
10035,20.0,5000.0,nan,대구,0
10036,50.0,4000.0,nan,대구,1
10037,40.0,5000.0,남,부산,0
10038,30.0,,nan,서울,1
10039,40.0,5000.0,남,서울,0
10040,30.0,6000.0,여,대구,1
10041,30.0,5000.0,nan,부산,0
10042,20.0,4000.0,남,부산,0
10043,20.0,5000.0,남,서울,0
10044,40.0,5000.0,남,대구,1
10045,50.0,6000.0,nan,대구,0
10046,40.0,6000.0,여,대구,0
10047,,3000.0,여,서울,0
10048,30.0,4000.0,nan,서울,0
10049,30.0,3000.0,남,서울,0
10050,20.0,6000.0,남,대구,1
10051,50.0,5000.0,남,부산,0
10052,20.0,6000.0,nan,서울,0
10053,,,nan,서울,0
10054,40.0,5000.0,남,부산,0
10055,40.0,3000.0,남,부산,0
10056,50.0,5000.0,남,대구,0
10057,20.0,,nan,서울,0
10058,20.0,6000.0,nan,대구,1
10059,,4000.0,여,서울,0
10060,40.0,4000.0,남,대구,0
10061,20.0,4000.0,남,대구,1
10062,50.0,6000.0,여,부산,0
10063,40.0,4000.0,남,서울,0
10064,,,여,부산,0
10065,50.0,6000.0,nan,부산,0
10066,30.0,4000.0,여,부산,0
10067,,3000.0,여,서울,0
10068,50.0,6000.0,nan,대구,0
10069,20.0,6000.0,남,대구,1
10070,30.0,5000.0,여,서울,0
10071,,4000.0,여,서울,1
10072,20.0,3000.0,남,대구,1
10073,30.0,,여,대구,0
10074,40.0,6000.0,nan,부산,1
10075,20.0,,여,대구,0
10076,50.0,,남,부산,0
10077,,,남,대구,1
10078,30.0,5000.0,여,대구,0
10079,20.0,,남,대구,0
10080,40.0,4000.0,남,부산,0
10081,,4000.0,여,부산,0
10082,,3000.0,여,대구,0
10083,20.0,3000.0,남,부산,0
10084,40.0,,여,부산,1
10085,30.0,,nan,부산,0
10086,20.0,5000.0,여,부산,1
10087,30.0,,남,서울,0
10088,,,nan,부산,0
10089,30.0,,남,대구,0
10090,40.0,6000.0,남,부산,1
10091,50.0,6000.0,nan,대구,1
10092,40.0,5000.0,여,부산,0
10093,30.0,5000.0,남,대구,0
10094,20.0,4000.0,여,서울,1
10095,,5000.0,여,대구,0
10096,50.0,4000.0,nan,부산,0
10097,20.0,,남,부산,0
10098,20.0,5000.0,nan,대구,1
10099,40.0,5000.0,nan,서울,0
10100,30.0,5000.0,남,부산,0
10101,40.0,4000.0,남,부산,0
10102,30.0,4000.0,nan,대구,0
10103,40.0,3000.0,nan,대구,0
10104,20.0,4000.0,nan,서울,1
10105,,4000.0,남,대구,1
10106,30.0,6000.0,남,부산,0
10107,50.0,5000.0,nan,대구,0
10108,50.0,4000.0,남,서울,1
10109,20.0,5000.0,남,서울,0
10110,40.0,5000.0,남,부산,0
10111,40.0,6000.0,여,대구,1
10112,20.0,5000.0,여,부산,1
10113,50.0,4000.0,nan,서울,0
10114,50.0,5000.0,여,서울,0
10115,40.0,3000.0,nan,대구,0
10116,30.0,3000.0,nan,대구,1
10117,,6000.0,남,부산,1
10118,30.0,4000.0,nan,서울,0
10119,50.0,6000.0,nan,부산,1
10120,30.0,3000.0,nan,부산,1
10121,,4000.0,nan,부산,0
10122,30.0,5000.0,남,서울,0
10123,30.0,4000.0,남,대구,0
10124,30.0,,nan,서울,1
10125,30.0,4000.0,여,부산,0
10126,20.0,5000.0,여,서울,0
10127,50.0,,nan,부산,0
10128,,6000.0,남,부산,0
10129,50.0,4000.0,nan,대구,0
10130,20.0,6000.0,nan,부산,0
10131,20.0,4000.0,남,서울,0
10132,20.0,3000.0,여,대구,0
10133,20.0,3000.0,nan,대구,0
10134,30.0,5000.0,남,대구,0
10135,50.0,3000.0,남,대구,0
10136,40.0,,nan,대구,0
10137,,,남,서울,0
10138,20.0,4000.0,nan,부산,0
10139,50.0,6000.0,여,부산,0
10140,20.0,,nan,부산,1
10141,20.0,4000.0,여,부산,0
10142,20.0,6000.0,남,대구,0
10143,20.0,3000.0,nan,부산,0
10144,20.0,4000.0,남,부산,0
10145,,6000.0,nan,대구,0
10146,50.0,5000.0,남,대구,0
10147,20.0,5000.0,여,대구,0
10148,20.0,,nan,부산,1
10149,20.0,6000.0,남,대구,0
10150,20.0,5000.0,nan,대구,0
10151,30.0,,nan,서울,1
10152,30.0,4000.0,여,서울,0
10153,40.0,4000.0,남,부산,0
10154,20.0,6000.0,nan,대구,0
10155,40.0,6000.0,nan,부산,0
10156,,6000.0,nan,서울,0
10157,40.0,6000.0,nan,서울,0
10158,50.0,5000.0,nan,대구,0
10159,30.0,5000.0,남,부산,1
10160,30.0,,nan,서울,0
10161,20.0,5000.0,nan,대구,1
10162,20.0,4000.0,nan,부산,0
10163,,,남,대구,0
10164,,5000.0,nan,대구,1
10165,50.0,6000.0,nan,서울,1
10166,20.0,5000.0,여,부산,1
10167,20.0,3000.0,여,서울,0
10168,,,nan,부산,1
10169,,5000.0,nan,부산,0
10170,,5000.0,여,대구,1
10171,30.0,4000.0,남,대구,1
10172,40.0,6000.0,남,부산,0
10173,40.0,6000.0,여,대구,0
10174,20.0,4000.0,nan,서울,1
10175,30.0,4000.0,여,부산,0
10176,,3000.0,남,서울,0
10177,20.0,,여,대구,0
10178,30.0,6000.0,남,부산,0
10179,50.0,4000.0,nan,대구,0
10180,30.0,4000.0,nan,서울,0
10181,20.0,,nan,부산,0
10182,40.0,4000.0,남,대구,0
10183,,3000.0,여,서울,0
10184,50.0,,nan,서울,0
10185,30.0,3000.0,남,대구,1
10186,20.0,5000.0,nan,부산,0
10187,20.0,6000.0,여,대구,1
10188,,4000.0,nan,부산,1
10189,20.0,,남,서울,0
10190,20.0,3000.0,남,서울,0
10191,,6000.0,nan,서울,1
10192,50.0,6000.0,nan,대구,0
10193,40.0,4000.0,남,대구,0
10194,40.0,6000.0,nan,대구,0
10195,30.0,4000.0,nan,서울,0
10196,50.0,5000.0,nan,부산,0
10197,30.0,4000.0,여,대구,0
10198,40.0,3000.0,여,대구,0
10199,,6000.0,여,대구,0
10200,20.0,6000.0,nan,서울,1
10201,40.0,6000.0,남,부산,0
10202,50.0,4000.0,nan,부산,0
10203,40.0,,nan,부산,1
10204,50.0,4000.0,여,대구,0
10205,50.0,3000.0,남,대구,0
10206,50.0,4000.0,여,부산,1
10207,30.0,6000.0,남,서울,1
10208,,5000.0,nan,부산,0
10209,40.0,3000.0,nan,대구,0
10210,,5000.0,nan,부산,0
10211,20.0,3000.0,남,부산,0
10212,40.0,3000.0,여,부산,0
10213,,6000.0,여,서울,0
10214,,4000.0,여,대구,0
10215,20.0,6000.0,남,대구,0
10216,50.0,6000.0,남,부산,0
10217,40.0,6000.0,nan,대구,1
10218,40.0,5000.0,여,서울,1
10219,20.0,3000.0,남,부산,1
10220,50.0,,여,서울,0
10221,40.0,4000.0,여,부산,0
10222,40.0,6000.0,남,부산,1
10223,40.0,3000.0,남,부산,0
10224,50.0,4000.0,nan,서울,0
10225,20.0,,nan,대구,0
10226,40.0,,nan,대구,0
10227,,6000.0,여,대구,1
10228,50.0,,여,대구,0
10229,30.0,,nan,서울,0
10230,20.0,4000.0,여,대구,0
10231,,4000.0,여,대구,0
10232,40.0,6000.0,여,부산,0
10233,30.0,3000.0,여,서울,1
10234,20.0,6000.0,남,부산,0
10235,50.0,5000.0,남,대구,1
10236,30.0,,nan,부산,0
10237,30.0,3000.0,nan,대구,0
10238,,4000.0,여,부산,1
10239,20.0,5000.0,여,서울,1
10240,,5000.0,남,부산,1
10241,,,여,부산,0
10242,40.0,4000.0,여,부산,0
10243,50.0,3000.0,nan,부산,0
10244,30.0,4000.0,여,대구,0
10245,20.0,,남,부산,0
10246,50.0,5000.0,여,서울,0
10247,50.0,,여,부산,1
10248,20.0,6000.0,여,서울,0
10249,50.0,5000.0,여,부산,0
10250,40.0,,여,대구,0
10251,50.0,3000.0,남,서울,0
10252,40.0,3000.0,nan,서울,1
10253,30.0,3000.0,여,부산,0
10254,30.0,6000.0,nan,대구,1
10255,,4000.0,nan,대구,1
10256,40.0,3000.0,남,서울,1
10257,30.0,6000.0,nan,부산,1
10258,50.0,3000.0,여,대구,0
10259,20.0,6000.0,여,대구,0
10260,20.0,3000.0,여,대구,0
10261,40.0,4000.0,여,부산,0
10262,,,남,부산,1
10263,50.0,3000.0,nan,서울,1
10264,40.0,,남,부산,0
10265,20.0,3000.0,nan,대구,0
10266,40.0,4000.0,남,서울,0
10267,50.0,,남,부산,0
10268,30.0,6000.0,남,대구,0
10269,50.0,3000.0,여,대구,0
10270,30.0,3000.0,여,서울,0
10271,30.0,6000.0,남,서울,0
10272,30.0,4000.0,nan,부산,0
10273,40.0,5000.0,nan,부산,0
10274,20.0,3000.0,여,서울,0
10275,40.0,6000.0,남,서울,1
10276,20.0,5000.0,여,대구,0
10277,50.0,3000.0,여,부산,0
10278,,,여,대구,1
10279,50.0,6000.0,남,서울,0
10280,40.0,,남,서울,0
10281,40.0,4000.0,여,서울,0
10282,20.0,5000.0,남,부산,0
10283,40.0,6000.0,nan,서울,0
10284,30.0,3000.0,nan,서울,0
10285,40.0,3000.0,여,부산,0
10286,20.0,5000.0,nan,서울,0
10287,20.0,,여,부산,0
10288,30.0,,여,서울,0
10289,20.0,6000.0,여,부산,0
10290,,6000.0,남,부산,0
10291,50.0,,남,부산,0
10292,40.0,6000.0,남,부산,0
10293,,,남,대구,0
10294,40.0,5000.0,여,부산,0
10295,,6000.0,남,부산,0
10296,40.0,,nan,부산,0
10297,30.0,6000.0,nan,부산,1
10298,20.0,3000.0,남,서울,0
10299,20.0,3000.0,nan,서울,0
10300,30.0,4000.0,nan,부산,0
10301,,,남,부산,0
10302,50.0,4000.0,여,대구,0
10303,,,여,부산,1
10304,20.0,6000.0,여,부산,0
10305,50.0,,남,부산,1
10306,40.0,3000.0,여,서울,0
10307,50.0,6000.0,여,부산,0
10308,,3000.0,nan,부산,1
10309,30.0,6000.0,여,대구,0
10310,40.0,,남,서울,0
10311,,,여,대구,0
10312,40.0,3000.0,nan,부산,1
10313,50.0,5000.0,nan,대구,0
10314,20.0,,nan,부산,0
10315,,5000.0,nan,부산,0
10316,30.0,6000.0,여,서울,0
10317,50.0,5000.0,nan,대구,0
10318,,3000.0,nan,부산,0
10319,30.0,4000.0,nan,대구,0
10320,,4000.0,여,서울,1
10321,50.0,3000.0,남,부산,0
10322,,4000.0,nan,서울,1
10323,40.0,3000.0,nan,대구,0
10324,50.0,,nan,대구,0
10325,,5000.0,여,대구,1
10326,20.0,4000.0,여,부산,0
10327,,,nan,부산,0
10328,40.0,4000.0,남,부산,0
10329,30.0,6000.0,nan,서울,0
10330,30.0,3000.0,남,대구,1
10331,30.0,3000.0,남,대구,0
10332,20.0,,여,대구,1
10333,40.0,6000.0,여,서울,1
10334,50.0,5000.0,여,부산,0
10335,30.0,6000.0,남,서울,1
10336,40.0,6000.0,남,대구,0
10337,,5000.0,남,대구,0
10338,20.0,5000.0,여,서울,1
10339,40.0,6000.0,여,부산,0
10340,40.0,4000.0,여,부산,0
10341,50.0,4000.0,nan,대구,0
10342,40.0,6000.0,남,서울,0
10343,50.0,4000.0,남,부산,0
10344,20.0,5000.0,nan,서울,0
10345,20.0,5000.0,남,대구,0
10346,,4000.0,남,대구,1
10347,50.0,5000.0,nan,대구,0
10348,50.0,3000.0,남,대구,0
10349,30.0,5000.0,여,부산,0
10350,30.0,6000.0,nan,대구,1
10351,,,남,부산,0
10352,20.0,4000.0,여,부산,1
10353,30.0,4000.0,남,서울,0
10354,40.0,5000.0,nan,대구,0
10355,20.0,5000.0,여,부산,0
10356,40.0,,남,서울,0
10357,50.0,,nan,서울,0
10358,20.0,6000.0,남,대구,0
10359,,3000.0,남,대구,0
10360,50.0,6000.0,여,서울,1
10361,50.0,4000.0,남,부산,1
10362,40.0,5000.0,nan,대구,0
10363,50.0,6000.0,nan,서울,1
10364,30.0,5000.0,여,서울,0
10365,20.0,5000.0,여,부산,0
10366,30.0,6000.0,남,부산,0
10367,40.0,6000.0,nan,서울,0
10368,40.0,,여,부산,1
10369,20.0,3000.0,남,대구,0
10370,50.0,,남,서울,0
10371,,3000.0,nan,부산,0
10372,40.0,6000.0,nan,부산,0
10373,20.0,3000.0,남,부산,0
10374,,4000.0,nan,부산,0
10375,50.0,,남,서울,0
10376,40.0,,남,부산,1
10377,20.0,,nan,대구,0
10378,20.0,5000.0,여,대구,0
10379,20.0,5000.0,남,서울,0
10380,40.0,6000.0,nan,서울,0
10381,,6000.0,남,대구,0
10382,20.0,5000.0,남,대구,1
10383,50.0,,남,서울,1
10384,20.0,5000.0,nan,대구,1
10385,,3000.0,nan,대구,0
10386,40.0,,nan,서울,0
10387,20.0,5000.0,여,서울,1
10388,20.0,6000.0,남,부산,1
10389,50.0,5000.0,여,부산,0
10390,50.0,4000.0,남,대구,1
10391,20.0,5000.0,nan,서울,1
10392,20.0,,남,부산,0
10393,50.0,5000.0,남,대구,0
10394,,6000.0,남,대구,0
10395,30.0,3000.0,여,대구,1
10396,30.0,4000.0,nan,대구,0
10397,20.0,,nan,서울,0
10398,50.0,6000.0,남,대구,0
10399,40.0,4000.0,nan,부산,0
10400,40.0,5000.0,여,서울,0
10401,30.0,4000.0,여,대구,0
10402,,3000.0,nan,부산,1
10403,30.0,4000.0,여,부산,1
10404,20.0,4000.0,여,서울,1
10405,,5000.0,nan,서울,0
10406,40.0,5000.0,nan,서울,0
10407,50.0,,남,부산,1
10408,50.0,5000.0,남,부산,0
10409,20.0,4000.0,여,대구,0
10410,30.0,3000.0,nan,서울,0
10411,20.0,5000.0,여,서울,0
10412,50.0,,nan,서울,0
10413,40.0,,여,서울,0
10414,50.0,4000.0,여,부산,1
10415,,5000.0,여,서울,0
10416,50.0,5000.0,남,부산,1
10417,50.0,,nan,부산,0
10418,,5000.0,여,서울,0
10419,30.0,4000.0,남,부산,0
10420,50.0,3000.0,여,부산,1
10421,20.0,4000.0,여,서울,1
10422,50.0,5000.0,nan,서울,0
10423,20.0,4000.0,여,대구,0
10424,,6000.0,nan,부산,0
10425,50.0,6000.0,남,부산,1
10426,,5000.0,남,대구,0
10427,,5000.0,여,대구,1
10428,30.0,3000.0,남,서울,0
10429,50.0,4000.0,nan,대구,0
10430,20.0,3000.0,nan,서울,0
10431,20.0,5000.0,남,서울,1
10432,50.0,5000.0,nan,서울,0
10433,30.0,,nan,부산,0
10434,30.0,3000.0,여,부산,1
10435,30.0,5000.0,여,서울,0
10436,20.0,6000.0,nan,대구,0
10437,,,남,부산,0
10438,30.0,4000.0,nan,부산,0
10439,20.0,,여,대구,0
10440,20.0,4000.0,남,부산,1
10441,,6000.0,nan,대구,0
10442,50.0,4000.0,남,대구,0
10443,50.0,3000.0,남,부산,1
10444,30.0,4000.0,남,대구,1
10445,30.0,4000.0,nan,대구,1
10446,,,여,서울,1
10447,30.0,6000.0,남,서울,1
10448,,4000.0,남,부산,1
10449,20.0,3000.0,nan,대구,1
10450,30.0,,여,부산,1
10451,20.0,6000.0,여,부산,0
10452,40.0,6000.0,nan,서울,0
10453,,5000.0,남,대구,1
10454,40.0,3000.0,nan,부산,0
10455,30.0,,여,부산,1
10456,20.0,,남,서울,0
10457,30.0,3000.0,남,서울,1
10458,40.0,6000.0,여,서울,0
10459,30.0,4000.0,남,부산,0
10460,50.0,3000.0,nan,대구,1
10461,40.0,,여,서울,0
10462,30.0,3000.0,여,서울,0
10463,20.0,6000.0,남,대구,0
10464,30.0,5000.0,여,부산,0
10465,20.0,5000.0,nan,부산,0
10466,50.0,4000.0,여,대구,0
10467,30.0,4000.0,남,서울,1
10468,50.0,6000.0,여,대구,0
10469,40.0,4000.0,남,부산,0
10470,20.0,5000.0,남,부산,1
10471,40.0,6000.0,nan,서울,0
10472,20.0,6000.0,여,서울,0
10473,50.0,6000.0,nan,대구,0
10474,,3000.0,nan,부산,0
10475,30.0,4000.0,여,부산,0
10476,50.0,,nan,대구,1
10477,20.0,5000.0,nan,서울,0
10478,20.0,4000.0,남,부산,0
10479,20.0,5000.0,nan,부산,0
10480,20.0,4000.0,여,서울,0
10481,30.0,,남,부산,0
10482,40.0,5000.0,nan,서울,0
10483,,,nan,대구,0
10484,30.0,5000.0,여,서울,0
10485,20.0,3000.0,nan,서울,1
10486,30.0,3000.0,여,대구,0
10487,50.0,5000.0,nan,부산,1
10488,20.0,5000.0,nan,부산,0
10489,,,여,서울,0
10490,20.0,6000.0,남,서울,0
10491,,5000.0,여,대구,1
10492,,4000.0,남,대구,0
10493,40.0,4000.0,남,부산,0
10494,40.0,4000.0,여,부산,1
10495,30.0,3000.0,여,대구,1
10496,30.0,,nan,서울,0
10497,,3000.0,nan,대구,0
10498,20.0,4000.0,남,부산,0
10499,50.0,5000.0,nan,서울,0
10500,50.0,4000.0,여,대구,0
10501,20.0,5000.0,남,부산,1
10502,20.0,,nan,서울,0
10503,40.0,6000.0,nan,서울,0
10504,50.0,5000.0,여,서울,0
10505,,3000.0,여,서울,0
10506,30.0,4000.0,nan,서울,0
10507,40.0,4000.0,남,대구,0
10508,50.0,4000.0,남,서울,0
10509,20.0,5000.0,여,대구,1
10510,50.0,,여,서울,0
10511,,5000.0,여,부산,0
10512,40.0,3000.0,nan,서울,0
10513,20.0,4000.0,nan,대구,1
10514,,5000.0,여,부산,1
10515,30.0,4000.0,남,부산,0
10516,40.0,3000.0,여,대구,0
10517,,6000.0,여,부산,0
10518,,6000.0,남,대구,0
10519,20.0,6000.0,남,서울,1
10520,30.0,4000.0,남,서울,0
10521,,5000.0,남,대구,0
10522,40.0,4000.0,nan,서울,0
10523,,,nan,부산,0
10524,50.0,5000.0,여,서울,1
10525,40.0,3000.0,nan,서울,0
10526,40.0,6000.0,여,부산,0
10527,,5000.0,여,부산,0
10528,20.0,5000.0,남,서울,0
10529,40.0,6000.0,남,서울,0
10530,50.0,3000.0,nan,서울,0
10531,20.0,4000.0,nan,대구,0
10532,20.0,4000.0,nan,대구,1
10533,20.0,5000.0,nan,서울,0
10534,40.0,6000.0,남,서울,0
10535,20.0,,남,부산,1
10536,,3000.0,nan,서울,1
10537,20.0,4000.0,여,서울,1
10538,50.0,3000.0,남,대구,0
10539,30.0,3000.0,남,대구,0
10540,50.0,3000.0,남,대구,0
10541,40.0,6000.0,남,부산,0
10542,20.0,6000.0,nan,서울,1
10543,20.0,6000.0,nan,대구,0
10544,,5000.0,여,부산,1
10545,20.0,6000.0,남,서울,0
10546,50.0,5000.0,nan,서울,0
10547,40.0,4000.0,nan,부산,0
10548,30.0,4000.0,남,서울,0
10549,20.0,4000.0,nan,부산,1
10550,30.0,4000.0,nan,부산,0
10551,20.0,4000.0,nan,대구,0
10552,40.0,6000.0,여,부산,1
10553,50.0,,nan,대구,1
10554,40.0,6000.0,남,서울,1
10555,30.0,,남,대구,0
10556,20.0,6000.0,남,부산,1
10557,30.0,4000.0,nan,대구,1
10558,50.0,3000.0,여,서울,0
10559,40.0,,nan,대구,0
10560,30.0,3000.0,남,서울,1
10561,30.0,4000.0,여,부산,1
10562,50.0,,여,대구,1
10563,20.0,3000.0,nan,서울,0
10564,30.0,6000.0,남,서울,0
10565,50.0,4000.0,nan,대구,0
10566,20.0,6000.0,남,대구,0
10567,20.0,6000.0,여,대구,0
10568,40.0,4000.0,nan,대구,0
10569,50.0,,여,대구,0
10570,20.0,5000.0,남,서울,0
10571,40.0,5000.0,여,부산,0
10572,,4000.0,여,서울,0
10573,50.0,5000.0,여,대구,0
10574,,3000.0,nan,대구,0
10575,20.0,,남,부산,1
10576,50.0,6000.0,여,대구,0
10577,40.0,6000.0,여,부산,1
10578,20.0,4000.0,여,대구,1
10579,50.0,6000.0,여,서울,0
10580,50.0,3000.0,남,부산,1
10581,,3000.0,남,서울,0
10582,20.0,4000.0,nan,대구,0
10583,40.0,6000.0,남,서울,0
10584,40.0,5000.0,남,서울,0
10585,20.0,5000.0,여,서울,0
10586,20.0,,nan,부산,0
10587,30.0,4000.0,nan,부산,0
10588,,,여,부산,0
10589,20.0,5000.0,nan,서울,0
10590,20.0,5000.0,남,서울,0
10591,30.0,5000.0,nan,대구,1
10592,30.0,,여,부산,0
10593,50.0,4000.0,nan,대구,0
10594,40.0,3000.0,nan,서울,0
10595,,3000.0,nan,부산,0
10596,50.0,5000.0,여,대구,0
10597,20.0,4000.0,남,서울,1
10598,30.0,4000.0,nan,서울,0
10599,40.0,6000.0,남,서울,1
10600,50.0,6000.0,남,부산,1
10601,40.0,,남,부산,0
10602,30.0,6000.0,nan,대구,1
10603,50.0,,남,서울,0
10604,50.0,3000.0,nan,부산,1
10605,40.0,5000.0,nan,부산,0
10606,30.0,4000.0,nan,서울,0
10607,20.0,3000.0,남,서울,1
10608,50.0,3000.0,nan,대구,0
10609,20.0,,여,대구,1
10610,30.0,5000.0,여,대구,0
10611,50.0,,여,부산,0
10612,50.0,3000.0,nan,부산,0
10613,20.0,4000.0,여,부산,1
10614,,6000.0,nan,부산,0
10615,20.0,,nan,부산,0
10616,20.0,3000.0,nan,서울,0
10617,,6000.0,남,대구,1
10618,30.0,6000.0,여,대구,0
10619,30.0,3000.0,nan,대구,0
10620,50.0,5000.0,여,대구,0
10621,40.0,3000.0,여,서울,0
10622,40.0,4000.0,남,부산,1
10623,50.0,6000.0,여,부산,0
10624,40.0,4000.0,nan,부산,1
10625,20.0,,nan,대구,0
10626,20.0,6000.0,여,대구,0
10627,,5000.0,여,서울,0
10628,,3000.0,남,서울,1
10629,50.0,,nan,부산,0
10630,50.0,4000.0,여,부산,0
10631,50.0,,여,부산,0
10632,20.0,5000.0,nan,부산,1
10633,40.0,3000.0,여,부산,0
10634,50.0,,남,부산,1
10635,50.0,4000.0,여,대구,0
10636,20.0,,여,서울,0
10637,20.0,3000.0,남,서울,0
10638,20.0,,남,대구,0
10639,40.0,4000.0,남,부산,1
10640,50.0,3000.0,nan,부산,0
10641,30.0,5000.0,여,부산,0
10642,30.0,5000.0,여,서울,0
10643,50.0,6000.0,남,서울,0
10644,50.0,,nan,부산,1
10645,50.0,4000.0,남,부산,1
10646,50.0,,여,대구,0
10647,40.0,3000.0,nan,부산,0
10648,30.0,6000.0,nan,대구,0
10649,,4000.0,여,부산,1
10650,30.0,,nan,부산,1
10651,30.0,4000.0,nan,부산,1
10652,20.0,3000.0,남,대구,0
10653,50.0,6000.0,nan,대구,0
10654,50.0,4000.0,남,대구,0
10655,50.0,3000.0,nan,서울,0
10656,20.0,5000.0,남,서울,0
10657,40.0,4000.0,남,부산,0
10658,40.0,6000.0,nan,대구,0
10659,,4000.0,남,대구,0
10660,40.0,4000.0,여,부산,0
10661,40.0,3000.0,여,부산,0
10662,50.0,,nan,부산,1
10663,30.0,,nan,부산,0
10664,40.0,4000.0,nan,대구,1
10665,40.0,6000.0,여,서울,0
10666,20.0,6000.0,nan,대구,1
10667,,3000.0,nan,서울,0
10668,20.0,4000.0,남,부산,0
10669,50.0,4000.0,nan,서울,0
10670,30.0,,여,대구,1
10671,,3000.0,여,대구,0
10672,20.0,5000.0,nan,대구,0
10673,40.0,6000.0,여,대구,1
10674,40.0,6000.0,남,대구,0
10675,,4000.0,남,대구,0
10676,40.0,3000.0,nan,부산,1
10677,20.0,5000.0,nan,서울,1
10678,20.0,6000.0,남,부산,0
10679,40.0,3000.0,남,서울,1
10680,40.0,5000.0,nan,서울,0
10681,50.0,4000.0,여,서울,0
10682,30.0,,nan,대구,1
10683,,6000.0,nan,대구,0
10684,20.0,6000.0,nan,대구,0
10685,,5000.0,nan,서울,1
10686,50.0,,nan,서울,0
10687,20.0,3000.0,nan,서울,0
10688,50.0,4000.0,nan,부산,0
10689,50.0,3000.0,여,대구,0
10690,40.0,5000.0,nan,대구,0
10691,,6000.0,남,대구,0
10692,,6000.0,nan,부산,1
10693,40.0,3000.0,여,부산,1
10694,,4000.0,남,부산,0
10695,40.0,5000.0,nan,서울,0
10696,20.0,4000.0,nan,부산,0
10697,50.0,5000.0,남,서울,0
10698,50.0,4000.0,nan,서울,0
10699,,3000.0,여,대구,0
10700,30.0,,nan,대구,0
10701,50.0,5000.0,여,부산,0
10702,40.0,3000.0,nan,서울,1
10703,30.0,6000.0,남,서울,0
10704,30.0,6000.0,여,서울,0
10705,50.0,4000.0,nan,대구,0
10706,50.0,6000.0,nan,대구,0
10707,50.0,,남,대구,0
10708,40.0,5000.0,남,대구,0
10709,30.0,4000.0,여,대구,0
10710,,5000.0,여,대구,1
10711,40.0,5000.0,여,부산,1
10712,20.0,3000.0,nan,부산,0
10713,50.0,6000.0,nan,부산,0
10714,30.0,5000.0,여,부산,0
10715,40.0,,nan,서울,0
10716,20.0,,남,대구,0
10717,40.0,6000.0,nan,대구,0
10718,40.0,6000.0,여,부산,0
10719,,4000.0,nan,서울,0
10720,,4000.0,남,부산,0
10721,40.0,4000.0,여,대구,0
10722,20.0,6000.0,여,부산,1
10723,30.0,5000.0,여,서울,1
10724,30.0,3000.0,여,대구,0
10725,50.0,4000.0,nan,서울,0
10726,50.0,3000.0,남,부산,0
10727,30.0,,nan,대구,0
10728,40.0,6000.0,nan,서울,0
10729,40.0,,여,서울,0
10730,,4000.0,남,서울,0
10731,,5000.0,nan,대구,0
10732,50.0,4000.0,남,대구,1
10733,30.0,3000.0,남,부산,0
10734,40.0,4000.0,남,부산,0
10735,30.0,5000.0,남,대구,0
10736,20.0,5000.0,nan,서울,0
10737,30.0,6000.0,남,대구,0
10738,20.0,6000.0,nan,대구,1
10739,,5000.0,남,대구,1
10740,,5000.0,남,대구,0
10741,50.0,3000.0,nan,부산,0
10742,30.0,4000.0,여,부산,0
10743,30.0,6000.0,nan,서울,1
10744,20.0,3000.0,남,대구,1
10745,,4000.0,nan,대구,0
10746,20.0,6000.0,남,부산,1
10747,,3000.0,nan,부산,0
10748,20.0,,nan,대구,0
10749,,,nan,부산,0
10750,20.0,6000.0,여,대구,0
10751,,3000.0,nan,서울,1
10752,20.0,4000.0,nan,서울,0
10753,30.0,4000.0,여,서울,1
10754,50.0,3000.0,여,대구,1
10755,20.0,,남,부산,1
10756,50.0,3000.0,남,서울,0
10757,30.0,,nan,대구,1
10758,30.0,,남,서울,0
10759,,4000.0,nan,서울,1
10760,50.0,6000.0,여,부산,0
10761,40.0,5000.0,여,대구,0
10762,,3000.0,nan,부산,1
10763,50.0,,남,부산,1
10764,20.0,3000.0,남,부산,1
10765,20.0,6000.0,남,서울,0
10766,30.0,6000.0,nan,서울,0
10767,40.0,5000.0,남,서울,0
10768,20.0,5000.0,여,대구,0
10769,50.0,,여,부산,0
10770,50.0,5000.0,여,서울,0
10771,20.0,,여,부산,1
10772,50.0,4000.0,여,부산,1
10773,50.0,,여,부산,0
10774,30.0,5000.0,여,부산,0
10775,40.0,3000.0,여,부산,0
10776,30.0,5000.0,여,서울,0
10777,40.0,6000.0,nan,대구,1
10778,50.0,5000.0,nan,대구,0
10779,40.0,4000.0,여,대구,0
10780,50.0,,여,대구,0
10781,50.0,6000.0,여,부산,1
10782,30.0,,남,서울,1
10783,30.0,,nan,서울,1
10784,,5000.0,여,부산,0
10785,20.0,3000.0,nan,부산,0
10786,,6000.0,여,서울,0
10787,,4000.0,남,서울,0
10788,40.0,4000.0,여,대구,0
10789,50.0,3000.0,nan,대구,1
10790,50.0,3000.0,nan,대구,0
10791,50.0,5000.0,nan,서울,0
10792,20.0,4000.0,nan,대구,1
10793,40.0,6000.0,여,서울,0
10794,40.0,3000.0,남,서울,0
10795,50.0,3000.0,남,부산,0
10796,,3000.0,여,서울,1
10797,20.0,6000.0,여,부산,0
10798,,4000.0,nan,부산,0
10799,30.0,6000.0,여,서울,1
10800,40.0,6000.0,남,서울,0
10801,40.0,5000.0,여,대구,1
10802,,3000.0,여,서울,0
10803,20.0,4000.0,남,대구,0
10804,40.0,5000.0,남,대구,0
10805,,5000.0,여,서울,0
10806,20.0,,nan,대구,0
10807,,3000.0,nan,부산,0
10808,20.0,4000.0,nan,부산,0
10809,50.0,4000.0,남,서울,0
10810,20.0,4000.0,남,서울,0
10811,30.0,3000.0,nan,서울,1
10812,50.0,4000.0,여,부산,0
10813,,6000.0,여,대구,0
10814,50.0,6000.0,여,부산,0
10815,50.0,3000.0,남,대구,0
10816,,4000.0,남,대구,1
10817,,,nan,서울,1
10818,30.0,,여,서울,1
10819,,,남,서울,0
10820,40.0,6000.0,남,부산,0
10821,40.0,,nan,부산,0
10822,30.0,4000.0,여,부산,0
10823,20.0,4000.0,남,서울,1
10824,20.0,,남,서울,1
10825,40.0,5000.0,남,대구,0
10826,,,남,대구,0
10827,30.0,5000.0,여,서울,0
10828,20.0,3000.0,nan,부산,1
10829,20.0,3000.0,여,서울,0
10830,50.0,4000.0,nan,부산,0
10831,40.0,6000.0,남,서울,1
10832,,4000.0,여,서울,1
10833,30.0,4000.0,nan,대구,0
10834,20.0,6000.0,nan,부산,0
10835,50.0,4000.0,남,부산,1
10836,40.0,6000.0,nan,서울,0
10837,40.0,4000.0,nan,대구,1
10838,30.0,3000.0,nan,서울,0
10839,20.0,5000.0,남,서울,1
10840,30.0,4000.0,여,부산,1
10841,30.0,5000.0,남,서울,1
10842,50.0,,nan,대구,0
10843,40.0,4000.0,nan,서울,0
10844,,3000.0,여,대구,0
10845,40.0,6000.0,nan,부산,1
10846,40.0,3000.0,여,부산,0
10847,50.0,5000.0,nan,서울,0
10848,,6000.0,nan,대구,0
10849,20.0,3000.0,남,부산,1
10850,,3000.0,남,대구,1
10851,20.0,3000.0,여,부산,1
10852,,6000.0,남,부산,0
10853,30.0,3000.0,여,대구,1
10854,,3000.0,남,대구,0
10855,50.0,5000.0,여,대구,1
10856,20.0,3000.0,nan,부산,0
10857,40.0,3000.0,여,대구,0
10858,50.0,,남,서울,0
10859,20.0,6000.0,여,대구,0
10860,20.0,,남,부산,0
10861,40.0,5000.0,nan,대구,0
10862,30.0,,남,대구,0
10863,50.0,4000.0,nan,대구,0
10864,40.0,6000.0,nan,서울,0
10865,40.0,3000.0,남,부산,1
10866,30.0,,nan,서울,1
10867,50.0,,남,서울,1
10868,40.0,3000.0,여,부산,0
10869,30.0,3000.0,nan,부산,1
10870,50.0,5000.0,여,대구,1
10871,,,여,부산,0
10872,20.0,,남,대구,0
10873,30.0,4000.0,남,서울,0
10874,20.0,4000.0,nan,대구,0
10875,,,남,부산,1
10876,40.0,4000.0,여,대구,0
10877,40.0,,여,서울,0
10878,50.0,6000.0,여,부산,0
10879,30.0,5000.0,nan,부산,0
10880,30.0,4000.0,남,대구,1
10881,50.0,,여,대구,0
10882,20.0,4000.0,nan,대구,0
10883,40.0,5000.0,남,서울,0
10884,40.0,6000.0,남,서울,0
10885,30.0,3000.0,여,부산,1
10886,30.0,3000.0,nan,부산,1
10887,50.0,4000.0,여,서울,0
10888,,,여,대구,0
10889,20.0,5000.0,nan,대구,0
10890,,6000.0,여,서울,0
10891,,6000.0,nan,대구,0
10892,30.0,6000.0,nan,서울,0
10893,30.0,3000.0,여,대구,1
10894,30.0,5000.0,여,대구,0
10895,,3000.0,남,부산,1
10896,20.0,4000.0,남,대구,0
10897,30.0,6000.0,nan,대구,0
10898,40.0,5000.0,nan,서울,0
10899,20.0,6000.0,nan,서울,0
10900,40.0,3000.0,남,서울,0
10901,20.0,3000.0,여,서울,1
10902,30.0,3000.0,여,대구,0
10903,50.0,6000.0,남,서울,0
10904,30.0,5000.0,여,부산,1
10905,,5000.0,여,서울,0
10906,,4000.0,여,대구,0
10907,20.0,6000.0,남,부산,1
10908,,4000.0,nan,대구,0
10909,30.0,4000.0,여,부산,0
10910,40.0,4000.0,여,부산,0
10911,30.0,4000.0,nan,부산,0
10912,20.0,3000.0,여,대구,0
10913,,4000.0,여,부산,1
10914,40.0,5000.0,nan,대구,0
10915,50.0,4000.0,남,부산,0
10916,40.0,3000.0,남,서울,0
10917,40.0,,여,서울,1
10918,30.0,,여,부산,1
10919,50.0,,nan,부산,0
10920,20.0,6000.0,nan,서울,1
10921,20.0,5000.0,여,서울,0
10922,40.0,3000.0,여,대구,0
10923,40.0,,남,서울,1
10924,,3000.0,남,대구,0
10925,50.0,3000.0,남,부산,1
10926,40.0,6000.0,남,대구,0
10927,,,nan,부산,1
10928,50.0,4000.0,남,대구,0
10929,20.0,3000.0,남,대구,1
10930,,,여,대구,0
10931,50.0,3000.0,남,부산,0
10932,,6000.0,여,부산,0
10933,40.0,6000.0,여,대구,1
10934,30.0,4000.0,남,부산,0
10935,20.0,6000.0,남,대구,0
10936,40.0,,여,부산,1
10937,40.0,6000.0,nan,대구,0
10938,50.0,4000.0,여,서울,0
10939,,5000.0,nan,서울,1
10940,20.0,3000.0,nan,대구,0
10941,40.0,3000.0,남,부산,1
10942,50.0,,남,대구,0
10943,20.0,4000.0,남,서울,0
10944,,4000.0,남,서울,0
10945,40.0,4000.0,여,대구,1
10946,40.0,3000.0,nan,서울,1
10947,40.0,6000.0,여,대구,0
10948,20.0,3000.0,nan,서울,0
10949,20.0,3000.0,여,부산,0
10950,20.0,3000.0,nan,부산,1
10951,20.0,6000.0,남,부산,0
10952,50.0,5000.0,nan,대구,0
10953,30.0,,남,대구,1
10954,50.0,5000.0,nan,부산,1
10955,40.0,5000.0,여,부산,0
10956,50.0,3000.0,nan,부산,1
10957,,5000.0,여,서울,1
10958,20.0,3000.0,여,부산,1
10959,,3000.0,남,서울,0
10960,,,nan,부산,0
10961,40.0,4000.0,여,대구,1
10962,20.0,3000.0,nan,부산,0
10963,,5000.0,남,서울,0
10964,40.0,,남,부산,0
10965,20.0,5000.0,nan,서울,0
10966,30.0,4000.0,여,부산,0
10967,40.0,6000.0,여,서울,1
10968,50.0,4000.0,여,서울,0
10969,20.0,,nan,부산,0
10970,,4000.0,여,부산,0
10971,,4000.0,여,대구,0
10972,50.0,,여,대구,0
10973,50.0,,남,대구,1
10974,,5000.0,여,서울,0
10975,20.0,3000.0,nan,서울,0
10976,40.0,6000.0,nan,대구,1
10977,50.0,6000.0,여,대구,0
10978,50.0,6000.0,nan,부산,1
10979,50.0,4000.0,nan,대구,0
10980,30.0,,여,서울,1
10981,20.0,,남,부산,0
10982,20.0,,여,대구,1
10983,20.0,3000.0,nan,대구,0
10984,20.0,,nan,대구,0
10985,20.0,,여,부산,0
10986,,4000.0,nan,부산,0
10987,50.0,5000.0,남,부산,1
10988,,6000.0,여,대구,0
10989,30.0,4000.0,nan,부산,0
10990,40.0,4000.0,남,부산,0
10991,50.0,4000.0,nan,부산,1
10992,30.0,6000.0,남,부산,0
10993,,4000.0,nan,서울,0
10994,40.0,5000.0,여,대구,0
10995,30.0,,nan,부산,1
10996,40.0,5000.0,여,서울,0
10997,30.0,,남,서울,0
10998,,,남,대구,0
10999,40.0,4000.0,nan,대구,0
11000,30.0,4000.0,여,부산,0
11001,,6000.0,여,대구,0
11002,50.0,3000.0,남,대구,1
11003,,5000.0,남,대구,1
11004,,6000.0,nan,대구,1
11005,50.0,6000.0,남,부산,0
11006,,5000.0,남,서울,1
11007,50.0,5000.0,여,대구,0
11008,50.0,,여,서울,0
11009,50.0,3000.0,여,서울,0
11010,30.0,4000.0,남,서울,0
11011,40.0,3000.0,nan,대구,0
11012,30.0,3000.0,nan,대구,0
11013,50.0,4000.0,남,부산,0
11014,40.0,3000.0,nan,대구,0
11015,40.0,6000.0,남,대구,0
11016,50.0,6000.0,nan,대구,1
11017,40.0,4000.0,남,서울,1
11018,40.0,4000.0,여,부산,1
11019,30.0,5000.0,nan,서울,1
11020,40.0,5000.0,여,부산,1
11021,50.0,3000.0,여,대구,1
11022,20.0,3000.0,nan,대구,1
11023,20.0,4000.0,남,서울,0
11024,20.0,3000.0,여,서울,1
11025,50.0,,여,서울,0
11026,20.0,6000.0,남,부산,0
11027,30.0,3000.0,남,서울,1
11028,50.0,3000.0,nan,대구,0
11029,50.0,5000.0,nan,부산,0
11030,50.0,,남,부산,0
11031,40.0,3000.0,여,대구,1
11032,40.0,6000.0,남,서울,1
11033,40.0,3000.0,nan,서울,0
11034,,4000.0,여,대구,0
11035,30.0,,여,대구,1
11036,50.0,3000.0,nan,대구,1
11037,50.0,,여,대구,0
11038,40.0,3000.0,남,부산,1
11039,50.0,6000.0,nan,부산,0
11040,50.0,6000.0,여,서울,0
11041,20.0,,nan,부산,1
11042,50.0,5000.0,여,부산,1
11043,,5000.0,남,부산,0
11044,40.0,4000.0,nan,대구,0
11045,30.0,5000.0,여,부산,0
11046,30.0,,남,서울,1
11047,20.0,5000.0,남,부산,1
11048,30.0,4000.0,남,대구,0
11049,30.0,3000.0,여,부산,0
11050,40.0,5000.0,여,서울,0
11051,40.0,,남,부산,1
11052,,,남,서울,0
11053,20.0,4000.0,남,대구,0
11054,30.0,4000.0,남,서울,1
11055,,6000.0,남,서울,0
11056,20.0,6000.0,여,대구,0
11057,30.0,6000.0,nan,서울,0
11058,30.0,3000.0,nan,부산,0
11059,40.0,,nan,부산,1
11060,50.0,6000.0,여,서울,0
11061,20.0,,nan,부산,0
11062,30.0,4000.0,nan,부산,0
11063,20.0,3000.0,nan,대구,0
11064,,4000.0,nan,서울,0
11065,,,남,부산,0
11066,50.0,6000.0,여,서울,1
11067,30.0,4000.0,nan,서울,1
11068,40.0,5000.0,남,부산,1
11069,30.0,3000.0,nan,대구,1
11070,20.0,,nan,대구,1
11071,,6000.0,nan,서울,1
11072,20.0,4000.0,nan,대구,0
11073,50.0,3000.0,nan,부산,0
11074,,6000.0,남,부산,0
11075,40.0,4000.0,nan,대구,0
11076,,,남,대구,1
11077,30.0,5000.0,nan,서울,0
11078,30.0,5000.0,여,대구,0
11079,,,남,서울,0
11080,50.0,3000.0,nan,부산,0
11081,30.0,,남,대구,1
11082,30.0,4000.0,nan,서울,0
11083,40.0,3000.0,nan,서울,1
11084,,5000.0,남,서울,0
11085,30.0,4000.0,nan,서울,1
11086,50.0,6000.0,nan,부산,0
11087,20.0,6000.0,nan,대구,1
11088,,6000.0,nan,서울,0
11089,40.0,5000.0,nan,대구,0
11090,30.0,,nan,대구,0
11091,50.0,3000.0,남,부산,0
11092,,5000.0,여,대구,0
11093,50.0,4000.0,nan,부산,0
11094,50.0,4000.0,남,부산,0
11095,40.0,6000.0,여,서울,0
11096,,3000.0,남,부산,0
11097,30.0,6000.0,여,서울,0
11098,40.0,4000.0,여,부산,1
11099,30.0,4000.0,여,부산,0
11100,20.0,,남,대구,0
11101,50.0,,여,서울,0
11102,20.0,,nan,대구,0
11103,50.0,6000.0,nan,부산,0
11104,40.0,3000.0,여,서울,0
11105,30.0,,여,부산,1
11106,30.0,5000.0,nan,부산,1
11107,40.0,,남,대구,0
11108,,6000.0,남,서울,0
11109,20.0,3000.0,nan,서울,0
11110,20.0,,남,서울,0
11111,30.0,3000.0,남,부산,0
11112,30.0,5000.0,여,서울,1
11113,30.0,4000.0,남,부산,0
11114,40.0,3000.0,nan,부산,0
11115,,,남,부산,0
11116,20.0,6000.0,여,서울,1
11117,50.0,6000.0,nan,대구,0
11118,40.0,6000.0,nan,부산,1
11119,20.0,6000.0,nan,대구,0
11120,,3000.0,여,서울,0
11121,40.0,6000.0,nan,서울,0
11122,20.0,4000.0,여,서울,0
11123,40.0,5000.0,여,서울,0
11124,20.0,3000.0,남,서울,1
11125,20.0,3000.0,nan,대구,0
11126,,6000.0,남,서울,0
11127,50.0,6000.0,남,서울,0
11128,,3000.0,여,서울,0
11129,20.0,6000.0,남,서울,1
11130,40.0,6000.0,남,서울,0
11131,,6000.0,남,부산,0
11132,50.0,6000.0,nan,부산,0
11133,20.0,6000.0,남,대구,1
11134,,,여,서울,0
11135,,,nan,대구,0
11136,,,여,대구,0
11137,,3000.0,nan,서울,0
11138,40.0,5000.0,nan,서울,1
11139,50.0,3000.0,nan,부산,0
11140,50.0,,여,서울,0
11141,20.0,3000.0,남,부산,0
11142,30.0,5000.0,nan,대구,0
11143,40.0,6000.0,여,대구,0
11144,20.0,4000.0,nan,부산,1
11145,20.0,,남,부산,0
11146,,,nan,서울,0
11147,30.0,5000.0,여,부산,0
11148,30.0,6000.0,nan,부산,1
11149,40.0,6000.0,여,서울,0
11150,30.0,4000.0,남,대구,0
11151,20.0,6000.0,남,부산,1
11152,30.0,5000.0,nan,서울,0
11153,30.0,6000.0,남,서울,0
11154,50.0,5000.0,여,부산,0
11155,20.0,,nan,대구,0
11156,30.0,,여,서울,0
11157,30.0,,nan,부산,1
11158,,3000.0,여,대구,0
11159,30.0,,nan,부산,0
11160,30.0,5000.0,여,서울,0
11161,50.0,4000.0,여,서울,0
11162,20.0,6000.0,nan,서울,1
11163,40.0,,여,부산,0
11164,20.0,3000.0,남,서울,1
11165,,3000.0,여,부산,1
11166,20.0,5000.0,nan,대구,1
11167,30.0,4000.0,남,대구,0
11168,,,남,대구,0
11169,20.0,,여,대구,0
11170,,3000.0,여,서울,0
11171,40.0,5000.0,여,서울,0
11172,20.0,3000.0,남,부산,0
11173,30.0,3000.0,남,대구,1
11174,,4000.0,남,대구,0
11175,50.0,5000.0,nan,부산,0
11176,,4000.0,nan,부산,0
11177,50.0,5000.0,여,부산,0
11178,30.0,,nan,부산,0
11179,40.0,6000.0,nan,대구,0
11180,50.0,6000.0,여,서울,0
11181,40.0,5000.0,여,대구,0
11182,,6000.0,남,부산,0
11183,30.0,3000.0,남,서울,0
11184,50.0,,여,대구,0
11185,,,여,부산,0
11186,20.0,6000.0,nan,서울,0
11187,,5000.0,nan,서울,0
11188,40.0,3000.0,nan,부산,0
11189,30.0,5000.0,여,서울,1
11190,30.0,6000.0,여,대구,0
11191,,,남,대구,0
11192,20.0,,nan,대구,1
11193,40.0,5000.0,남,서울,0
11194,,4000.0,여,서울,0
11195,,5000.0,nan,부산,1
11196,30.0,4000.0,남,부산,0
11197,40.0,5000.0,여,서울,1
11198,20.0,4000.0,남,대구,0
11199,30.0,4000.0,nan,서울,0
11200,,4000.0,남,대구,0
11201,30.0,4000.0,남,부산,0
11202,30.0,3000.0,여,서울,0
11203,50.0,4000.0,nan,서울,1
11204,30.0,4000.0,남,서울,0
11205,30.0,,여,대구,1
11206,40.0,3000.0,nan,부산,0
11207,30.0,4000.0,여,대구,1
11208,20.0,6000.0,nan,부산,0
11209,,3000.0,여,대구,0
11210,40.0,,여,부산,0
11211,30.0,5000.0,여,대구,0
11212,20.0,,남,서울,0
11213,,,남,대구,0
11214,40.0,3000.0,여,서울,0
11215,20.0,3000.0,nan,서울,0
11216,30.0,6000.0,여,서울,0
11217,50.0,6000.0,남,대구,1
11218,50.0,3000.0,nan,서울,0
11219,40.0,3000.0,남,대구,0
11220,20.0,3000.0,여,부산,1
11221,,5000.0,남,대구,0
11222,20.0,,남,대구,1
11223,50.0,6000.0,남,대구,1
11224,40.0,6000.0,여,부산,0
11225,30.0,4000.0,남,부산,1
11226,20.0,5000.0,여,부산,0
11227,50.0,3000.0,여,서울,1
11228,,3000.0,남,대구,0
11229,40.0,5000.0,nan,대구,0
11230,30.0,6000.0,남,서울,1
11231,20.0,3000.0,남,서울,1
11232,,4000.0,남,대구,0
11233,30.0,6000.0,nan,서울,0
11234,50.0,,nan,서울,0
11235,50.0,5000.0,여,부산,1
11236,,6000.0,nan,서울,0
11237,50.0,,nan,서울,1
11238,40.0,4000.0,남,대구,0
11239,,5000.0,여,서울,0
11240,50.0,3000.0,여,서울,0
11241,20.0,3000.0,nan,서울,1
11242,50.0,,nan,부산,1
11243,40.0,6000.0,남,대구,0
11244,30.0,4000.0,nan,부산,1
11245,30.0,,nan,서울,1
11246,50.0,4000.0,여,대구,1
11247,30.0,4000.0,nan,대구,1
11248,50.0,4000.0,남,서울,0
11249,40.0,5000.0,여,부산,0
11250,30.0,,여,서울,0
11251,20.0,5000.0,nan,부산,1
11252,50.0,6000.0,남,서울,1
11253,30.0,6000.0,여,대구,0
11254,40.0,3000.0,남,대구,1
11255,40.0,3000.0,남,부산,1
11256,20.0,3000.0,nan,서울,0
11257,40.0,6000.0,남,부산,0
11258,40.0,4000.0,여,대구,1
11259,30.0,4000.0,nan,대구,0
11260,50.0,,여,부산,0
11261,,6000.0,남,부산,0
11262,40.0,3000.0,남,부산,1
11263,40.0,6000.0,nan,부산,0
11264,,4000.0,nan,부산,1
11265,40.0,4000.0,여,서울,0
11266,30.0,5000.0,여,부산,0
11267,30.0,5000.0,남,부산,0
11268,,,nan,대구,1
11269,40.0,6000.0,남,대구,0
11270,40.0,5000.0,남,서울,0
11271,50.0,5000.0,여,부산,0
11272,40.0,6000.0,여,부산,1
11273,30.0,4000.0,여,대구,0
11274,20.0,,nan,대구,0
11275,20.0,,여,대구,0
11276,20.0,,nan,부산,0
11277,20.0,5000.0,남,부산,0
11278,40.0,4000.0,nan,서울,0
11279,40.0,,여,대구,0
11280,50.0,6000.0,nan,대구,0
11281,40.0,,nan,대구,0
11282,20.0,3000.0,여,대구,0
11283,,4000.0,여,대구,1
11284,,3000.0,남,부산,0
11285,30.0,4000.0,nan,부산,0
11286,30.0,6000.0,남,대구,1
11287,40.0,5000.0,남,대구,0
11288,,5000.0,nan,부산,0
11289,20.0,4000.0,남,부산,0
11290,20.0,,nan,서울,0
11291,20.0,3000.0,남,부산,0
11292,40.0,6000.0,남,서울,1
11293,40.0,,nan,대구,0
11294,50.0,5000.0,여,대구,0
11295,20.0,,nan,대구,1
11296,20.0,3000.0,여,부산,0
11297,40.0,5000.0,nan,부산,0
11298,40.0,4000.0,nan,대구,0
11299,50.0,6000.0,여,대구,1
11300,50.0,6000.0,여,서울,0
11301,30.0,5000.0,nan,부산,0
11302,,4000.0,nan,부산,0
11303,20.0,3000.0,nan,서울,0
11304,20.0,6000.0,여,대구,0
11305,50.0,5000.0,nan,대구,0
11306,50.0,6000.0,여,부산,0
11307,30.0,4000.0,남,부산,1
11308,,3000.0,여,대구,1
11309,30.0,4000.0,남,서울,1
11310,,,nan,서울,0
11311,20.0,4000.0,nan,서울,0
11312,30.0,4000.0,여,부산,0
11313,50.0,6000.0,남,서울,0
11314,30.0,4000.0,nan,부산,0
11315,30.0,5000.0,nan,부산,0
11316,20.0,6000.0,남,대구,0
11317,50.0,6000.0,nan,대구,0
11318,50.0,,nan,서울,0
11319,40.0,5000.0,여,서울,0
11320,40.0,4000.0,nan,부산,1
11321,40.0,,남,대구,0
11322,20.0,5000.0,nan,대구,1
11323,30.0,,여,부산,1
11324,50.0,3000.0,nan,서울,1
11325,50.0,4000.0,남,서울,1
11326,30.0,,nan,부산,0
11327,50.0,3000.0,남,대구,0
11328,30.0,4000.0,여,부산,1
11329,20.0,,nan,부산,0
11330,20.0,,nan,서울,0
11331,20.0,,여,대구,0
11332,30.0,,남,서울,0
11333,30.0,6000.0,남,서울,1
11334,,,nan,대구,0
11335,50.0,6000.0,남,서울,0
11336,50.0,6000.0,남,부산,1
11337,,3000.0,nan,부산,0
11338,,4000.0,남,대구,1
11339,20.0,6000.0,남,부산,1
11340,,5000.0,nan,부산,1
11341,30.0,6000.0,nan,부산,0
11342,40.0,5000.0,남,부산,1
11343,30.0,3000.0,nan,서울,0
11344,,5000.0,남,부산,0
11345,50.0,3000.0,남,대구,0
11346,30.0,3000.0,남,서울,0
11347,50.0,3000.0,남,부산,1
11348,30.0,5000.0,nan,부산,0
11349,50.0,5000.0,nan,대구,0
11350,30.0,3000.0,여,서울,0
11351,50.0,3000.0,nan,부산,1
11352,40.0,4000.0,여,대구,1
11353,20.0,3000.0,남,서울,0
11354,30.0,,nan,서울,0
11355,40.0,4000.0,남,부산,0
11356,20.0,4000.0,여,대구,0
11357,30.0,4000.0,nan,대구,0
11358,40.0,,nan,부산,1
11359,40.0,4000.0,nan,부산,0
11360,40.0,4000.0,nan,부산,0
11361,,5000.0,남,대구,1
11362,50.0,5000.0,nan,서울,0
11363,20.0,3000.0,여,부산,0
11364,50.0,3000.0,nan,부산,1
11365,50.0,6000.0,여,서울,0
11366,50.0,,여,서울,1
11367,40.0,5000.0,남,대구,1
11368,50.0,3000.0,nan,부산,0
11369,,,여,대구,0
11370,30.0,4000.0,nan,서울,0
11371,40.0,,남,부산,0
11372,20.0,5000.0,남,대구,0
11373,30.0,6000.0,nan,대구,0
11374,30.0,5000.0,여,서울,1
11375,30.0,3000.0,남,부산,1
11376,50.0,3000.0,여,대구,0
11377,50.0,,여,대구,0
11378,40.0,5000.0,nan,서울,0
11379,50.0,3000.0,남,부산,1
11380,50.0,4000.0,nan,서울,0
11381,50.0,4000.0,nan,대구,0
11382,40.0,6000.0,nan,부산,0
11383,40.0,,여,서울,0
11384,,3000.0,nan,부산,1
11385,,6000.0,남,부산,0
11386,,4000.0,여,부산,0
11387,,6000.0,nan,대구,0
11388,30.0,6000.0,남,부산,1
11389,30.0,3000.0,nan,서울,0
11390,,3000.0,nan,부산,0
11391,,3000.0,nan,부산,1
11392,20.0,,여,대구,0
11393,30.0,6000.0,nan,서울,0
11394,20.0,6000.0,남,부산,0
11395,20.0,,nan,대구,1
11396,50.0,4000.0,nan,대구,0
11397,40.0,5000.0,여,부산,0
11398,30.0,4000.0,nan,부산,0
11399,,,남,부산,0
11400,,6000.0,남,대구,0
11401,40.0,6000.0,nan,부산,1
11402,30.0,3000.0,남,대구,0
11403,,3000.0,남,서울,1
11404,,6000.0,nan,부산,0
11405,50.0,6000.0,남,서울,1
11406,20.0,3000.0,남,서울,1
11407,,3000.0,nan,서울,0
11408,30.0,4000.0,여,대구,1
11409,40.0,6000.0,여,대구,0
11410,50.0,6000.0,nan,대구,0
11411,30.0,,여,대구,0
11412,50.0,4000.0,여,서울,0
11413,20.0,5000.0,여,대구,1
11414,,5000.0,여,서울,0
11415,30.0,5000.0,nan,서울,0
11416,40.0,3000.0,여,대구,0
11417,20.0,5000.0,여,서울,0
11418,20.0,,nan,대구,1
11419,50.0,3000.0,nan,서울,1
11420,20.0,3000.0,여,부산,0
11421,30.0,5000.0,남,대구,0
11422,50.0,3000.0,nan,서울,0
11423,20.0,4000.0,nan,대구,0
11424,40.0,4000.0,여,서울,0
11425,30.0,5000.0,남,대구,0
11426,40.0,,nan,부산,1
11427,40.0,3000.0,nan,부산,0
11428,50.0,6000.0,nan,대구,0
11429,,5000.0,남,대구,1
11430,50.0,3000.0,nan,서울,0
11431,30.0,5000.0,nan,서울,0
11432,30.0,5000.0,남,대구,0
11433,50.0,,nan,부산,0
11434,,6000.0,남,부산,1
11435,50.0,3000.0,남,대구,0
11436,30.0,5000.0,남,서울,1
11437,,5000.0,여,대구,1
11438,30.0,3000.0,nan,대구,0
11439,,5000.0,nan,부산,0
11440,,5000.0,nan,부산,0
11441,50.0,5000.0,남,서울,0
11442,50.0,4000.0,여,서울,0
11443,50.0,4000.0,남,대구,0
11444,,6000.0,nan,대구,0
11445,,,남,대구,1
11446,30.0,3000.0,여,대구,0
11447,40.0,,nan,부산,0
11448,50.0,,남,서울,1
11449,30.0,4000.0,여,서울,0
11450,30.0,6000.0,남,서울,0
11451,20.0,,남,서울,1
11452,50.0,,nan,부산,0
11453,30.0,5000.0,여,대구,0
11454,20.0,3000.0,남,서울,0
11455,50.0,6000.0,여,서울,0
11456,,3000.0,nan,대구,0
11457,20.0,4000.0,nan,부산,0
11458,,,nan,부산,0
11459,40.0,,여,서울,0
11460,40.0,3000.0,여,서울,1
11461,40.0,4000.0,남,서울,0
11462,40.0,5000.0,여,부산,0
11463,30.0,5000.0,nan,서울,1
11464,40.0,,남,대구,0
11465,30.0,,여,부산,0
11466,30.0,6000.0,nan,부산,0
11467,50.0,3000.0,nan,대구,1
11468,30.0,,남,대구,1
11469,30.0,4000.0,nan,부산,1
11470,40.0,3000.0,여,서울,0
11471,30.0,6000.0,nan,부산,0
11472,,5000.0,남,서울,0
11473,40.0,6000.0,nan,대구,1
11474,20.0,3000.0,nan,서울,0
11475,40.0,5000.0,여,대구,0
11476,30.0,4000.0,여,서울,0
11477,,5000.0,여,서울,0
11478,40.0,5000.0,여,대구,0
11479,,4000.0,nan,서울,0
11480,20.0,,여,부산,0
11481,20.0,,nan,서울,0
11482,50.0,5000.0,여,부산,0
11483,50.0,5000.0,여,대구,0
11484,40.0,6000.0,여,서울,0
11485,50.0,,nan,서울,0
11486,,4000.0,여,부산,1
11487,50.0,5000.0,nan,부산,0
11488,,5000.0,여,대구,0
11489,50.0,6000.0,여,부산,0
11490,50.0,6000.0,남,부산,0
11491,50.0,6000.0,여,부산,0
11492,30.0,3000.0,nan,서울,1
11493,30.0,4000.0,남,서울,0
11494,50.0,3000.0,nan,서울,1
11495,,5000.0,nan,서울,1
11496,40.0,6000.0,남,서울,0
11497,20.0,6000.0,여,부산,0
11498,30.0,6000.0,남,부산,0
11499,50.0,,nan,서울,0
11500,20.0,4000.0,여,서울,1
11501,30.0,3000.0,남,대구,1
11502,40.0,4000.0,nan,대구,0
11503,,6000.0,여,부산,0
11504,50.0,5000.0,nan,대구,0
11505,40.0,,여,부산,0
11506,30.0,4000.0,여,대구,0
11507,50.0,5000.0,남,서울,1
11508,20.0,6000.0,여,서울,0
11509,,6000.0,nan,부산,0
11510,30.0,6000.0,여,부산,0
11511,,6000.0,nan,부산,1
11512,50.0,,여,부산,1
11513,40.0,,여,대구,1
11514,,4000.0,남,서울,0
11515,20.0,6000.0,여,대구,0
11516,30.0,,여,서울,0
11517,20.0,5000.0,nan,서울,0
11518,,,nan,대구,1
11519,40.0,,nan,부산,0
11520,40.0,4000.0,여,대구,0
11521,20.0,,nan,대구,1
11522,50.0,5000.0,nan,대구,0
11523,50.0,6000.0,여,서울,0
11524,40.0,3000.0,nan,부산,0
11525,20.0,4000.0,남,서울,0
11526,20.0,5000.0,남,대구,1
11527,20.0,4000.0,nan,대구,1
11528,,6000.0,nan,서울,0
11529,50.0,,nan,서울,0
11530,50.0,,여,부산,0
11531,,5000.0,남,대구,0
11532,30.0,6000.0,남,서울,0
11533,,3000.0,nan,서울,1
11534,20.0,3000.0,nan,서울,0
11535,,,여,서울,0
11536,20.0,6000.0,여,대구,0
11537,40.0,6000.0,남,부산,0
11538,20.0,5000.0,여,서울,0
11539,50.0,3000.0,남,서울,0
11540,,5000.0,nan,부산,0
11541,20.0,4000.0,nan,대구,0
11542,30.0,6000.0,남,서울,0
11543,40.0,3000.0,nan,부산,1
11544,30.0,5000.0,여,부산,0
11545,30.0,,nan,대구,0
11546,30.0,4000.0,nan,부산,0
11547,40.0,5000.0,남,대구,0
11548,40.0,,여,부산,0
11549,40.0,3000.0,여,서울,1
11550,40.0,3000.0,nan,대구,1
11551,30.0,4000.0,nan,부산,0
11552,50.0,,여,서울,0
11553,50.0,6000.0,여,부산,0
11554,40.0,3000.0,남,서울,0
11555,,6000.0,nan,대구,0
11556,20.0,6000.0,nan,서울,1
11557,,5000.0,여,부산,0
11558,,5000.0,남,서울,0
11559,,3000.0,여,서울,0
11560,50.0,6000.0,nan,대구,0
11561,20.0,5000.0,nan,서울,0
11562,,,nan,서울,1
11563,40.0,,nan,부산,0
11564,50.0,,남,부산,0
11565,40.0,,nan,대구,1
11566,40.0,6000.0,여,대구,1
11567,,,남,대구,1
11568,40.0,6000.0,남,부산,0
11569,20.0,3000.0,nan,서울,1
11570,40.0,3000.0,남,대구,1
11571,,,nan,부산,1
11572,40.0,,남,부산,1
11573,50.0,,남,대구,1
11574,50.0,3000.0,여,부산,0
11575,50.0,5000.0,여,서울,0
11576,30.0,3000.0,여,부산,0
11577,50.0,,남,부산,0
11578,50.0,5000.0,여,서울,0
11579,30.0,5000.0,여,대구,0
11580,50.0,4000.0,여,부산,0
11581,,6000.0,남,서울,0
11582,50.0,,nan,대구,0
11583,50.0,6000.0,여,서울,0
11584,30.0,4000.0,남,부산,1
11585,,6000.0,남,서울,1
11586,40.0,,nan,대구,0
11587,20.0,4000.0,여,대구,0
11588,,6000.0,남,대구,0
11589,40.0,3000.0,남,서울,0
11590,,5000.0,남,서울,1
11591,40.0,4000.0,nan,대구,0
11592,40.0,3000.0,여,대구,0
11593,,,남,대구,1
11594,30.0,5000.0,남,부산,1
11595,,4000.0,남,부산,0
11596,,5000.0,남,부산,0
11597,40.0,4000.0,여,대구,0
11598,20.0,4000.0,여,부산,0
11599,40.0,6000.0,남,대구,1
11600,50.0,5000.0,남,서울,1
11601,,5000.0,남,대구,0
11602,,3000.0,nan,대구,1
11603,30.0,,nan,부산,0
11604,40.0,3000.0,nan,서울,0
11605,30.0,6000.0,남,서울,0
11606,,4000.0,nan,서울,1
11607,40.0,6000.0,여,부산,1
11608,40.0,6000.0,nan,부산,0
11609,50.0,3000.0,남,부산,0
11610,50.0,4000.0,여,부산,0
11611,20.0,,남,부산,1
11612,50.0,6000.0,여,대구,0
11613,40.0,,nan,서울,0
11614,50.0,4000.0,nan,부산,1
11615,20.0,4000.0,여,서울,0
11616,,3000.0,여,부산,0
11617,50.0,5000.0,남,대구,1
11618,40.0,3000.0,여,서울,0
11619,,,남,부산,0
11620,40.0,3000.0,여,대구,0
11621,,4000.0,여,대구,0
11622,40.0,6000.0,nan,서울,0
11623,50.0,5000.0,nan,부산,0
11624,50.0,4000.0,남,대구,0
11625,20.0,6000.0,남,대구,0
11626,,,남,대구,0
11627,20.0,,여,서울,0
11628,30.0,,여,서울,0
11629,50.0,3000.0,남,부산,0
11630,,,여,부산,0
11631,20.0,,nan,서울,0
11632,20.0,3000.0,여,서울,0
11633,30.0,6000.0,nan,서울,0
11634,20.0,4000.0,남,대구,1
11635,40.0,5000.0,여,서울,0
11636,50.0,,남,부산,0
11637,20.0,,nan,대구,0
11638,20.0,,남,서울,0
11639,30.0,3000.0,nan,부산,0
11640,40.0,3000.0,nan,서울,0
11641,20.0,3000.0,남,부산,1
11642,50.0,5000.0,nan,대구,0
11643,50.0,4000.0,남,대구,0
11644,20.0,,남,부산,0
11645,40.0,6000.0,남,부산,0
11646,50.0,,nan,대구,1
11647,50.0,,nan,대구,0
11648,40.0,,여,부산,0
11649,40.0,,남,부산,0
11650,20.0,4000.0,남,서울,1
11651,,6000.0,남,서울,0
11652,30.0,3000.0,남,대구,0
11653,,6000.0,남,대구,0
11654,,,남,서울,0
11655,50.0,6000.0,남,서울,0
11656,40.0,,여,대구,0
11657,50.0,6000.0,여,대구,1
11658,30.0,5000.0,남,부산,0
11659,20.0,6000.0,남,부산,0
11660,30.0,3000.0,여,대구,1
11661,50.0,3000.0,여,서울,1
11662,50.0,6000.0,남,부산,0
11663,50.0,6000.0,남,대구,0
11664,50.0,4000.0,여,서울,1
11665,,6000.0,여,서울,0
11666,20.0,3000.0,남,대구,0
11667,,5000.0,여,부산,0
11668,50.0,3000.0,남,부산,0
11669,40.0,4000.0,nan,대구,1
11670,,6000.0,남,서울,0
11671,50.0,5000.0,남,부산,0
11672,50.0,3000.0,남,대구,0
11673,20.0,5000.0,여,부산,0
11674,30.0,,남,대구,1
11675,,3000.0,남,부산,0
11676,,,여,부산,0
11677,,5000.0,nan,부산,0
11678,50.0,6000.0,nan,대구,0
11679,20.0,6000.0,여,대구,0
11680,50.0,6000.0,남,서울,1
11681,50.0,,nan,부산,0
11682,40.0,6000.0,nan,부산,0
11683,20.0,4000.0,여,대구,0
11684,,3000.0,nan,부산,0
11685,30.0,3000.0,nan,대구,0
11686,,5000.0,여,서울,0
11687,50.0,,nan,부산,0
11688,20.0,3000.0,남,대구,1
11689,20.0,,여,대구,1
11690,20.0,5000.0,남,부산,0
11691,40.0,6000.0,남,서울,0
11692,,5000.0,여,대구,0
11693,40.0,4000.0,nan,부산,1
11694,30.0,6000.0,여,서울,1
11695,50.0,6000.0,nan,대구,0
11696,40.0,6000.0,남,서울,1
11697,40.0,5000.0,nan,대구,0
11698,50.0,4000.0,남,부산,0
11699,20.0,,남,부산,0
11700,50.0,5000.0,남,부산,1
11701,,3000.0,여,서울,0
11702,50.0,3000.0,nan,서울,1
11703,20.0,5000.0,nan,부산,0
11704,50.0,,nan,대구,0
11705,40.0,3000.0,남,서울,0
11706,30.0,,여,서울,0
11707,40.0,6000.0,nan,대구,0
11708,30.0,5000.0,nan,대구,1
11709,50.0,6000.0,여,부산,0
11710,,3000.0,nan,서울,0
11711,50.0,,여,대구,0
11712,20.0,6000.0,여,대구,1
11713,50.0,3000.0,nan,부산,0
11714,30.0,4000.0,여,부산,1
11715,40.0,6000.0,여,서울,1
11716,,4000.0,nan,대구,0
11717,50.0,4000.0,남,부산,0
11718,50.0,3000.0,nan,서울,0
11719,40.0,5000.0,nan,부산,0
11720,,,남,서울,0
11721,50.0,3000.0,여,대구,0
11722,50.0,6000.0,nan,부산,1
11723,30.0,,남,서울,1
11724,30.0,5000.0,남,서울,0
11725,20.0,3000.0,nan,대구,0
11726,40.0,5000.0,nan,부산,0
11727,,6000.0,남,서울,1
11728,50.0,3000.0,nan,서울,0
11729,50.0,6000.0,남,서울,0
11730,20.0,,nan,서울,0
11731,50.0,,남,부산,0
11732,40.0,5000.0,nan,부산,0
11733,20.0,5000.0,nan,서울,0
11734,40.0,,nan,부산,0
11735,20.0,4000.0,여,부산,0
11736,50.0,,nan,대구,1
11737,20.0,3000.0,남,대구,0
11738,30.0,6000.0,남,서울,0
11739,,,여,대구,1
11740,50.0,,여,부산,1
11741,,6000.0,여,서울,0
11742,50.0,6000.0,nan,대구,0
11743,,3000.0,nan,서울,1
11744,30.0,6000.0,남,서울,0
11745,,5000.0,남,대구,1
11746,20.0,,nan,부산,0
11747,,6000.0,남,부산,1
11748,50.0,3000.0,nan,대구,0
11749,40.0,6000.0,여,대구,0
11750,,,nan,대구,1
11751,,4000.0,nan,대구,0
11752,,6000.0,nan,서울,0
11753,50.0,5000.0,남,부산,0
11754,,,nan,부산,0
11755,50.0,3000.0,nan,대구,0
11756,50.0,,nan,부산,0
11757,40.0,4000.0,여,부산,0
11758,20.0,3000.0,nan,부산,0
11759,50.0,4000.0,nan,대구,1
11760,30.0,4000.0,nan,대구,0
11761,,5000.0,남,부산,0
11762,30.0,6000.0,여,대구,1
11763,,5000.0,여,부산,1
11764,40.0,5000.0,nan,대구,0
11765,50.0,5000.0,nan,부산,0
11766,20.0,3000.0,남,대구,0
11767,50.0,6000.0,nan,부산,0
11768,,6000.0,남,대구,1
11769,20.0,3000.0,nan,대구,0
11770,50.0,5000.0,남,부산,1
11771,20.0,5000.0,여,서울,0
11772,,4000.0,nan,부산,0
11773,40.0,4000.0,남,부산,0
11774,40.0,,남,서울,0
11775,50.0,4000.0,nan,대구,0
11776,30.0,6000.0,남,서울,0
11777,,3000.0,nan,부산,0
11778,50.0,5000.0,nan,서울,0
11779,50.0,,남,대구,0
11780,40.0,4000.0,남,부산,0
11781,20.0,,남,부산,0
11782,,3000.0,여,대구,0
11783,20.0,3000.0,nan,대구,1
11784,,,nan,부산,1
11785,30.0,,여,대구,1
11786,40.0,,여,서울,1
11787,30.0,5000.0,남,서울,0
11788,50.0,6000.0,nan,서울,0
11789,40.0,4000.0,여,서울,0
11790,50.0,4000.0,여,대구,0
11791,30.0,4000.0,nan,서울,0
11792,,,nan,서울,0
11793,50.0,,nan,부산,0
11794,20.0,,남,대구,0
11795,,5000.0,여,대구,0
11796,,5000.0,남,대구,1
11797,30.0,5000.0,nan,부산,0
11798,30.0,5000.0,nan,부산,1
11799,40.0,3000.0,여,대구,0
11800,40.0,5000.0,남,서울,0
11801,20.0,5000.0,남,부산,0
11802,,5000.0,남,부산,0
11803,20.0,4000.0,nan,부산,1
11804,20.0,4000.0,여,대구,0
11805,30.0,4000.0,남,서울,0
11806,20.0,6000.0,nan,부산,0
11807,20.0,3000.0,nan,부산,1
11808,50.0,,남,대구,1
11809,40.0,5000.0,여,서울,1
11810,40.0,4000.0,여,부산,0
11811,,3000.0,남,대구,0
11812,40.0,5000.0,nan,대구,0
11813,,6000.0,nan,부산,0
11814,50.0,,남,대구,0
11815,40.0,5000.0,nan,대구,0
11816,50.0,,nan,부산,0
11817,40.0,5000.0,남,대구,0
11818,40.0,6000.0,nan,서울,0
11819,50.0,3000.0,남,서울,0
11820,20.0,,남,부산,0
11821,20.0,,남,서울,0
11822,20.0,3000.0,nan,서울,0
11823,20.0,,남,부산,0
11824,40.0,4000.0,nan,대구,0
11825,30.0,3000.0,남,서울,0
11826,50.0,6000.0,여,대구,1
11827,30.0,5000.0,nan,부산,0
11828,30.0,5000.0,nan,서울,0
11829,,3000.0,nan,부산,0
11830,20.0,4000.0,여,대구,1
11831,40.0,6000.0,남,부산,0
11832,20.0,5000.0,여,서울,1
11833,20.0,5000.0,남,부산,1
11834,30.0,4000.0,남,부산,0
11835,,,남,부산,0
11836,20.0,3000.0,남,대구,0
11837,50.0,4000.0,남,대구,0
11838,50.0,4000.0,여,대구,0
11839,20.0,4000.0,nan,대구,1
11840,30.0,4000.0,여,서울,0
11841,30.0,,nan,대구,0
11842,40.0,6000.0,nan,대구,0
11843,,4000.0,nan,서울,0
11844,30.0,4000.0,여,대구,0
11845,40.0,3000.0,남,부산,1
11846,50.0,5000.0,남,대구,0
11847,50.0,,nan,서울,0
11848,50.0,4000.0,남,부산,0
11849,20.0,6000.0,남,서울,1
11850,,6000.0,여,부산,1
11851,40.0,6000.0,남,부산,0
11852,,3000.0,남,부산,0
11853,20.0,6000.0,여,서울,0
11854,40.0,3000.0,남,부산,1
11855,40.0,,nan,부산,0
11856,30.0,6000.0,여,부산,0
11857,,5000.0,남,부산,0
11858,,4000.0,남,부산,0
11859,30.0,,여,대구,0
11860,50.0,5000.0,nan,서울,0
11861,20.0,,여,부산,0
11862,,6000.0,nan,부산,0
11863,30.0,,여,부산,0
11864,40.0,,남,부산,0
11865,30.0,,여,부산,1
11866,50.0,3000.0,여,대구,0
11867,20.0,5000.0,nan,대구,0
11868,50.0,6000.0,여,부산,1
11869,40.0,4000.0,nan,부산,1
11870,40.0,6000.0,여,부산,0
11871,40.0,6000.0,남,서울,0
11872,40.0,3000.0,여,서울,1
11873,30.0,3000.0,남,대구,0
11874,40.0,,nan,대구,1
11875,40.0,6000.0,nan,서울,1
11876,30.0,5000.0,nan,부산,0
11877,40.0,3000.0,nan,대구,0
11878,50.0,3000.0,여,부산,0
11879,50.0,5000.0,여,부산,1
11880,,3000.0,여,대구,1
11881,50.0,5000.0,남,서울,0
11882,20.0,4000.0,여,서울,0
11883,20.0,5000.0,남,서울,0
11884,20.0,4000.0,남,부산,1
11885,30.0,,여,부산,1
11886,50.0,,남,부산,0
11887,20.0,3000.0,nan,서울,0
11888,,5000.0,여,부산,0
11889,30.0,3000.0,여,대구,1
11890,,5000.0,남,부산,0
11891,50.0,3000.0,여,대구,1
11892,40.0,,여,서울,0
11893,,,남,부산,0
11894,40.0,3000.0,여,부산,0
11895,30.0,5000.0,여,서울,1
11896,,6000.0,여,부산,0
11897,,5000.0,남,대구,0
11898,30.0,3000.0,여,서울,0
11899,30.0,5000.0,여,대구,1
11900,20.0,4000.0,여,서울,0
11901,50.0,5000.0,nan,대구,0
11902,,,여,대구,0
11903,,,남,대구,1
11904,30.0,4000.0,nan,부산,1
11905,30.0,5000.0,남,부산,0
11906,50.0,6000.0,여,부산,1
11907,30.0,5000.0,여,부산,0
11908,40.0,,여,부산,0
11909,40.0,,nan,대구,1
11910,40.0,3000.0,여,부산,0
11911,40.0,,남,대구,1
11912,50.0,3000.0,nan,서울,0
11913,,,남,대구,0
11914,40.0,,남,부산,0
11915,30.0,6000.0,남,서울,0
11916,40.0,3000.0,남,부산,0
11917,50.0,3000.0,남,서울,0
11918,30.0,,여,대구,0
11919,40.0,3000.0,남,서울,1
11920,,,남,부산,0
11921,30.0,,여,서울,1
11922,30.0,5000.0,nan,대구,0
11923,,3000.0,여,서울,0
11924,30.0,4000.0,nan,대구,0
11925,40.0,3000.0,남,서울,0
11926,30.0,3000.0,여,대구,1
11927,40.0,6000.0,nan,대구,1
11928,,4000.0,nan,대구,0
11929,20.0,4000.0,여,대구,0
11930,,6000.0,여,부산,0
11931,40.0,6000.0,여,대구,1
11932,50.0,3000.0,여,부산,1
11933,,5000.0,여,대구,0
11934,50.0,6000.0,남,서울,0
11935,50.0,4000.0,남,서울,0
11936,40.0,4000.0,여,부산,1
11937,40.0,3000.0,여,서울,1
11938,20.0,5000.0,남,대구,1
11939,30.0,,nan,서울,0
11940,,6000.0,남,부산,0
11941,40.0,6000.0,여,서울,0
11942,,3000.0,nan,부산,0
11943,50.0,5000.0,여,대구,0
11944,30.0,4000.0,nan,대구,1
11945,20.0,4000.0,여,서울,0
11946,,,남,서울,0
11947,30.0,4000.0,여,서울,1
11948,20.0,6000.0,남,대구,1
11949,,,nan,서울,0
11950,30.0,5000.0,남,대구,1
11951,40.0,,nan,부산,1
11952,,5000.0,여,서울,0
11953,30.0,4000.0,남,서울,0
11954,20.0,3000.0,nan,부산,1
11955,30.0,,nan,부산,1
11956,40.0,,nan,부산,0
11957,,6000.0,nan,부산,0
11958,,6000.0,여,대구,1
11959,,5000.0,여,서울,1
11960,40.0,3000.0,여,대구,0
11961,20.0,6000.0,nan,대구,0
11962,,6000.0,여,부산,1
11963,20.0,4000.0,nan,서울,0
11964,30.0,4000.0,nan,대구,0
11965,20.0,6000.0,nan,대구,0
11966,20.0,5000.0,남,부산,0
11967,,3000.0,여,서울,0
11968,50.0,6000.0,여,서울,0
11969,50.0,5000.0,남,서울,0
11970,40.0,5000.0,남,대구,1
11971,40.0,6000.0,남,부산,0
11972,50.0,5000.0,남,서울,0
11973,30.0,,nan,대구,0
11974,,5000.0,여,대구,0
11975,,6000.0,여,서울,0
11976,30.0,5000.0,여,부산,1
11977,30.0,6000.0,nan,부산,0
11978,50.0,4000.0,여,서울,0
11979,40.0,6000.0,남,대구,1
11980,30.0,5000.0,여,부산,0
11981,40.0,6000.0,여,대구,0
11982,20.0,3000.0,nan,대구,1
11983,,6000.0,남,부산,1
11984,50.0,6000.0,남,대구,1
11985,,3000.0,남,대구,0
11986,50.0,3000.0,여,서울,1
11987,20.0,3000.0,남,부산,1
11988,,,남,대구,0
11989,20.0,6000.0,여,부산,0
11990,50.0,3000.0,nan,부산,0
11991,30.0,3000.0,여,대구,0
11992,,4000.0,nan,부산,0
11993,20.0,,nan,서울,0
11994,,6000.0,남,서울,0
11995,,5000.0,남,대구,0
11996,,,여,부산,0
11997,40.0,,nan,대구,0
11998,20.0,4000.0,여,부산,0
11999,20.0,6000.0,남,대구,1
12000,,6000.0,nan,대구,0
12001,30.0,3000.0,남,부산,0
12002,,3000.0,남,서울,0
12003,40.0,,남,대구,1
12004,50.0,4000.0,nan,서울,0
12005,40.0,6000.0,nan,부산,1
12006,30.0,4000.0,남,대구,0
12007,,5000.0,nan,부산,0
12008,20.0,6000.0,남,서울,0
12009,,3000.0,남,부산,0
12010,30.0,,남,대구,0
12011,20.0,4000.0,nan,서울,1
12012,40.0,3000.0,여,대구,0
12013,50.0,,여,서울,0
12014,50.0,3000.0,nan,부산,1
12015,,6000.0,nan,부산,0
12016,40.0,4000.0,남,대구,0
12017,30.0,5000.0,남,대구,0
12018,50.0,3000.0,여,대구,0
12019,40.0,4000.0,남,서울,0
12020,,6000.0,여,서울,0
12021,20.0,3000.0,여,대구,0
12022,,6000.0,nan,서울,1
12023,,5000.0,nan,서울,1
12024,40.0,5000.0,nan,부산,0
12025,50.0,,여,부산,0
12026,40.0,,nan,부산,0
12027,20.0,,여,대구,0
12028,40.0,6000.0,nan,부산,1
12029,30.0,,여,부산,0
12030,,4000.0,남,서울,1
12031,50.0,6000.0,남,부산,0
12032,20.0,6000.0,여,서울,0
12033,,,여,부산,0
12034,40.0,,남,대구,1
12035,30.0,6000.0,여,대구,1
12036,40.0,5000.0,여,부산,0
12037,,5000.0,남,부산,0
12038,20.0,,여,부산,1
12039,50.0,5000.0,nan,대구,0
12040,,4000.0,남,서울,0
12041,20.0,4000.0,nan,서울,0
12042,,4000.0,여,부산,0
12043,30.0,6000.0,여,대구,0
12044,40.0,6000.0,nan,서울,0
12045,50.0,6000.0,여,부산,0
12046,20.0,6000.0,여,대구,0
12047,50.0,6000.0,nan,대구,0
12048,50.0,,여,서울,0
12049,50.0,5000.0,남,대구,1
12050,20.0,,nan,부산,1
12051,20.0,5000.0,nan,부산,0
12052,50.0,,nan,서울,0
12053,40.0,4000.0,nan,대구,0
12054,,3000.0,남,서울,0
12055,50.0,6000.0,nan,서울,1
12056,30.0,3000.0,nan,대구,0
12057,50.0,3000.0,여,서울,0
12058,20.0,4000.0,nan,대구,0
12059,,3000.0,여,부산,0
12060,30.0,3000.0,nan,서울,0
12061,,4000.0,nan,대구,1
12062,,5000.0,남,대구,1
12063,30.0,,여,대구,0
12064,50.0,3000.0,남,서울,0
12065,50.0,6000.0,여,부산,0
12066,50.0,4000.0,nan,서울,0
12067,40.0,3000.0,남,부산,0
12068,50.0,5000.0,여,서울,1
12069,30.0,5000.0,여,서울,0
12070,40.0,6000.0,남,서울,0
12071,50.0,3000.0,여,부산,0
12072,40.0,6000.0,nan,대구,0
12073,30.0,5000.0,여,서울,0
12074,50.0,5000.0,nan,서울,0
12075,20.0,,여,부산,1
12076,30.0,5000.0,남,서울,0
12077,,4000.0,nan,대구,0
12078,,,여,대구,0
12079,30.0,6000.0,nan,부산,0
12080,,5000.0,남,부산,0
12081,30.0,4000.0,여,대구,0
12082,20.0,,여,대구,0
12083,30.0,4000.0,nan,대구,0
12084,50.0,,남,부산,0
12085,50.0,,남,대구,1
12086,40.0,,여,대구,1
12087,,6000.0,nan,대구,0
12088,,,여,서울,1
12089,30.0,,여,부산,1
12090,,4000.0,nan,부산,0
12091,50.0,,남,부산,0
12092,20.0,6000.0,여,부산,0
12093,30.0,4000.0,여,서울,0
12094,,,nan,서울,0
12095,50.0,4000.0,nan,서울,0
12096,40.0,6000.0,여,서울,0
12097,,4000.0,남,서울,0
12098,20.0,6000.0,nan,부산,0
12099,20.0,5000.0,여,부산,1
12100,,,남,부산,1
12101,,6000.0,nan,서울,1
12102,50.0,,nan,대구,0
12103,,6000.0,여,부산,0
12104,40.0,3000.0,nan,부산,0
12105,50.0,3000.0,여,대구,1
12106,30.0,3000.0,nan,서울,1
12107,40.0,6000.0,남,대구,0
12108,50.0,,남,대구,0
12109,50.0,3000.0,nan,부산,1
12110,20.0,,여,부산,1
12111,50.0,6000.0,nan,서울,1
12112,40.0,,여,대구,0
12113,,,nan,서울,0
12114,40.0,3000.0,남,대구,0
12115,30.0,4000.0,여,부산,1
12116,50.0,5000.0,남,대구,0
12117,50.0,6000.0,남,서울,0
12118,50.0,6000.0,남,대구,0
12119,50.0,6000.0,nan,서울,1
12120,20.0,5000.0,여,대구,0
12121,20.0,4000.0,남,부산,0
12122,,,여,부산,1
12123,50.0,6000.0,여,서울,0
12124,30.0,,남,부산,0
12125,,3000.0,nan,대구,1
12126,50.0,3000.0,남,대구,0
12127,20.0,3000.0,남,부산,1
12128,30.0,6000.0,여,서울,1
12129,,5000.0,nan,대구,0
12130,30.0,6000.0,여,서울,1
12131,50.0,3000.0,nan,대구,0
12132,40.0,3000.0,남,서울,0
12133,30.0,6000.0,nan,서울,0
12134,30.0,5000.0,여,대구,0
12135,20.0,5000.0,남,대구,1
12136,50.0,,nan,서울,1
12137,30.0,4000.0,nan,대구,0
12138,50.0,3000.0,여,부산,0
12139,20.0,5000.0,nan,대구,0
12140,50.0,3000.0,남,서울,1
12141,20.0,4000.0,nan,대구,0
12142,20.0,3000.0,여,대구,0
12143,,5000.0,nan,서울,1
12144,50.0,,남,대구,1
12145,40.0,6000.0,남,서울,0
12146,,6000.0,nan,서울,1
12147,20.0,5000.0,nan,서울,0
12148,40.0,5000.0,남,서울,0
12149,30.0,4000.0,여,부산,1
12150,30.0,3000.0,남,부산,1
12151,,4000.0,nan,서울,0
12152,40.0,6000.0,nan,대구,0
12153,50.0,3000.0,여,부산,1
12154,40.0,4000.0,남,서울,0
12155,,6000.0,남,부산,0
12156,50.0,3000.0,여,서울,0
12157,50.0,,남,부산,0
12158,30.0,,여,서울,0
12159,40.0,4000.0,남,부산,0
12160,50.0,5000.0,여,부산,0
12161,,3000.0,여,대구,0
12162,30.0,4000.0,여,부산,0
12163,50.0,5000.0,nan,대구,1
12164,40.0,5000.0,nan,부산,0
12165,30.0,3000.0,nan,서울,0
12166,40.0,3000.0,남,대구,1
12167,40.0,5000.0,여,부산,1
12168,40.0,6000.0,남,대구,0
12169,30.0,4000.0,남,서울,0
12170,50.0,3000.0,여,서울,0
12171,20.0,5000.0,nan,서울,1
12172,50.0,6000.0,남,서울,0
12173,30.0,,남,서울,0
12174,20.0,5000.0,남,대구,0
12175,20.0,6000.0,nan,대구,1
12176,20.0,,여,부산,0
12177,,6000.0,여,부산,0
12178,30.0,3000.0,남,서울,1
12179,,5000.0,여,서울,0
12180,20.0,,nan,대구,0
12181,,6000.0,여,서울,0
12182,,,남,서울,0
12183,30.0,4000.0,남,서울,0
12184,40.0,5000.0,여,부산,0
12185,,3000.0,남,대구,1
12186,,,nan,부산,1
12187,20.0,6000.0,nan,서울,0
12188,20.0,,nan,서울,0
12189,20.0,6000.0,nan,부산,1
12190,50.0,,남,부산,1
12191,,3000.0,남,대구,0
12192,20.0,3000.0,여,서울,0
12193,30.0,5000.0,남,서울,1
12194,50.0,3000.0,여,부산,0
12195,40.0,,남,대구,0
12196,,,여,대구,1
12197,,3000.0,여,서울,0
12198,30.0,4000.0,nan,서울,0
12199,40.0,,여,부산,0
12200,40.0,5000.0,여,서울,1
12201,50.0,4000.0,여,부산,1
12202,,3000.0,여,서울,0
12203,20.0,6000.0,여,서울,0
12204,30.0,,nan,서울,0
12205,30.0,6000.0,여,대구,1
12206,30.0,5000.0,여,서울,0
12207,30.0,4000.0,여,서울,0
12208,20.0,6000.0,남,대구,0
12209,20.0,5000.0,남,대구,0
12210,50.0,6000.0,nan,서울,1
12211,,6000.0,여,대구,0
12212,20.0,5000.0,여,대구,1
12213,50.0,,남,대구,0
12214,40.0,6000.0,여,대구,0
12215,,5000.0,nan,부산,1
12216,20.0,6000.0,여,서울,0
12217,40.0,,nan,부산,0
12218,50.0,5000.0,남,서울,1
12219,20.0,6000.0,nan,대구,0
12220,20.0,3000.0,nan,부산,0
12221,40.0,,nan,대구,0
12222,20.0,6000.0,nan,대구,1
12223,30.0,4000.0,nan,대구,0
12224,20.0,5000.0,nan,서울,0
12225,,6000.0,nan,대구,1
12226,40.0,,nan,서울,0
12227,,,nan,서울,0
12228,50.0,4000.0,남,대구,0
12229,,4000.0,nan,서울,1
12230,30.0,6000.0,nan,부산,1
12231,30.0,3000.0,여,서울,0
12232,,,여,대구,0
12233,50.0,3000.0,여,대구,0
12234,20.0,3000.0,nan,부산,0
12235,30.0,6000.0,남,부산,0
12236,,5000.0,남,서울,0
12237,,5000.0,여,서울,1
12238,,5000.0,여,부산,0
12239,20.0,4000.0,nan,대구,1
12240,40.0,,남,대구,0
12241,50.0,4000.0,남,부산,0
12242,40.0,,여,부산,0
12243,50.0,,남,대구,1
12244,50.0,,여,대구,1
12245,,6000.0,여,서울,0
12246,30.0,5000.0,nan,부산,0
12247,,4000.0,여,부산,1
12248,20.0,4000.0,nan,부산,1
12249,50.0,6000.0,남,대구,1
12250,30.0,,남,서울,0
12251,50.0,5000.0,여,대구,1
12252,50.0,3000.0,여,부산,0
12253,,3000.0,nan,부산,0
12254,30.0,6000.0,nan,부산,0
12255,30.0,5000.0,남,부산,0
12256,50.0,3000.0,남,부산,0
12257,30.0,3000.0,여,대구,0
12258,30.0,4000.0,여,서울,0
12259,,5000.0,nan,부산,1
12260,40.0,3000.0,여,부산,1
12261,20.0,4000.0,nan,부산,0
12262,40.0,5000.0,남,대구,0
12263,30.0,,남,대구,0
12264,50.0,5000.0,여,부산,0
12265,20.0,6000.0,nan,부산,0
12266,20.0,4000.0,여,부산,0
12267,50.0,,여,부산,0
12268,20.0,4000.0,nan,부산,1
12269,50.0,4000.0,여,대구,1
12270,20.0,3000.0,nan,부산,1
12271,40.0,5000.0,nan,부산,0
12272,20.0,4000.0,여,부산,1
12273,,4000.0,nan,대구,0
12274,50.0,6000.0,남,부산,0
12275,20.0,6000.0,남,대구,1
12276,50.0,6000.0,남,서울,1
12277,,4000.0,남,대구,0
12278,20.0,,여,부산,0
12279,20.0,5000.0,남,대구,1
12280,,4000.0,남,부산,1
12281,,3000.0,남,대구,0
12282,,,남,대구,0
12283,50.0,,여,서울,0
12284,,5000.0,남,대구,0
12285,50.0,,nan,서울,0
12286,40.0,5000.0,nan,서울,0
12287,20.0,,여,대구,1
12288,20.0,5000.0,여,대구,1
12289,30.0,6000.0,여,대구,0
12290,40.0,6000.0,남,서울,0
12291,,,여,부산,0
12292,,,남,부산,0
12293,40.0,5000.0,여,서울,0
12294,,5000.0,nan,서울,0
12295,30.0,4000.0,nan,대구,1
12296,50.0,6000.0,남,대구,1
12297,20.0,4000.0,여,부산,1
12298,40.0,4000.0,nan,부산,0
12299,20.0,3000.0,남,부산,1
12300,50.0,5000.0,nan,대구,0
12301,40.0,3000.0,여,대구,0
12302,50.0,3000.0,남,서울,0
12303,,4000.0,nan,대구,1
12304,,3000.0,여,부산,0
12305,,5000.0,남,서울,0
12306,50.0,4000.0,nan,대구,0
12307,50.0,5000.0,nan,부산,0
12308,50.0,,남,대구,0
12309,20.0,3000.0,여,서울,0
12310,50.0,4000.0,남,대구,1
12311,,6000.0,nan,부산,1
12312,30.0,5000.0,nan,서울,1
12313,50.0,3000.0,nan,부산,0
12314,30.0,5000.0,여,서울,0
12315,,5000.0,nan,대구,0
12316,50.0,,nan,대구,1
12317,20.0,5000.0,남,부산,0
12318,20.0,,nan,대구,0
12319,30.0,,남,서울,0
12320,20.0,,nan,대구,0
12321,20.0,3000.0,남,대구,0
12322,20.0,5000.0,남,대구,1
12323,,5000.0,남,대구,0
12324,20.0,,남,대구,0
12325,40.0,5000.0,여,대구,0
12326,50.0,5000.0,nan,대구,0
12327,20.0,,여,대구,0
12328,20.0,6000.0,nan,부산,1
12329,20.0,6000.0,남,부산,0
12330,40.0,,nan,대구,0
12331,20.0,3000.0,남,부산,0
12332,20.0,5000.0,nan,대구,0
12333,50.0,5000.0,남,대구,1
12334,40.0,6000.0,nan,대구,1
12335,40.0,,nan,부산,1
12336,20.0,3000.0,nan,서울,0
12337,40.0,,남,대구,0
12338,30.0,6000.0,nan,대구,1
12339,40.0,6000.0,남,서울,0
12340,40.0,5000.0,여,부산,1
12341,40.0,4000.0,nan,서울,1
12342,,3000.0,남,대구,0
12343,,3000.0,남,서울,0
12344,,4000.0,남,대구,0
12345,40.0,6000.0,여,부산,0
12346,30.0,,남,부산,0
12347,40.0,3000.0,여,부산,0
12348,20.0,4000.0,여,대구,0
12349,30.0,5000.0,남,부산,0
12350,,5000.0,nan,서울,0
12351,50.0,6000.0,여,부산,1
12352,30.0,3000.0,남,대구,1
12353,,,여,서울,0
12354,30.0,3000.0,남,서울,1
12355,30.0,5000.0,남,서울,0
12356,40.0,3000.0,여,서울,0
12357,20.0,5000.0,남,대구,1
12358,50.0,4000.0,여,부산,0
12359,,4000.0,남,서울,0
12360,30.0,5000.0,nan,부산,0
12361,50.0,,nan,부산,1
12362,30.0,,여,부산,0
12363,20.0,3000.0,여,부산,1
12364,50.0,5000.0,여,대구,0
12365,,6000.0,여,서울,1
12366,30.0,,nan,서울,0
12367,20.0,,여,부산,0
12368,50.0,4000.0,남,서울,0
12369,30.0,,남,부산,0
12370,30.0,,여,대구,0
12371,,,남,서울,0
12372,20.0,5000.0,여,부산,0
12373,40.0,5000.0,남,서울,1
12374,30.0,4000.0,남,부산,1
12375,50.0,3000.0,여,서울,1
12376,,,여,대구,1
12377,,3000.0,nan,서울,0
12378,30.0,5000.0,여,대구,0
12379,30.0,,nan,대구,1
12380,30.0,3000.0,여,부산,1
12381,40.0,3000.0,남,부산,0
12382,30.0,6000.0,nan,서울,0
12383,20.0,5000.0,남,대구,0
12384,50.0,4000.0,여,부산,0
12385,30.0,4000.0,여,대구,0
12386,40.0,6000.0,여,대구,1
12387,50.0,3000.0,여,대구,0
12388,,6000.0,nan,서울,0
12389,30.0,6000.0,nan,대구,0
12390,50.0,5000.0,여,대구,1
12391,,,남,서울,0
12392,40.0,3000.0,nan,서울,0
12393,20.0,4000.0,남,부산,0
12394,30.0,4000.0,여,대구,0
12395,20.0,6000.0,nan,대구,0
12396,40.0,6000.0,nan,서울,1
12397,50.0,6000.0,nan,서울,0
12398,50.0,3000.0,남,부산,0
12399,40.0,6000.0,여,서울,0
12400,40.0,6000.0,여,서울,0
12401,30.0,,nan,서울,1
12402,,3000.0,nan,서울,0
12403,20.0,5000.0,여,부산,0
12404,20.0,5000.0,남,대구,1
12405,50.0,,nan,대구,1
12406,50.0,4000.0,남,대구,1
12407,30.0,5000.0,남,대구,0
12408,40.0,3000.0,여,대구,1
12409,20.0,4000.0,여,서울,0
12410,30.0,6000.0,남,대구,0
12411,50.0,3000.0,남,서울,1
12412,50.0,4000.0,여,대구,0
12413,20.0,5000.0,nan,대구,0
12414,50.0,6000.0,남,서울,1
12415,50.0,6000.0,nan,대구,0
12416,,3000.0,남,서울,0
12417,40.0,6000.0,여,부산,0
12418,50.0,4000.0,nan,부산,0
12419,,,여,부산,0
12420,30.0,5000.0,남,대구,1
12421,50.0,3000.0,여,대구,1
12422,30.0,,nan,대구,0
12423,50.0,,여,대구,0
12424,20.0,3000.0,nan,서울,0
12425,,4000.0,여,부산,0
12426,,5000.0,여,서울,0
12427,20.0,3000.0,nan,부산,0
12428,40.0,,nan,부산,1
12429,,,nan,서울,1
12430,30.0,3000.0,남,서울,0
12431,,,여,서울,0
12432,40.0,3000.0,nan,부산,0
12433,30.0,3000.0,남,서울,0
12434,30.0,5000.0,남,대구,1
12435,20.0,3000.0,nan,서울,0
12436,50.0,,nan,부산,0
12437,20.0,6000.0,nan,부산,0
12438,50.0,5000.0,남,서울,1
12439,20.0,,남,서울,0
12440,50.0,,여,부산,0
12441,,5000.0,남,부산,1
12442,30.0,5000.0,nan,서울,0
12443,50.0,,여,대구,1
12444,,6000.0,여,대구,0
12445,40.0,4000.0,여,대구,0
12446,20.0,,여,부산,1
12447,40.0,5000.0,nan,대구,0
12448,,3000.0,여,대구,1
12449,40.0,3000.0,nan,서울,1
12450,40.0,5000.0,남,서울,0
12451,,5000.0,nan,대구,0
12452,30.0,4000.0,여,부산,0
12453,50.0,5000.0,남,대구,0
12454,20.0,3000.0,남,서울,0
12455,50.0,6000.0,남,서울,0
12456,20.0,5000.0,여,서울,0
12457,50.0,4000.0,nan,대구,1
12458,40.0,6000.0,nan,부산,1
12459,30.0,4000.0,여,대구,0
12460,40.0,6000.0,여,서울,0
12461,30.0,5000.0,남,서울,0
12462,,3000.0,nan,서울,1
12463,20.0,6000.0,여,서울,0
12464,20.0,,여,대구,1
12465,,4000.0,nan,대구,1
12466,50.0,6000.0,남,부산,1
12467,,4000.0,남,서울,0
12468,,3000.0,남,대구,0
12469,30.0,4000.0,nan,대구,1
12470,,4000.0,여,서울,0
12471,20.0,,여,대구,0
12472,40.0,4000.0,여,서울,0
12473,30.0,6000.0,여,부산,0
12474,30.0,4000.0,nan,서울,1
12475,50.0,5000.0,남,서울,0
12476,40.0,4000.0,남,대구,1
12477,30.0,5000.0,남,부산,0
12478,,4000.0,남,부산,0
12479,30.0,4000.0,여,대구,1
12480,30.0,6000.0,여,부산,1
12481,30.0,5000.0,nan,부산,1
12482,50.0,5000.0,남,서울,1
12483,30.0,,여,대구,0
12484,30.0,4000.0,여,부산,0
12485,50.0,4000.0,여,부산,0
12486,40.0,6000.0,남,부산,0
12487,20.0,,여,서울,0
12488,50.0,,남,서울,0
12489,50.0,6000.0,남,대구,0
12490,30.0,5000.0,nan,대구,0
12491,30.0,3000.0,nan,서울,0
12492,20.0,6000.0,남,대구,0
12493,30.0,5000.0,남,대구,1
12494,,,남,대구,0
12495,30.0,6000.0,여,서울,0
12496,30.0,3000.0,여,서울,1
12497,,4000.0,여,부산,0
12498,20.0,6000.0,nan,부산,1
12499,,3000.0,남,부산,0
12500,50.0,3000.0,여,부산,0
12501,,6000.0,여,대구,0
12502,40.0,5000.0,nan,대구,1
12503,50.0,6000.0,nan,서울,0
12504,30.0,,남,대구,0
12505,50.0,3000.0,남,대구,1
12506,20.0,3000.0,여,대구,1
12507,20.0,4000.0,여,부산,1
12508,,3000.0,여,서울,1
12509,50.0,4000.0,여,부산,1
12510,30.0,3000.0,여,대구,0
12511,20.0,3000.0,nan,대구,0
12512,30.0,6000.0,남,서울,1
12513,40.0,6000.0,nan,부산,0
12514,20.0,,남,대구,0
12515,,5000.0,남,서울,0
12516,40.0,,남,대구,0
12517,50.0,3000.0,nan,대구,0
12518,30.0,,여,서울,1
12519,20.0,6000.0,남,서울,1
12520,40.0,3000.0,남,대구,0
12521,40.0,3000.0,nan,서울,1
12522,20.0,,nan,대구,0
12523,50.0,4000.0,여,부산,0
12524,50.0,5000.0,여,대구,0
12525,,,남,서울,0
12526,50.0,,nan,부산,1
12527,,5000.0,여,서울,0
12528,40.0,3000.0,여,대구,0
12529,20.0,3000.0,여,서울,0
12530,50.0,4000.0,nan,대구,1
12531,,,nan,서울,1
12532,40.0,5000.0,nan,서울,0
12533,50.0,,nan,대구,1
12534,30.0,6000.0,nan,부산,0
12535,40.0,,남,대구,0
12536,50.0,,남,부산,0
12537,40.0,6000.0,nan,부산,0
12538,20.0,6000.0,남,부산,1
12539,20.0,5000.0,nan,부산,1
12540,20.0,3000.0,남,대구,0
12541,30.0,4000.0,남,대구,0
12542,20.0,6000.0,여,부산,0
12543,30.0,3000.0,nan,부산,1
12544,20.0,5000.0,남,부산,0
12545,40.0,,남,부산,0
12546,50.0,5000.0,여,부산,1
12547,50.0,5000.0,남,부산,0
12548,20.0,6000.0,여,서울,1
12549,50.0,4000.0,남,부산,0
12550,20.0,6000.0,여,서울,0
12551,20.0,,여,대구,1
12552,,6000.0,nan,대구,0
12553,,,nan,부산,0
12554,,6000.0,남,대구,1
12555,30.0,4000.0,nan,대구,0
12556,,3000.0,nan,부산,0
12557,20.0,4000.0,nan,대구,0
12558,40.0,6000.0,남,대구,0
12559,,5000.0,남,부산,0
12560,,3000.0,nan,부산,0
12561,40.0,5000.0,nan,부산,0
12562,20.0,4000.0,남,서울,0
12563,30.0,3000.0,nan,부산,0
12564,,6000.0,여,대구,0
12565,40.0,5000.0,남,부산,0
12566,20.0,6000.0,남,서울,0
12567,50.0,,여,대구,0
12568,30.0,3000.0,nan,서울,0
12569,40.0,5000.0,여,대구,0
12570,40.0,4000.0,nan,부산,0
12571,40.0,4000.0,nan,서울,0
12572,,4000.0,남,부산,1
12573,50.0,4000.0,남,대구,0
12574,30.0,5000.0,nan,부산,1
12575,20.0,,여,부산,0
12576,20.0,4000.0,남,대구,1
12577,50.0,4000.0,nan,서울,0
12578,40.0,4000.0,남,대구,0
12579,40.0,,남,대구,1
12580,40.0,3000.0,남,부산,0
12581,40.0,4000.0,여,대구,0
12582,40.0,4000.0,여,서울,0
12583,50.0,4000.0,nan,대구,1
12584,,3000.0,여,대구,1
12585,30.0,4000.0,nan,부산,0
12586,40.0,3000.0,nan,서울,0
12587,,3000.0,남,부산,0
12588,20.0,6000.0,남,부산,0
12589,50.0,6000.0,여,서울,0
12590,,4000.0,nan,서울,0
12591,40.0,5000.0,nan,대구,0
12592,40.0,6000.0,남,서울,0
12593,40.0,6000.0,남,부산,0
12594,,5000.0,남,서울,0
12595,40.0,,여,서울,1
12596,,4000.0,nan,서울,0
12597,40.0,,nan,부산,0
12598,20.0,,nan,대구,0
12599,20.0,3000.0,남,대구,1
12600,30.0,3000.0,여,부산,0
12601,40.0,4000.0,여,대구,0
12602,40.0,5000.0,남,대구,1
12603,,3000.0,여,부산,0
12604,,6000.0,여,부산,0
12605,40.0,4000.0,nan,대구,0
12606,30.0,,남,서울,0
12607,40.0,4000.0,남,대구,0
12608,,3000.0,남,서울,0
12609,40.0,5000.0,남,부산,0
12610,,,nan,서울,1
12611,40.0,5000.0,여,서울,1
12612,50.0,4000.0,여,서울,0
12613,,5000.0,nan,부산,0
12614,30.0,5000.0,여,대구,1
12615,50.0,4000.0,남,대구,0
12616,40.0,,nan,서울,1
12617,,5000.0,nan,대구,0
12618,50.0,5000.0,남,부산,1
12619,30.0,4000.0,남,부산,1
12620,,6000.0,남,부산,0
12621,50.0,5000.0,여,부산,0
12622,50.0,3000.0,남,대구,0
12623,50.0,,nan,서울,0
12624,20.0,5000.0,여,서울,1
12625,40.0,4000.0,여,서울,0
12626,,3000.0,nan,부산,1
12627,,4000.0,여,대구,1
12628,,5000.0,남,대구,0
12629,50.0,3000.0,남,대구,0
12630,40.0,,남,대구,0
12631,30.0,,남,대구,0
12632,,,여,대구,1
12633,40.0,6000.0,nan,서울,0
12634,40.0,4000.0,여,부산,0
12635,20.0,5000.0,nan,서울,1
12636,,3000.0,nan,대구,0
12637,50.0,4000.0,남,부산,0
12638,40.0,5000.0,여,부산,1
12639,40.0,6000.0,남,부산,0
12640,30.0,5000.0,여,부산,1
12641,20.0,4000.0,여,대구,1
12642,40.0,5000.0,남,대구,0
12643,40.0,3000.0,여,부산,0
12644,50.0,6000.0,남,대구,0
12645,50.0,3000.0,nan,부산,0
12646,30.0,6000.0,남,대구,0
12647,30.0,6000.0,여,부산,0
12648,30.0,5000.0,여,대구,1
12649,50.0,3000.0,nan,서울,0
12650,50.0,6000.0,nan,서울,1
12651,20.0,6000.0,nan,대구,0
12652,,5000.0,남,대구,0
12653,,4000.0,남,서울,1
12654,20.0,4000.0,여,대구,1
12655,,,nan,부산,0
12656,50.0,,nan,대구,0
12657,,6000.0,남,대구,0
12658,50.0,4000.0,여,서울,0
12659,20.0,6000.0,nan,서울,1
12660,30.0,3000.0,남,대구,1
12661,20.0,4000.0,남,부산,0
12662,,4000.0,nan,대구,0
12663,50.0,4000.0,nan,부산,0
12664,,,여,부산,1
12665,,5000.0,nan,대구,0
12666,30.0,5000.0,남,부산,1
12667,,,nan,서울,1
12668,30.0,,nan,부산,0
12669,50.0,,여,부산,1
12670,50.0,5000.0,남,부산,0
12671,30.0,6000.0,nan,서울,0
12672,20.0,,남,서울,0
12673,50.0,6000.0,여,대구,1
12674,20.0,6000.0,남,부산,0
12675,50.0,3000.0,nan,서울,1
12676,50.0,5000.0,nan,부산,0
12677,40.0,6000.0,여,부산,0
12678,,5000.0,여,대구,1
12679,,5000.0,여,부산,1
12680,20.0,3000.0,남,서울,0
12681,,5000.0,남,대구,0
12682,20.0,6000.0,남,대구,0
12683,50.0,4000.0,남,부산,0
12684,40.0,6000.0,여,부산,1
12685,40.0,6000.0,남,서울,0
12686,50.0,5000.0,남,부산,1
12687,30.0,6000.0,남,서울,0
12688,30.0,4000.0,남,부산,0
12689,,5000.0,여,서울,0
12690,20.0,,여,부산,0
12691,40.0,6000.0,nan,대구,0
12692,,6000.0,nan,서울,1
12693,50.0,3000.0,남,대구,0
12694,40.0,,남,대구,0
12695,20.0,,여,대구,0
12696,20.0,4000.0,nan,대구,0
12697,30.0,,남,서울,0
12698,,3000.0,nan,부산,1
12699,50.0,4000.0,nan,대구,0
12700,40.0,,nan,부산,0
12701,20.0,4000.0,여,서울,0
12702,40.0,,남,부산,0
12703,50.0,,남,서울,0
12704,40.0,,여,부산,0
12705,,6000.0,여,서울,1
12706,30.0,,여,서울,0
12707,40.0,6000.0,nan,부산,0
12708,30.0,5000.0,nan,대구,0
12709,50.0,3000.0,남,대구,0
12710,30.0,4000.0,남,부산,0
12711,40.0,4000.0,nan,대구,1
12712,40.0,5000.0,nan,대구,0
12713,20.0,,여,서울,1
12714,40.0,3000.0,nan,부산,0
12715,30.0,5000.0,남,대구,0
12716,20.0,5000.0,남,대구,1
12717,40.0,4000.0,여,대구,1
12718,40.0,6000.0,여,부산,0
12719,50.0,6000.0,남,대구,0
12720,20.0,,nan,대구,0
12721,50.0,,nan,대구,0
12722,50.0,5000.0,남,서울,1
12723,50.0,,nan,부산,0
12724,,6000.0,nan,대구,0
12725,50.0,3000.0,남,서울,0
12726,30.0,4000.0,남,부산,0
12727,40.0,6000.0,여,서울,0
12728,,,남,서울,0
12729,50.0,4000.0,여,부산,0
12730,40.0,4000.0,여,대구,0
12731,20.0,5000.0,nan,대구,0
12732,20.0,,남,서울,1
12733,40.0,5000.0,nan,부산,0
12734,30.0,4000.0,남,부산,0
12735,40.0,5000.0,남,대구,1
12736,40.0,,nan,서울,1
12737,,6000.0,여,대구,0
12738,20.0,3000.0,남,부산,0
12739,20.0,6000.0,여,부산,0
12740,50.0,4000.0,nan,대구,0
12741,40.0,6000.0,nan,대구,0
12742,40.0,5000.0,남,부산,0
12743,30.0,,nan,서울,0
12744,20.0,6000.0,남,부산,1
12745,30.0,6000.0,남,서울,0
12746,,,남,대구,1
12747,50.0,5000.0,남,대구,1
12748,30.0,3000.0,남,서울,1
12749,20.0,6000.0,nan,부산,0
12750,,4000.0,남,부산,1
12751,40.0,5000.0,여,서울,0
12752,,5000.0,남,서울,0
12753,30.0,6000.0,남,서울,0
12754,20.0,,남,서울,1
12755,30.0,6000.0,nan,부산,0
12756,40.0,6000.0,여,대구,0
12757,40.0,,여,부산,1
12758,20.0,4000.0,여,서울,0
12759,50.0,,nan,부산,0
12760,,6000.0,nan,서울,0
12761,,3000.0,남,서울,0
12762,40.0,,nan,서울,0
12763,30.0,4000.0,여,서울,0
12764,30.0,,여,부산,0
12765,50.0,,nan,서울,1
12766,30.0,5000.0,nan,부산,0
12767,,5000.0,여,부산,1
12768,30.0,6000.0,여,대구,0
12769,50.0,6000.0,여,부산,1
12770,,,여,대구,0
12771,30.0,3000.0,여,대구,1
12772,,6000.0,nan,대구,0
12773,40.0,,nan,부산,0
12774,40.0,,남,대구,0
12775,40.0,,남,서울,0
12776,30.0,,남,부산,0
12777,50.0,,nan,서울,1
12778,,5000.0,남,부산,0
12779,20.0,4000.0,남,대구,1
12780,40.0,4000.0,nan,대구,1
12781,40.0,,여,부산,1
12782,20.0,6000.0,nan,대구,0
12783,20.0,3000.0,nan,서울,0
12784,30.0,,여,서울,0
12785,,3000.0,남,대구,0
12786,40.0,5000.0,nan,부산,0
12787,50.0,4000.0,nan,부산,0
12788,30.0,5000.0,여,서울,0
12789,30.0,6000.0,nan,대구,0
12790,50.0,6000.0,남,대구,0
12791,50.0,,여,서울,0
12792,50.0,6000.0,nan,부산,0
12793,20.0,6000.0,남,대구,0
12794,40.0,5000.0,남,부산,0
12795,20.0,3000.0,nan,부산,1
12796,40.0,4000.0,남,서울,1
12797,20.0,6000.0,여,부산,1
12798,,6000.0,남,서울,0
12799,40.0,5000.0,여,대구,0
12800,30.0,4000.0,여,부산,1
12801,40.0,5000.0,여,서울,1
12802,40.0,3000.0,nan,서울,1
12803,40.0,5000.0,남,부산,1
12804,,4000.0,nan,서울,0
12805,20.0,4000.0,nan,대구,1
12806,30.0,6000.0,여,부산,0
12807,20.0,3000.0,nan,대구,0
12808,20.0,,남,서울,0
12809,50.0,6000.0,nan,대구,0
12810,,5000.0,nan,서울,0
12811,50.0,5000.0,여,서울,0
12812,,4000.0,여,대구,0
12813,20.0,4000.0,nan,부산,0
12814,20.0,4000.0,여,부산,0
12815,,,nan,부산,0
12816,20.0,,남,대구,1
12817,20.0,6000.0,남,대구,0
12818,30.0,,여,대구,0
12819,50.0,4000.0,남,대구,0
12820,50.0,6000.0,남,부산,0
12821,50.0,6000.0,nan,부산,0
12822,40.0,3000.0,여,서울,0
12823,30.0,,남,대구,0
12824,50.0,5000.0,여,부산,0
12825,50.0,5000.0,여,부산,0
12826,30.0,3000.0,여,부산,0
12827,20.0,4000.0,남,부산,1
12828,50.0,3000.0,여,부산,0
12829,20.0,4000.0,여,부산,1
12830,50.0,,nan,대구,1
12831,,,nan,서울,1
12832,40.0,6000.0,nan,서울,1
12833,50.0,6000.0,nan,대구,0
12834,,6000.0,여,부산,0
12835,30.0,6000.0,nan,대구,1
12836,,5000.0,nan,부산,0
12837,30.0,6000.0,남,부산,0
12838,50.0,6000.0,nan,부산,0
12839,30.0,6000.0,nan,부산,1
12840,,4000.0,남,부산,0
12841,40.0,6000.0,여,대구,0
12842,20.0,3000.0,여,대구,1
12843,20.0,6000.0,남,서울,0
12844,40.0,6000.0,남,부산,0
12845,20.0,5000.0,여,대구,0
12846,50.0,6000.0,nan,대구,0
12847,50.0,4000.0,남,부산,0
12848,,,남,부산,0
12849,,6000.0,남,대구,1
12850,30.0,6000.0,여,부산,1
12851,,6000.0,여,대구,0
12852,50.0,5000.0,여,서울,1
12853,,,여,부산,0
12854,20.0,5000.0,여,서울,0
12855,30.0,5000.0,nan,서울,1
12856,30.0,5000.0,nan,서울,0
12857,50.0,4000.0,여,부산,1
12858,,,여,서울,0
12859,20.0,4000.0,여,대구,0
12860,,4000.0,남,대구,0
12861,40.0,,남,부산,0
12862,,4000.0,여,부산,0
12863,50.0,,여,서울,0
12864,,6000.0,남,부산,0
12865,30.0,5000.0,남,대구,1
12866,20.0,4000.0,남,대구,1
12867,50.0,,남,대구,0
12868,40.0,3000.0,남,부산,0
12869,20.0,4000.0,여,대구,0
12870,20.0,4000.0,여,부산,1
12871,30.0,,남,서울,0
12872,30.0,3000.0,여,대구,0
12873,30.0,3000.0,남,서울,1
12874,50.0,6000.0,남,대구,0
12875,,4000.0,남,대구,0
12876,20.0,5000.0,여,대구,0
12877,,4000.0,여,서울,1
12878,,5000.0,여,대구,0
12879,30.0,5000.0,여,서울,1
12880,,,nan,부산,0
12881,20.0,4000.0,남,대구,1
12882,20.0,,남,대구,0
12883,40.0,6000.0,여,서울,0
12884,50.0,5000.0,여,대구,1
12885,,3000.0,nan,부산,0
12886,50.0,5000.0,남,대구,0
12887,50.0,6000.0,남,부산,1
12888,50.0,5000.0,여,부산,0
12889,50.0,,여,대구,1
12890,20.0,4000.0,nan,대구,0
12891,,3000.0,남,부산,0
12892,40.0,,nan,부산,0
12893,50.0,4000.0,남,부산,1
12894,40.0,3000.0,여,대구,0
12895,20.0,6000.0,nan,서울,0
12896,20.0,5000.0,여,대구,0
12897,30.0,3000.0,남,서울,0
12898,50.0,6000.0,남,서울,0
12899,30.0,4000.0,nan,대구,0
12900,40.0,3000.0,여,서울,0
12901,,6000.0,남,부산,0
12902,30.0,4000.0,남,대구,1
12903,20.0,,nan,서울,1
12904,50.0,5000.0,nan,부산,0
12905,40.0,6000.0,여,서울,0
12906,20.0,,nan,서울,0
12907,,4000.0,남,부산,0
12908,50.0,3000.0,여,부산,1
12909,,5000.0,여,대구,0
12910,,4000.0,여,서울,0
12911,50.0,6000.0,남,대구,0
12912,50.0,5000.0,nan,대구,1
12913,,,여,서울,1
12914,40.0,5000.0,남,서울,0
12915,50.0,,nan,대구,1
12916,20.0,4000.0,여,부산,0
12917,30.0,3000.0,nan,대구,1
12918,40.0,5000.0,nan,서울,0
12919,50.0,3000.0,nan,부산,1
12920,50.0,3000.0,남,대구,0
12921,40.0,5000.0,여,서울,0
12922,30.0,5000.0,여,부산,0
12923,,3000.0,여,부산,0
12924,20.0,6000.0,남,부산,0
12925,50.0,6000.0,nan,서울,1
12926,30.0,5000.0,남,대구,0
12927,20.0,3000.0,여,서울,0
12928,40.0,3000.0,nan,서울,0
12929,50.0,4000.0,남,부산,0
12930,,3000.0,남,대구,1
12931,40.0,6000.0,남,부산,1
12932,50.0,4000.0,남,서울,1
12933,30.0,6000.0,nan,부산,1
12934,20.0,,남,서울,1
12935,20.0,5000.0,nan,서울,0
12936,50.0,,남,서울,0
12937,40.0,5000.0,여,부산,1
12938,,6000.0,남,대구,0
12939,30.0,6000.0,남,부산,1
12940,50.0,,여,서울,1
12941,30.0,5000.0,nan,부산,0
12942,20.0,5000.0,남,서울,0
12943,,4000.0,남,대구,0
12944,30.0,3000.0,여,대구,1
12945,50.0,4000.0,nan,서울,1
12946,,6000.0,여,대구,0
12947,40.0,,남,서울,1
12948,50.0,5000.0,nan,부산,0
12949,30.0,4000.0,남,부산,0
12950,,,여,대구,0
12951,50.0,,남,대구,0
12952,,3000.0,여,서울,0
12953,,5000.0,여,대구,0
12954,,,nan,대구,0
12955,30.0,5000.0,여,대구,1
12956,50.0,4000.0,nan,서울,0
12957,20.0,,nan,부산,0
12958,20.0,,nan,서울,0
12959,30.0,4000.0,nan,서울,1
12960,30.0,5000.0,nan,대구,1
12961,,5000.0,여,부산,1
12962,50.0,,여,서울,0
12963,50.0,4000.0,nan,대구,0
12964,40.0,6000.0,여,서울,0
12965,40.0,5000.0,nan,대구,0
12966,20.0,6000.0,여,부산,0
12967,40.0,,nan,부산,0
12968,40.0,6000.0,남,대구,0
12969,20.0,6000.0,남,서울,1
12970,20.0,5000.0,nan,서울,0
12971,40.0,,여,부산,0
12972,50.0,6000.0,nan,서울,0
12973,40.0,5000.0,여,대구,1
12974,,6000.0,nan,대구,0
12975,,5000.0,nan,대구,0
12976,,,여,부산,0
12977,30.0,4000.0,여,부산,0
12978,,5000.0,nan,부산,0
12979,50.0,5000.0,남,대구,0
12980,30.0,6000.0,남,부산,1
12981,30.0,,남,대구,1
12982,,3000.0,남,서울,0
12983,40.0,3000.0,남,부산,0
12984,20.0,4000.0,여,서울,0
12985,40.0,,남,서울,0
12986,40.0,5000.0,여,부산,1
12987,30.0,3000.0,남,부산,0
12988,30.0,4000.0,여,서울,1
12989,30.0,,남,서울,0
12990,50.0,4000.0,남,서울,0
12991,50.0,3000.0,여,대구,1
12992,20.0,6000.0,여,서울,0
12993,30.0,6000.0,nan,대구,0
12994,,,남,부산,0
12995,30.0,4000.0,남,서울,0
12996,50.0,5000.0,여,부산,0
12997,30.0,3000.0,여,서울,1
12998,50.0,6000.0,남,부산,1
12999,30.0,6000.0,남,서울,1
